stage,run_id,model,feature_set,dataset_hash,split_hash,n_train,n_test,n_folds,parameters,cv_mae_mean,cv_mae_std,test_mae,test_rmse,test_r2,fit_seconds,cv_fit_seconds,selection_protocol,selected_by_cv,development_small_dataset,cv_improvement_over_dummy_pct,test_improvement_over_dummy_pct,cv_role,selection_cv_mae_mean,selection_cv_mae_std,selected_ensemble_by_cv,estimator,alpha
midterm,midterm_v1,dummy,structured,f9152b6d24577b2abeb5c149fd5a247a49d9c098c7d0dd50202ed8d1ad652739,8ad5db3c3f606ef862fdbf8c72c215da93a8ec786ac208351370f8180352b9df,2628,619,5,"{""strategy"": ""median""}",2.2087597050946988,0.304705450011999,2.5969806861948004,3.137334144213963,-0.017268504271779,0.043185500000618,0.2599510000000009,minimum five-fold mean MAE; exact ties use std then fixed model order,False,False,0.0,0.0,fixed_model_group_cv,,,,,
midterm,midterm_v1,linear,structured,f9152b6d24577b2abeb5c149fd5a247a49d9c098c7d0dd50202ed8d1ad652739,8ad5db3c3f606ef862fdbf8c72c215da93a8ec786ac208351370f8180352b9df,2628,619,5,"{""fit_intercept"": true}",0.8134062944141384,0.1199851141310162,0.7137638158866878,0.8996056971842346,0.9163591494162614,0.0763275000008434,0.328633400000399,minimum five-fold mean MAE; exact ties use std then fixed model order,True,False,63.17361763989332,72.51562864210119,fixed_model_group_cv,,,,,
midterm,midterm_v1,knn,structured,f9152b6d24577b2abeb5c149fd5a247a49d9c098c7d0dd50202ed8d1ad652739,8ad5db3c3f606ef862fdbf8c72c215da93a8ec786ac208351370f8180352b9df,2628,619,5,"{""n_neighbors"": 15, ""p"": 2, ""weights"": ""distance""}",0.9142856998508346,0.0697450721907918,0.6924496228227265,0.9070607919622736,0.9149671302830852,0.0451501000006828,0.2253732000008312,minimum five-fold mean MAE; exact ties use std then fixed model order,False,False,58.606375435863214,73.33635839096935,fixed_model_group_cv,,,,,
midterm,midterm_v1,tree,structured,f9152b6d24577b2abeb5c149fd5a247a49d9c098c7d0dd50202ed8d1ad652739,8ad5db3c3f606ef862fdbf8c72c215da93a8ec786ac208351370f8180352b9df,2628,619,5,"{""criterion"": ""squared_error"", ""max_depth"": 8, ""min_samples_leaf"": 10, ""random_state"": 42}",0.8924253889934386,0.0613936686956363,0.9166726554070738,1.4127181744719444,0.7937352042291363,0.0652617999985523,0.2389127000024018,minimum five-fold mean MAE; exact ties use std then fixed model order,False,False,59.59608521764586,64.70236916739573,fixed_model_group_cv,,,,,
endterm,endterm_v1,random_forest,structured,f9152b6d24577b2abeb5c149fd5a247a49d9c098c7d0dd50202ed8d1ad652739,8ad5db3c3f606ef862fdbf8c72c215da93a8ec786ac208351370f8180352b9df,2628,619,5,"{""criterion"": ""squared_error"", ""max_depth"": null, ""max_features"": 0.8, ""min_samples_leaf"": 1, ""n_estimators"": 120, ""n_jobs"": 1, ""random_state"": 42}",0.7401611035127362,0.0802350871119543,0.7542793710652611,1.0117602798330407,0.8942039878653353,1.3216026000009151,,,True,False,,,outer_group_cv_of_search_procedure,0.7356510293177777,0.0775075510137803,True,,
endterm,endterm_v1,extra_trees,structured,f9152b6d24577b2abeb5c149fd5a247a49d9c098c7d0dd50202ed8d1ad652739,8ad5db3c3f606ef862fdbf8c72c215da93a8ec786ac208351370f8180352b9df,2628,619,5,"{""bootstrap"": false, ""criterion"": ""squared_error"", ""max_depth"": null, ""max_features"": 1.0, ""min_samples_leaf"": 3, ""n_estimators"": 120, ""n_jobs"": 1, ""random_state"": 42}",0.7909651000286887,0.0645853054325684,0.6900486735944173,0.8882297603755294,0.9184611303075844,1.7747370999986742,,,False,False,,,outer_group_cv_of_search_procedure,0.7829309353059951,0.0722040099995867,False,,
endterm,endterm_v1,mlp,structured,f9152b6d24577b2abeb5c149fd5a247a49d9c098c7d0dd50202ed8d1ad652739,8ad5db3c3f606ef862fdbf8c72c215da93a8ec786ac208351370f8180352b9df,2628,619,5,"{""activation"": ""relu"", ""alpha"": 0.01, ""batch_size"": 128, ""early_stopping"": false, ""hidden_layer_sizes"": [64, 32], ""learning_rate_init"": 0.005, ""max_iter"": 300, ""n_iter_no_change"": 25, ""random_state"": 42, ""solver"": ""adam"", ""tol"": 0.0001}",0.7968721060431387,0.0669915070228985,0.7581199226568726,0.9727576945225348,0.9022034811593092,3.102074399999765,,,False,False,,,outer_group_cv_of_search_procedure,0.7968721060431387,0.0669915070228985,False,,
final,final_v1,structured,structured,f9152b6d24577b2abeb5c149fd5a247a49d9c098c7d0dd50202ed8d1ad652739,8ad5db3c3f606ef862fdbf8c72c215da93a8ec786ac208351370f8180352b9df,2628,619,5,"{""alpha"": 10.0, ""solver"": ""lsqr""}",0.7987926455893799,0.0816496918340164,0.7046367709623288,0.8972238271157069,0.9168014718722725,0.0549104999990959,0.3229726000008668,,False,False,,,"selection CV for alpha and feature set, not an unbiased estimate of the tuning procedure",,,,Ridge,10.0
final,final_v1,structured_model,structured_model,f9152b6d24577b2abeb5c149fd5a247a49d9c098c7d0dd50202ed8d1ad652739,8ad5db3c3f606ef862fdbf8c72c215da93a8ec786ac208351370f8180352b9df,2628,619,5,"{""alpha"": 10.0, ""solver"": ""lsqr""}",0.8054874115957915,0.0758781139864129,0.6965561486603495,0.8857927922022194,0.9189079404679816,0.2033555000016349,0.7186079999992216,,False,False,,,"selection CV for alpha and feature set, not an unbiased estimate of the tuning procedure",,,,Ridge,10.0
final,final_v1,structured_engine,structured_engine,f9152b6d24577b2abeb5c149fd5a247a49d9c098c7d0dd50202ed8d1ad652739,8ad5db3c3f606ef862fdbf8c72c215da93a8ec786ac208351370f8180352b9df,2628,619,5,"{""alpha"": 10.0, ""solver"": ""lsqr""}",0.7887878761249782,0.0849500617576302,0.7195030877905325,0.913494066574697,0.9137566717770318,0.1270903999993606,0.5737354999982927,,True,False,,,"selection CV for alpha and feature set, not an unbiased estimate of the tuning procedure",,,,Ridge,10.0
final,final_v1,structured_model_engine,structured_model_engine,f9152b6d24577b2abeb5c149fd5a247a49d9c098c7d0dd50202ed8d1ad652739,8ad5db3c3f606ef862fdbf8c72c215da93a8ec786ac208351370f8180352b9df,2628,619,5,"{""alpha"": 10.0, ""solver"": ""lsqr""}",0.7958792551809578,0.0733164685083934,0.700642730475216,0.8927951863930391,0.9176207703344204,0.2319693000008555,0.985708300000624,,False,False,,,"selection CV for alpha and feature set, not an unbiased estimate of the tuning procedure",,,,Ridge,10.0
