manufacturer,model_name,canonical_base_model
Aston Martin,V12 Vantage S,vantage
Aston Martin,V8 Vantage,vantage
Aston Martin,V8 Vantage S,vantage
Aston Martin,Vantage,vantage
Aston Martin,Vantage GT,vantage
Aston Martin,Vantage Manual,vantage
Aston Martin,Vantage V12,vantage
Aston Martin,Vantage V8,vantage
Audi,RS 3,rs
Audi,RS 5,rs
Audi,RS 5 Cabriolet,rs
Audi,RS 5 Sportback,rs
Audi,TT Coupe quattro,tt
Audi,TT Roadster quattro,tt
Audi,TTS Coupe,tts
Audi,TTS Coupe quattro,tts
Bentley,Continental GT,continental
Bentley,Continental GT Convertible,continental
Bentley,Continental GT Convertible Speed,continental
Bentley,Continental GT Speed,continental
Bentley,Continental GT Speed Convertible,continental
Bentley,Continental GT V8 Convertible,continental
Bentley,Continental GT3-R,continental
Bentley,Continental GTC,continental
BMW,840i Coupe,8 series
BMW,840i xDrive Coupe,8 series
BMW,840i xDrive Gran Coupe,8 series
BMW,M2,8 series
BMW,M2 Competition,8 series
BMW,M2 Coupe,8 series
BMW,M240i Convertible,8 series
BMW,M240i xDrive Convertible,8 series
BMW,M3,8 series
BMW,M3 Competition Sedan,8 series
BMW,M4 Competition Coupe,8 series
BMW,M4 Convertible Competition,8 series
BMW,M4 Coupe,8 series
BMW,M4 CS,8 series
BMW,M5 Competition,8 series
BMW,M5 Competition Sedan,8 series
BMW,M6 Gran Coupe,8 series
BMW,M8 Competition Convertible,8 series
BMW,M8 Convertible,8 series
BMW,M850i xDrive Convertible,8 series
Fiat,500,500
Fiat,500 Abarth,500
Fiat,500 L,500
Fiat,500X AWD,500
Lexus,RC 300,rc
Lexus,RC 300 AWD,rc
Lexus,RC 350,rc
Lexus,RC 350 AWD,rc
Lexus,RC F,rc
MINI,Cooper Countryman,countryman
MINI,Cooper Countryman All4,countryman
MINI,Cooper S Countryman,countryman
MINI,Cooper S Countryman All4,countryman
MINI,Countryman S All4,countryman
MINI,JCW Convertible,countryman
MINI,JCW Countryman All4,countryman
MINI,JCW Hardtop 2 Door,countryman
MINI,John Cooper Works Clubman All4,countryman
MINI,John Cooper Works Convertible,countryman
MINI,John Cooper Works Coupe,countryman
MINI,John Cooper Works Hardtop,countryman
MINI,John Cooper Works Hardtop 2 door,countryman
Nissan,Rogue AWD,rogue
Nissan,Rogue AWD Rock Creek,rogue
Nissan,Rogue AWD SL/Platinum,rogue
Nissan,Rogue FWD,rogue
Nissan,Rogue FWD SL/Platinum,rogue
Nissan,Rogue Select FWD,rogue
Nissan,Rogue Sport,rogue
Nissan,Rogue Sport AWD,rogue
Roush Performance,Mustang,mustang
Roush Performance,Stage 3 Mustang,mustang
Subaru,Impreza,impreza
Subaru,Impreza 4-Door,impreza
Subaru,Impreza 5-Door,impreza
Subaru,Impreza AWD,impreza
Subaru,Impreza Sport 4-Door,impreza
Subaru,Impreza Sport 5-Door,impreza
Subaru,Impreza Sport AWD,impreza
Subaru,Impreza Wagon AWD,impreza
Subaru,Legacy AWD,legacy
Subaru,Outback AWD,legacy
