vehicle_id,raw_file,accepted,reasons,audit_flags
35031,vehicles/35031.json,False,secondary_fuel_present|alternative_technology_present,
35036,vehicles/35036.json,False,secondary_fuel_present|alternative_technology_present|vehicle_class_out_of_scope,
35068,vehicles/35068.json,False,secondary_fuel_present|alternative_technology_present,
35453,vehicles/35453.json,False,vehicle_class_out_of_scope,missing_optional:engine_description
35454,vehicles/35454.json,False,vehicle_class_out_of_scope,missing_optional:engine_description
35455,vehicles/35455.json,False,vehicle_class_out_of_scope,missing_optional:engine_description
35456,vehicles/35456.json,False,vehicle_class_out_of_scope,missing_optional:engine_description
35463,vehicles/35463.json,False,vehicle_class_out_of_scope,missing_optional:engine_description
35526,vehicles/35526.json,False,alternative_technology_present|electric_motor_present|hybrid_text_signal,missing_optional:engine_description
35556,vehicles/35556.json,False,alternative_technology_present|electric_motor_present,missing_optional:engine_description
35627,vehicles/35627.json,False,alternative_technology_present|electric_motor_present|hybrid_text_signal,
35657,vehicles/35657.json,False,alternative_technology_present|electric_motor_present|hybrid_text_signal,
35658,vehicles/35658.json,False,alternative_technology_present|electric_motor_present|hybrid_text_signal,
35667,vehicles/35667.json,False,alternative_technology_present|electric_motor_present|hybrid_text_signal,
35679,vehicles/35679.json,False,vehicle_class_out_of_scope,missing_optional:engine_description
35680,vehicles/35680.json,False,vehicle_class_out_of_scope,missing_optional:engine_description
35682,vehicles/35682.json,False,secondary_fuel_present|alternative_technology_present|vehicle_class_out_of_scope,
35686,vehicles/35686.json,False,vehicle_class_out_of_scope,missing_optional:engine_description
35736,vehicles/35736.json,False,alternative_technology_present|electric_motor_present|hybrid_text_signal,missing_optional:engine_description
35738,vehicles/35738.json,False,alternative_technology_present|electric_motor_present|hybrid_text_signal,missing_optional:engine_description
35780,vehicles/35780.json,False,alternative_technology_present|electric_motor_present|hybrid_text_signal,missing_optional:engine_description
35886,vehicles/35886.json,False,primary_fuel_out_of_scope|alternative_technology_present,
35918,vehicles/35918.json,False,vehicle_class_out_of_scope,
35919,vehicles/35919.json,False,vehicle_class_out_of_scope,
35922,vehicles/35922.json,False,vehicle_class_out_of_scope,
35923,vehicles/35923.json,False,vehicle_class_out_of_scope,
35924,vehicles/35924.json,False,secondary_fuel_present|alternative_technology_present|vehicle_class_out_of_scope,
35925,vehicles/35925.json,False,secondary_fuel_present|alternative_technology_present|vehicle_class_out_of_scope,
35970,vehicles/35970.json,False,primary_fuel_out_of_scope|alternative_technology_present|electric_motor_present|insufficient_engine_specs,missing_optional:displacement_l|missing_optional:cylinders|missing_optional:engine_description
41214,vehicles/41214.json,False,alternative_technology_present|electric_motor_present|hybrid_text_signal,
41387,vehicles/41387.json,False,vehicle_class_out_of_scope,
41468,vehicles/41468.json,False,vehicle_class_out_of_scope,
41469,vehicles/41469.json,False,secondary_fuel_present|alternative_technology_present|vehicle_class_out_of_scope,
41471,vehicles/41471.json,False,secondary_fuel_present|alternative_technology_present|vehicle_class_out_of_scope,
41472,vehicles/41472.json,False,vehicle_class_out_of_scope,missing_optional:engine_description
41474,vehicles/41474.json,False,vehicle_class_out_of_scope,missing_optional:engine_description
41648,vehicles/41648.json,False,alternative_technology_present|electric_motor_present|hybrid_text_signal,
41649,vehicles/41649.json,False,alternative_technology_present|electric_motor_present|hybrid_text_signal,
41716,vehicles/41716.json,False,alternative_technology_present|electric_motor_present|hybrid_text_signal,
41832,vehicles/41832.json,False,vehicle_class_out_of_scope,missing_optional:engine_description
41895,vehicles/41895.json,False,vehicle_class_out_of_scope,
41899,vehicles/41899.json,False,secondary_fuel_present|alternative_technology_present|electric_motor_present|phev_blended|hybrid_text_signal,
41917,vehicles/41917.json,False,alternative_technology_present|electric_motor_present|hybrid_text_signal,
42016,vehicles/42016.json,False,alternative_technology_present|electric_motor_present|hybrid_text_signal,
42032,vehicles/42032.json,False,vehicle_class_out_of_scope,
42033,vehicles/42033.json,False,vehicle_class_out_of_scope,
42034,vehicles/42034.json,False,vehicle_class_out_of_scope,missing_optional:engine_description
42135,vehicles/42135.json,False,alternative_technology_present|electric_motor_present|hybrid_text_signal,
42169,vehicles/42169.json,False,secondary_fuel_present|alternative_technology_present|vehicle_class_out_of_scope,
42178,vehicles/42178.json,False,vehicle_class_out_of_scope,
42187,vehicles/42187.json,False,alternative_technology_present|electric_motor_present|hybrid_text_signal,
42258,vehicles/42258.json,False,alternative_technology_present|electric_motor_present|hybrid_text_signal,
42338,vehicles/42338.json,False,vehicle_class_out_of_scope,
42342,vehicles/42342.json,False,vehicle_class_out_of_scope,
42397,vehicles/42397.json,False,vehicle_class_out_of_scope,
42400,vehicles/42400.json,False,vehicle_class_out_of_scope,
42479,vehicles/42479.json,False,alternative_technology_present|electric_motor_present|hybrid_text_signal,
42480,vehicles/42480.json,False,secondary_fuel_present|alternative_technology_present|electric_motor_present|phev_blended|hybrid_text_signal,
42502,vehicles/42502.json,False,alternative_technology_present|electric_motor_present|hybrid_text_signal,
42518,vehicles/42518.json,False,primary_fuel_out_of_scope|alternative_technology_present|vehicle_class_out_of_scope,missing_optional:engine_description
42519,vehicles/42519.json,False,primary_fuel_out_of_scope|alternative_technology_present|vehicle_class_out_of_scope,missing_optional:engine_description
47535,vehicles/47535.json,False,primary_fuel_out_of_scope|alternative_technology_present|electric_motor_present|insufficient_engine_specs,missing_optional:displacement_l|missing_optional:cylinders
47538,vehicles/47538.json,False,primary_fuel_out_of_scope|alternative_technology_present|electric_motor_present|insufficient_engine_specs,missing_optional:displacement_l|missing_optional:cylinders
47950,vehicles/47950.json,False,alternative_technology_present|electric_motor_present|hybrid_text_signal,
47957,vehicles/47957.json,False,alternative_technology_present|electric_motor_present|hybrid_text_signal,
48018,vehicles/48018.json,False,alternative_technology_present|electric_motor_present|hybrid_text_signal,
48246,vehicles/48246.json,False,vehicle_class_out_of_scope,
48247,vehicles/48247.json,False,vehicle_class_out_of_scope,
48254,vehicles/48254.json,False,vehicle_class_out_of_scope,
48497,vehicles/48497.json,False,alternative_technology_present|electric_motor_present|hybrid_text_signal,
48503,vehicles/48503.json,False,alternative_technology_present|electric_motor_present|hybrid_text_signal,
48510,vehicles/48510.json,False,vehicle_class_out_of_scope,
48511,vehicles/48511.json,False,vehicle_class_out_of_scope,
48512,vehicles/48512.json,False,alternative_technology_present|electric_motor_present|hybrid_text_signal|vehicle_class_out_of_scope,
48601,vehicles/48601.json,False,alternative_technology_present|electric_motor_present|hybrid_text_signal,
48609,vehicles/48609.json,False,alternative_technology_present|electric_motor_present|hybrid_text_signal,
48706,vehicles/48706.json,False,primary_fuel_out_of_scope|alternative_technology_present|electric_motor_present|vehicle_class_out_of_scope|insufficient_engine_specs,missing_optional:displacement_l|missing_optional:cylinders|missing_optional:engine_description
48858,vehicles/48858.json,False,alternative_technology_present|electric_motor_present|hybrid_text_signal,
48869,vehicles/48869.json,False,alternative_technology_present|electric_motor_present|hybrid_text_signal|vehicle_class_out_of_scope,
48873,vehicles/48873.json,False,alternative_technology_present|electric_motor_present|hybrid_text_signal|vehicle_class_out_of_scope,
48877,vehicles/48877.json,False,vehicle_class_out_of_scope,
48892,vehicles/48892.json,False,vehicle_class_out_of_scope,
48893,vehicles/48893.json,False,vehicle_class_out_of_scope,
48894,vehicles/48894.json,False,vehicle_class_out_of_scope,
48895,vehicles/48895.json,False,vehicle_class_out_of_scope,
48896,vehicles/48896.json,False,vehicle_class_out_of_scope,
48897,vehicles/48897.json,False,alternative_technology_present|electric_motor_present|hybrid_text_signal|vehicle_class_out_of_scope,
48898,vehicles/48898.json,False,vehicle_class_out_of_scope,
48948,vehicles/48948.json,False,alternative_technology_present|electric_motor_present|hybrid_text_signal,
48972,vehicles/48972.json,False,alternative_technology_present|electric_motor_present|hybrid_text_signal,
48973,vehicles/48973.json,False,alternative_technology_present|electric_motor_present|hybrid_text_signal,
49014,vehicles/49014.json,False,secondary_fuel_present|alternative_technology_present|electric_motor_present|phev_blended|hybrid_text_signal,
49046,vehicles/49046.json,False,vehicle_class_out_of_scope,
49062,vehicles/49062.json,False,alternative_technology_present|electric_motor_present|hybrid_text_signal,
49063,vehicles/49063.json,False,alternative_technology_present|electric_motor_present|hybrid_text_signal,
49078,vehicles/49078.json,False,primary_fuel_out_of_scope|alternative_technology_present|electric_motor_present|insufficient_engine_specs,missing_optional:displacement_l|missing_optional:cylinders|missing_optional:engine_description
49081,vehicles/49081.json,False,primary_fuel_out_of_scope|alternative_technology_present|electric_motor_present|insufficient_engine_specs,missing_optional:displacement_l|missing_optional:cylinders|missing_optional:engine_description
49089,vehicles/49089.json,False,primary_fuel_out_of_scope|alternative_technology_present|electric_motor_present|insufficient_engine_specs,missing_optional:displacement_l|missing_optional:cylinders|missing_optional:engine_description
49090,vehicles/49090.json,False,primary_fuel_out_of_scope|alternative_technology_present|electric_motor_present|insufficient_engine_specs,missing_optional:displacement_l|missing_optional:cylinders|missing_optional:engine_description
49091,vehicles/49091.json,False,primary_fuel_out_of_scope|alternative_technology_present|electric_motor_present|insufficient_engine_specs,missing_optional:displacement_l|missing_optional:cylinders|missing_optional:engine_description
49139,vehicles/49139.json,False,alternative_technology_present|electric_motor_present|hybrid_text_signal,
49142,vehicles/49142.json,False,vehicle_class_out_of_scope,
49143,vehicles/49143.json,False,vehicle_class_out_of_scope,
50270,vehicles/50270.json,False,primary_fuel_out_of_scope|alternative_technology_present|electric_motor_present|insufficient_engine_specs,missing_optional:displacement_l|missing_optional:cylinders|missing_optional:engine_description
