raw_field,internal_field,description,meaning_review_status,disposition,present_count,missing_or_empty_count,observed_json_types,description_source,documented_key
UCity,,unadjusted city MPG for fuelType1; see the description of the EPA test procedures,documented_official_api_guide,excluded_from_predictors_leakage_or_output,4500,0,"{""str"": 4500}",https://www.fueleconomy.gov/feg/ws/index.shtml,UCity
UCityA,,unadjusted city MPG for fuelType2; see the description of the EPA test procedures,documented_official_api_guide,excluded_from_predictors_leakage_or_output,4500,0,"{""str"": 4500}",https://www.fueleconomy.gov/feg/ws/index.shtml,UCityA
UHighway,,unadjusted highway MPG for fuelType1; see the description of the EPA test procedures,documented_official_api_guide,excluded_from_predictors_leakage_or_output,4500,0,"{""str"": 4500}",https://www.fueleconomy.gov/feg/ws/index.shtml,UHighway
UHighwayA,,unadjusted highway MPG for fuelType2; see the description of the EPA test procedures,documented_official_api_guide,excluded_from_predictors_leakage_or_output,4500,0,"{""str"": 4500}",https://www.fueleconomy.gov/feg/ws/index.shtml,UHighwayA
VClass,vehicle_class,EPA vehicle size class,documented_official_api_guide,structured_predictor,4500,0,"{""str"": 4500}",https://www.fueleconomy.gov/feg/ws/index.shtml,VClass
atvType,atv_type,type of alternative fuel or advanced technology vehicle,documented_official_api_guide,source_audit_only_excluded_from_predictors,4500,3516,"{""str"": 4500}",https://www.fueleconomy.gov/feg/ws/index.shtml,atvtype
barrels08,,annual petroleum consumption in barrels for fuelType1 (1),documented_official_api_guide,excluded_from_predictors_leakage_or_output,4500,0,"{""str"": 4500}",https://www.fueleconomy.gov/feg/ws/index.shtml,barrels08
barrelsA08,,annual petroleum consumption in barrels for fuelType2 (1),documented_official_api_guide,excluded_from_predictors_leakage_or_output,4500,0,"{""str"": 4500}",https://www.fueleconomy.gov/feg/ws/index.shtml,barrelsA08
baseModel,base_model,base model name,documented_official_api_guide,source_audit_only_excluded_from_predictors,4500,0,"{""str"": 4500}",https://www.fueleconomy.gov/feg/ws/index.shtml,basemodel
battery,,Battery-related source field. Its exact meaning and encoding are absent from the captured guide; retained without interpretation and excluded from inputs.,undocumented_source_encoding,source_audit_only_excluded_from_predictors,4500,0,"{""str"": 4500}",https://www.fueleconomy.gov/feg/ws/index.shtml,battery
c240Dscr,,electric vehicle charger description,documented_official_api_guide,source_audit_only_excluded_from_predictors,4500,4409,"{""str"": 4500}",https://www.fueleconomy.gov/feg/ws/index.shtml,c240Dscr
c240bDscr,,electric vehicle alternate charger description,documented_official_api_guide,source_audit_only_excluded_from_predictors,4500,4413,"{""str"": 4500}",https://www.fueleconomy.gov/feg/ws/index.shtml,c240bDscr
charge120,,time to charge an electric vehicle in hours at 120 V,documented_official_api_guide,source_audit_only_excluded_from_predictors,4500,0,"{""str"": 4500}",https://www.fueleconomy.gov/feg/ws/index.shtml,charge120
charge240,,time to charge an electric vehicle in hours at 240 V,documented_official_api_guide,source_audit_only_excluded_from_predictors,4500,0,"{""str"": 4500}",https://www.fueleconomy.gov/feg/ws/index.shtml,charge240
charge240b,,time to charge an electric vehicle in hours at 240 V using the alternate charger,documented_official_api_guide,source_audit_only_excluded_from_predictors,4500,0,"{""str"": 4500}",https://www.fueleconomy.gov/feg/ws/index.shtml,charge240b
city08,,"city MPG for fuelType1 (2), (11)",documented_official_api_guide,excluded_from_predictors_leakage_or_output,4500,0,"{""str"": 4500}",https://www.fueleconomy.gov/feg/ws/index.shtml,city08
city08U,,"unrounded city MPG for fuelType1 (2), (3)",documented_official_api_guide,excluded_from_predictors_leakage_or_output,4500,0,"{""str"": 4500}",https://www.fueleconomy.gov/feg/ws/index.shtml,city08U
cityA08,,city MPG for fuelType2 (2),documented_official_api_guide,excluded_from_predictors_leakage_or_output,4500,0,"{""str"": 4500}",https://www.fueleconomy.gov/feg/ws/index.shtml,cityA08
cityA08U,,"unrounded city MPG for fuelType2 (2), (3)",documented_official_api_guide,excluded_from_predictors_leakage_or_output,4500,0,"{""str"": 4500}",https://www.fueleconomy.gov/feg/ws/index.shtml,cityA08U
cityCD,,city gasoline consumption (gallons/100 miles) in charge depleting mode (4),documented_official_api_guide,excluded_from_predictors_leakage_or_output,4500,0,"{""str"": 4500}",https://www.fueleconomy.gov/feg/ws/index.shtml,cityCD
cityE,,city electricity consumption in kWh/100 miles,documented_official_api_guide,excluded_from_predictors_leakage_or_output,4500,0,"{""str"": 4500}",https://www.fueleconomy.gov/feg/ws/index.shtml,cityE
cityMpk,,city miles per kilogram for hydrogen,documented_official_api_guide,excluded_from_predictors_leakage_or_output,4500,0,"{""str"": 4500}",https://www.fueleconomy.gov/feg/ws/index.shtml,cityMpk
cityUF,,EPA city utility factor (share of electricity) for PHEV,documented_official_api_guide,excluded_from_predictors_leakage_or_output,4500,0,"{""str"": 4500}",https://www.fueleconomy.gov/feg/ws/index.shtml,cityUF
cityUmpk,,unrounded city miles per kilogram for hydrogen,documented_official_api_guide,excluded_from_predictors_leakage_or_output,4500,0,"{""str"": 4500}",https://www.fueleconomy.gov/feg/ws/index.shtml,cityUmpk
co2,,tailpipe CO2 in grams/mile for fuelType1 (5),documented_official_api_guide,excluded_from_predictors_leakage_or_output,4500,0,"{""str"": 4500}",https://www.fueleconomy.gov/feg/ws/index.shtml,co2
co2A,,tailpipe CO2 in grams/mile for fuelType2 (5),documented_official_api_guide,excluded_from_predictors_leakage_or_output,4500,0,"{""str"": 4500}",https://www.fueleconomy.gov/feg/ws/index.shtml,co2A
co2TailpipeAGpm,,tailpipe CO2 in grams/mile for fuelType2 (5),documented_official_api_guide,excluded_from_predictors_leakage_or_output,4500,0,"{""str"": 4500}",https://www.fueleconomy.gov/feg/ws/index.shtml,co2TailpipeAGpm
co2TailpipeGpm,,tailpipe CO2 in grams/mile for fuelType1 (5),documented_official_api_guide,excluded_from_predictors_leakage_or_output,4500,0,"{""str"": 4500}",https://www.fueleconomy.gov/feg/ws/index.shtml,co2TailpipeGpm
comb08,combined_mpg,"combined MPG for fuelType1 (2), (11)",documented_official_api_guide,target_or_target_audit_only,4500,0,"{""str"": 4500}",https://www.fueleconomy.gov/feg/ws/index.shtml,comb08
comb08U,combined_mpg_unrounded,"unrounded combined MPG for fuelType1 (2), (3)",documented_official_api_guide,target_or_target_audit_only,4500,0,"{""str"": 4500}",https://www.fueleconomy.gov/feg/ws/index.shtml,comb08U
combA08,,combined MPG for fuelType2 (2),documented_official_api_guide,excluded_from_predictors_leakage_or_output,4500,0,"{""str"": 4500}",https://www.fueleconomy.gov/feg/ws/index.shtml,combA08
combA08U,,"unrounded combined MPG for fuelType2 (2), (3)",documented_official_api_guide,excluded_from_predictors_leakage_or_output,4500,0,"{""str"": 4500}",https://www.fueleconomy.gov/feg/ws/index.shtml,combA08U
combE,,combined electricity consumption in kWh/100 miles,documented_official_api_guide,excluded_from_predictors_leakage_or_output,4500,0,"{""str"": 4500}",https://www.fueleconomy.gov/feg/ws/index.shtml,combE
combMpk,,combined miles per kilogram for hydrogen,documented_official_api_guide,excluded_from_predictors_leakage_or_output,4500,0,"{""str"": 4500}",https://www.fueleconomy.gov/feg/ws/index.shtml,combMpk
combUmpk,,unrounded combined miles per kilogram for hydrogen,documented_official_api_guide,excluded_from_predictors_leakage_or_output,4500,0,"{""str"": 4500}",https://www.fueleconomy.gov/feg/ws/index.shtml,combUmpk
combinedCD,,combined gasoline consumption (gallons/100 miles) in charge depleting mode (4),documented_official_api_guide,excluded_from_predictors_leakage_or_output,4500,0,"{""str"": 4500}",https://www.fueleconomy.gov/feg/ws/index.shtml,combinedCD
combinedUF,,EPA combined utility factor (share of electricity) for PHEV,documented_official_api_guide,excluded_from_predictors_leakage_or_output,4500,0,"{""str"": 4500}",https://www.fueleconomy.gov/feg/ws/index.shtml,combinedUF
createdOn,,date the vehicle record was created,documented_official_api_guide,source_audit_only_excluded_from_predictors,4500,0,"{""str"": 4500}",https://www.fueleconomy.gov/feg/ws/index.shtml,createdOn
cylDeact,,Cylinder-deactivation source code inferred from the field name; exact code mapping is not documented in the captured API guide.,field_name_inference_encoding_unconfirmed,source_audit_only_excluded_from_predictors,4500,396,"{""str"": 4500}",https://www.fueleconomy.gov/feg/ws/index.shtml,cylDeact
cylDeactYesNo,,Human-readable cylinder-deactivation indicator inferred from the field name; not used for eligibility or prediction.,field_name_inference_encoding_unconfirmed,source_audit_only_excluded_from_predictors,4500,0,"{""str"": 4500}",https://www.fueleconomy.gov/feg/ws/index.shtml,cylDeactYesNo
cylinders,cylinders,engine cylinders,documented_official_api_guide,structured_predictor,4500,397,"{""str"": 4500}",https://www.fueleconomy.gov/feg/ws/index.shtml,cylinders
displ,displacement_l,engine displacement in liters,documented_official_api_guide,structured_predictor,4500,396,"{""str"": 4500}",https://www.fueleconomy.gov/feg/ws/index.shtml,displ
drive,drivetrain,drive axle type,documented_official_api_guide,structured_predictor,4500,0,"{""str"": 4500}",https://www.fueleconomy.gov/feg/ws/index.shtml,drive
emissionsList,,Nested emissions records linked to this vehicle; see the emissions section of the API guide.,documented_source_structure,excluded_from_predictors_leakage_or_output,4500,83,"{""NoneType"": 83, ""dict"": 4417}",https://www.fueleconomy.gov/feg/ws/index.shtml,emissionsList
engId,engine_id,EPA model type index,documented_official_api_guide,source_audit_only_excluded_from_predictors,4500,0,"{""str"": 4500}",https://www.fueleconomy.gov/feg/ws/index.shtml,engId
eng_dscr,engine_description,engine descriptor; see http://www.fueleconomy.gov/feg/findacarhelp.shtml#engine,documented_official_api_guide,preserve_original_text_for_final_sanitization,4500,1381,"{""str"": 4500}",https://www.fueleconomy.gov/feg/ws/index.shtml,eng_dscr
evMotor,electric_motor,"Electric-motor source description. The guide labels it as kW, but actual responses can contain free-form power, voltage and battery text; preserve it as a string.",documented_and_observed_type_review,source_audit_only_excluded_from_predictors,4500,3691,"{""str"": 4500}",https://www.fueleconomy.gov/feg/ws/index.shtml,evMotor
feScore,,EPA Fuel Economy Score (-1 = Not available),documented_official_api_guide,excluded_from_predictors_leakage_or_output,4500,0,"{""str"": 4500}",https://www.fueleconomy.gov/feg/ws/index.shtml,feScore
fuelCost08,,annual fuel cost for fuelType1 ($) (7),documented_official_api_guide,excluded_from_predictors_leakage_or_output,4500,0,"{""str"": 4500}",https://www.fueleconomy.gov/feg/ws/index.shtml,fuelCost08
fuelCostA08,,annual fuel cost for fuelType2 ($) (7),documented_official_api_guide,excluded_from_predictors_leakage_or_output,4500,0,"{""str"": 4500}",https://www.fueleconomy.gov/feg/ws/index.shtml,fuelCostA08
fuelType,,fuel type with fuelType1 and fuelType2 (if applicable),documented_official_api_guide,source_audit_only_excluded_from_predictors,4500,0,"{""str"": 4500}",https://www.fueleconomy.gov/feg/ws/index.shtml,fuelType
fuelType1,fuel_type_primary,"fuel type 1. For single fuel vehicles, this will be the only fuel. For dual fuel vehicles, this will be the conventional fuel.",documented_official_api_guide,source_audit_only_excluded_from_predictors,4500,1,"{""str"": 4500}",https://www.fueleconomy.gov/feg/ws/index.shtml,fuelType1
fuelType2,fuel_type_secondary,"fuel type 2. For dual fuel vehicles, this will be the alternative fuel (e.g., E85, Electricity, CNG, LPG). For single fuel vehicles, this field is not used",documented_official_api_guide,source_audit_only_excluded_from_predictors,4500,4275,"{""str"": 4500}",https://www.fueleconomy.gov/feg/ws/index.shtml,fuelType2
ghgScore,,EPA GHG score (-1 = Not available),documented_official_api_guide,excluded_from_predictors_leakage_or_output,4500,0,"{""str"": 4500}",https://www.fueleconomy.gov/feg/ws/index.shtml,ghgScore
ghgScoreA,,EPA GHG score for dual fuel vehicle running on the alternative fuel (-1 = Not available),documented_official_api_guide,excluded_from_predictors_leakage_or_output,4500,0,"{""str"": 4500}",https://www.fueleconomy.gov/feg/ws/index.shtml,ghgScoreA
guzzler,,"if G or T, this vehicle is subject to the gas guzzler tax",documented_official_api_guide,excluded_from_predictors_leakage_or_output,4500,4087,"{""str"": 4500}",https://www.fueleconomy.gov/feg/ws/index.shtml,guzzler
highway08,,"highway MPG for fuelType1 (2), (11)",documented_official_api_guide,excluded_from_predictors_leakage_or_output,4500,0,"{""str"": 4500}",https://www.fueleconomy.gov/feg/ws/index.shtml,highway08
highway08U,,"unrounded highway MPG for fuelType1 (2), (3)",documented_official_api_guide,excluded_from_predictors_leakage_or_output,4500,0,"{""str"": 4500}",https://www.fueleconomy.gov/feg/ws/index.shtml,highway08U
highwayA08,,highway MPG for fuelType2 (2),documented_official_api_guide,excluded_from_predictors_leakage_or_output,4500,0,"{""str"": 4500}",https://www.fueleconomy.gov/feg/ws/index.shtml,highwayA08
highwayA08U,,"unrounded highway MPG for fuelType2 (2),(3)",documented_official_api_guide,excluded_from_predictors_leakage_or_output,4500,0,"{""str"": 4500}",https://www.fueleconomy.gov/feg/ws/index.shtml,highwayA08U
highwayCD,,highway gasoline consumption (gallons/100 miles) in charge depleting mode (4),documented_official_api_guide,excluded_from_predictors_leakage_or_output,4500,0,"{""str"": 4500}",https://www.fueleconomy.gov/feg/ws/index.shtml,highwayCD
highwayE,,highway electricity consumption in kWh/100 miles,documented_official_api_guide,excluded_from_predictors_leakage_or_output,4500,0,"{""str"": 4500}",https://www.fueleconomy.gov/feg/ws/index.shtml,highwayE
highwayMpk,,highway miles per kilogram for hydrogen,documented_official_api_guide,excluded_from_predictors_leakage_or_output,4500,0,"{""str"": 4500}",https://www.fueleconomy.gov/feg/ws/index.shtml,highwayMpk
highwayUF,,EPA highway utility factor (share of electricity) for PHEV,documented_official_api_guide,excluded_from_predictors_leakage_or_output,4500,0,"{""str"": 4500}",https://www.fueleconomy.gov/feg/ws/index.shtml,highwayUF
highwayUmpk,,unrounded highway miles per kilogram for hydrogen,documented_official_api_guide,excluded_from_predictors_leakage_or_output,4500,0,"{""str"": 4500}",https://www.fueleconomy.gov/feg/ws/index.shtml,highwayUmpk
hlv,,hatchback luggage volume (cubic feet) (8),documented_official_api_guide,source_audit_only_excluded_from_predictors,4500,0,"{""str"": 4500}",https://www.fueleconomy.gov/feg/ws/index.shtml,hlv
hpv,,hatchback passenger volume (cubic feet) (8),documented_official_api_guide,source_audit_only_excluded_from_predictors,4500,0,"{""str"": 4500}",https://www.fueleconomy.gov/feg/ws/index.shtml,hpv
id,vehicle_id,vehicle record id,documented_official_api_guide,source_audit_only_excluded_from_predictors,4500,0,"{""str"": 4500}",https://www.fueleconomy.gov/feg/ws/index.shtml,id
lv2,,2-door luggage volume (cubic feet) (8),documented_official_api_guide,source_audit_only_excluded_from_predictors,4500,0,"{""str"": 4500}",https://www.fueleconomy.gov/feg/ws/index.shtml,lv2
lv4,,4-door luggage volume (cubic feet) (8),documented_official_api_guide,source_audit_only_excluded_from_predictors,4500,0,"{""str"": 4500}",https://www.fueleconomy.gov/feg/ws/index.shtml,lv4
make,manufacturer,manufacturer (division),documented_official_api_guide,structured_predictor,4500,0,"{""str"": 4500}",https://www.fueleconomy.gov/feg/ws/index.shtml,make
mfrCode,,3-character manufacturer code,documented_official_api_guide,source_audit_only_excluded_from_predictors,4500,0,"{""str"": 4500}",https://www.fueleconomy.gov/feg/ws/index.shtml,mfrCode
model,model_name,model name (carline),documented_official_api_guide,preserve_original_text_for_final_sanitization,4500,0,"{""str"": 4500}",https://www.fueleconomy.gov/feg/ws/index.shtml,model
modifiedOn,,date the vehicle record was last modified,documented_official_api_guide,source_audit_only_excluded_from_predictors,4500,0,"{""str"": 4500}",https://www.fueleconomy.gov/feg/ws/index.shtml,modifiedOn
mpgData,,has My MPG data; see yourMpgVehicle and yourMpgDriverVehicle,documented_official_api_guide,source_audit_only_excluded_from_predictors,4500,0,"{""str"": 4500}",https://www.fueleconomy.gov/feg/ws/index.shtml,mpgData
mpgRevised,,Source flag apparently indicating revised MPG estimates; exact field encoding is absent from the captured guide. Not a predictor.,field_name_inference_encoding_unconfirmed,source_audit_only_excluded_from_predictors,4500,0,"{""str"": 4500}",https://www.fueleconomy.gov/feg/ws/index.shtml,mpgRevised
phevBlended,phev_blended,"if true, this vehicle operates on a blend of gasoline and electricity in charge depleting mode",documented_official_api_guide,source_audit_only_excluded_from_predictors,4500,0,"{""str"": 4500}",https://www.fueleconomy.gov/feg/ws/index.shtml,phevBlended
phevCity,,EPA composite gasoline-electricity city MPGe for plug-in hybrid vehicles,documented_official_api_guide,excluded_from_predictors_leakage_or_output,4500,0,"{""str"": 4500}",https://www.fueleconomy.gov/feg/ws/index.shtml,phevCity
phevComb,,EPA composite gasoline-electricity combined city-highway MPGe for plug-in hybrid vehicles,documented_official_api_guide,excluded_from_predictors_leakage_or_output,4500,0,"{""str"": 4500}",https://www.fueleconomy.gov/feg/ws/index.shtml,phevComb
phevHwy,,EPA composite gasoline-electricity highway MPGe for plug-in hybrid vehicles,documented_official_api_guide,excluded_from_predictors_leakage_or_output,4500,0,"{""str"": 4500}",https://www.fueleconomy.gov/feg/ws/index.shtml,phevHwy
pv2,,2-door passenger volume (cubic feet) (8),documented_official_api_guide,source_audit_only_excluded_from_predictors,4500,0,"{""str"": 4500}",https://www.fueleconomy.gov/feg/ws/index.shtml,pv2
pv4,,4-door passenger volume (cubic feet) (8),documented_official_api_guide,source_audit_only_excluded_from_predictors,4500,0,"{""str"": 4500}",https://www.fueleconomy.gov/feg/ws/index.shtml,pv4
range,,Driving-range source field for the primary fuel. Exact encoding and units are not defined for this key in the captured API guide; excluded from inputs.,undocumented_source_encoding,excluded_from_predictors_leakage_or_output,4500,0,"{""str"": 4500}",https://www.fueleconomy.gov/feg/ws/index.shtml,range
rangeA,,EPA range for fuelType2,documented_official_api_guide,excluded_from_predictors_leakage_or_output,4500,4274,"{""str"": 4500}",https://www.fueleconomy.gov/feg/ws/index.shtml,rangeA
rangeCity,,City driving-range source field for the primary fuel. Exact encoding and units are not defined for this key in the captured guide; excluded from inputs.,undocumented_source_encoding,excluded_from_predictors_leakage_or_output,4500,0,"{""str"": 4500}",https://www.fueleconomy.gov/feg/ws/index.shtml,rangeCity
rangeCityA,,EPA city range for fuelType2,documented_official_api_guide,excluded_from_predictors_leakage_or_output,4500,0,"{""str"": 4500}",https://www.fueleconomy.gov/feg/ws/index.shtml,rangeCityA
rangeHwy,,Highway driving-range source field for the primary fuel. Exact encoding and units are not defined for this key in the captured guide; excluded from inputs.,undocumented_source_encoding,excluded_from_predictors_leakage_or_output,4500,0,"{""str"": 4500}",https://www.fueleconomy.gov/feg/ws/index.shtml,rangeHwy
rangeHwyA,,EPA highway range for fuelType2,documented_official_api_guide,excluded_from_predictors_leakage_or_output,4500,0,"{""str"": 4500}",https://www.fueleconomy.gov/feg/ws/index.shtml,rangeHwyA
sCharger,,"if S, this vehicle is supercharged",documented_official_api_guide,source_audit_only_excluded_from_predictors,4500,4260,"{""str"": 4500}",https://www.fueleconomy.gov/feg/ws/index.shtml,sCharger
startStop,,"vehicle has stop-start technology (Y, N, or blank for older vehicles)",documented_official_api_guide,source_audit_only_excluded_from_predictors,4500,0,"{""str"": 4500}",https://www.fueleconomy.gov/feg/ws/index.shtml,startStop
tCharger,,"if T, this vehicle is turbocharged",documented_official_api_guide,source_audit_only_excluded_from_predictors,4500,2330,"{""str"": 4500}",https://www.fueleconomy.gov/feg/ws/index.shtml,tCharger
trans_dscr,,transmission descriptor; see http://www.fueleconomy.gov/feg/findacarhelp.shtml#trany,documented_official_api_guide,source_audit_only_excluded_from_predictors,4500,4500,"{""str"": 4500}",https://www.fueleconomy.gov/feg/ws/index.shtml,trans_dscr
trany,transmission,transmission,documented_official_api_guide,structured_predictor,4500,0,"{""str"": 4500}",https://www.fueleconomy.gov/feg/ws/index.shtml,trany
year,model_year,model year,documented_official_api_guide,structured_predictor,4500,0,"{""str"": 4500}",https://www.fueleconomy.gov/feg/ws/index.shtml,year
youSaveSpend,,"you save/spend over 5 years compared to an average car ($). Savings are positive; a greater amount spent yields a negative number. For dual fuel vehicles, this is the cost savings for gasoline",documented_official_api_guide,excluded_from_predictors_leakage_or_output,4500,0,"{""str"": 4500}",https://www.fueleconomy.gov/feg/ws/index.shtml,youSaveSpend
