component_id,manufacturer,normalized_manufacturer,source_base_models,canonical_base_model,n_rows,n_full_model_names,trigger_full_model_names,decision_status,reviewer,rationale
035ba8f849efcf25cab4,Aston Martin,aston martin,vantage | vantage manual,vantage,25,8,vantage manual,pending,,
30f5f566d1e8ebc6a4bd,Audi,audi,rs | rs 3 | rs 5,rs,8,4,rs 3 | rs 5,pending,,
91ee0a0ae786062e2f92,Audi,audi,tt | tt coupe | tt roadster,tt,5,2,tt coupe quattro | tt roadster quattro,pending,,
03918d5fbe492112f23b,Audi,audi,tts | tts coupe,tts,4,2,tts coupe,pending,,
36a8f695fca5166c38f5,Bentley,bentley,continental | continental gt convertible,continental,32,8,continental gt convertible,pending,,
00fbb7f7d7e1975f7687,BMW,bmw,8 series | m,8 series,33,20,m850i xdrive convertible,pending,,
39a3cb0beb63b84a5d3b,Fiat,fiat,500 | 500 l,500,38,4,500 l,pending,,
3b0202a1a7312716f1e1,Lexus,lexus,rc | rc f,rc,14,5,rc f,pending,,
1861828bd1ce4a05494d,MINI,mini,countryman | john cooper works,countryman,49,13,jcw countryman all4,pending,,
9dd8a253c972561d0298,Nissan,nissan,rogue | rogue sport,rogue,14,8,rogue sport awd,pending,,
f840b93b8eb5fb617697,Roush Performance,roush performance,mustang | stage 3 mustang,mustang,12,2,stage 3 mustang,pending,,
84a08efb295dfac65a05,Subaru,subaru,impreza | impreza/outback sport,impreza,37,8,impreza 4-door | impreza 5-door | impreza sport 5-door,pending,,
82f8c2010ed3efb57219,Subaru,subaru,legacy | legacy/outback | outback,legacy,22,2,legacy awd | outback awd,pending,,
