normalized_manufacturer,normalized_full_model_name,n_rows,n_base_models,base_models,years,missing_base_rows,status
acura,adx awd,1,1,adx,2025,0,consistent_observed_base_model
acura,adx fwd,1,1,adx,2025,0,consistent_observed_base_model
acura,ilx,9,1,ilx,2015 | 2016 | 2017 | 2018 | 2019 | 2020 | 2021 | 2022,0,consistent_observed_base_model
acura,integra,3,1,integra,2023 | 2025,0,consistent_observed_base_model
acura,integra a-spec,5,1,integra,2023 | 2024 | 2025,0,consistent_observed_base_model
acura,mdx 2wd,1,1,mdx,2015,0,consistent_observed_base_model
acura,mdx 4wd,3,1,mdx,2015 | 2016,0,consistent_observed_base_model
acura,mdx awd,10,1,mdx,2017 | 2018 | 2019 | 2020 | 2022 | 2023 | 2024 | 2025,0,consistent_observed_base_model
acura,mdx awd a-spec,1,1,mdx,2019,0,consistent_observed_base_model
acura,mdx awd type-s,2,1,mdx,2022 | 2025,0,consistent_observed_base_model
acura,mdx fwd,5,1,mdx,2017 | 2018 | 2022 | 2025,0,consistent_observed_base_model
acura,rdx 2wd,2,1,rdx,2015 | 2016,0,consistent_observed_base_model
acura,rdx 4wd,2,1,rdx,2015 | 2016,0,consistent_observed_base_model
acura,rdx awd,7,1,rdx,2017 | 2019 | 2020 | 2021 | 2022 | 2024 | 2025,0,consistent_observed_base_model
acura,rdx awd a-spec,3,1,rdx,2021 | 2024 | 2025,0,consistent_observed_base_model
acura,rdx fwd,6,1,rdx,2017 | 2018 | 2019 | 2021 | 2022 | 2023,0,consistent_observed_base_model
acura,rdx fwd a-spec,3,1,rdx,2020 | 2021 | 2023,0,consistent_observed_base_model
acura,rlx,3,1,rlx,2015 | 2016 | 2019,0,consistent_observed_base_model
acura,tlx,2,1,tlx,2015,0,consistent_observed_base_model
acura,tlx 2wd,2,1,tlx,2016,0,consistent_observed_base_model
acura,tlx 4wd,1,1,tlx,2016,0,consistent_observed_base_model
acura,tlx awd,3,1,tlx,2015 | 2017 | 2023,0,consistent_observed_base_model
acura,tlx awd a-spec,3,1,tlx,2020 | 2021 | 2024,0,consistent_observed_base_model
acura,tlx fwd,7,1,tlx,2017 | 2019 | 2023 | 2024 | 2025,0,consistent_observed_base_model
acura,tlx fwd a-spec,7,1,tlx,2018 | 2019 | 2020 | 2021 | 2022,0,consistent_observed_base_model
acura,tlx type-s,5,1,tlx,2021 | 2022 | 2023 | 2024 | 2025,0,consistent_observed_base_model
acura,tlx type-s perf tire,3,1,tlx,2021 | 2022 | 2023,0,consistent_observed_base_model
alfa romeo,4c,6,1,4c,2015 | 2016 | 2017 | 2018 | 2019 | 2020,0,consistent_observed_base_model
alfa romeo,giulia,17,1,giulia,2017 | 2018 | 2019 | 2020 | 2021 | 2022 | 2023 | 2024 | 2025,0,consistent_observed_base_model
alfa romeo,giulia awd,9,1,giulia,2017 | 2018 | 2019 | 2020 | 2021 | 2022 | 2023 | 2024 | 2025,0,consistent_observed_base_model
alfa romeo,stelvio,6,1,stelvio,2019 | 2020 | 2021 | 2022 | 2023 | 2024,0,consistent_observed_base_model
alfa romeo,stelvio awd,15,1,stelvio,2018 | 2019 | 2020 | 2021 | 2022 | 2023 | 2024 | 2025,0,consistent_observed_base_model
alfa romeo,tonale awd,1,1,tonale,2025,0,consistent_observed_base_model
aston martin,db11 v12,7,1,db11,2017 | 2018 | 2019 | 2020 | 2021 | 2022 | 2023,0,consistent_observed_base_model
aston martin,db11 v8,6,1,db11,2018 | 2019 | 2020 | 2021 | 2022 | 2023,0,consistent_observed_base_model
aston martin,db12 v8,2,1,db12 v8,2024 | 2025,0,consistent_observed_base_model
aston martin,db9,2,1,db9,2015 | 2016,0,consistent_observed_base_model
aston martin,dbs,5,1,dbs,2019 | 2020 | 2021 | 2022 | 2023,0,consistent_observed_base_model
aston martin,dbx 707,3,1,dbx 707,2023 | 2024 | 2025,0,consistent_observed_base_model
aston martin,dbx v8,4,1,dbx v8,2021 | 2022 | 2023 | 2024,0,consistent_observed_base_model
aston martin,rapide s,5,1,rapide,2015 | 2016 | 2017 | 2018 | 2019,0,consistent_observed_base_model
aston martin,v12 vantage s,4,1,vantage,2015 | 2016 | 2017,0,consistent_observed_base_model
aston martin,v8 vantage,4,1,vantage,2015 | 2016,0,consistent_observed_base_model
aston martin,v8 vantage s,4,1,vantage,2015 | 2016,0,consistent_observed_base_model
aston martin,valour,1,1,valour,2024,0,consistent_observed_base_model
aston martin,vanquish,3,1,vanquish,2015 | 2016 | 2025,0,consistent_observed_base_model
aston martin,vanquish s,1,1,vanquish,2019,0,consistent_observed_base_model
aston martin,vanquish s zagato,2,1,vanquish,2017 | 2018,0,consistent_observed_base_model
aston martin,vantage,1,1,vantage,2025,0,consistent_observed_base_model
aston martin,vantage gt,4,1,vantage,2015 | 2016,0,consistent_observed_base_model
aston martin,vantage manual,2,2,vantage | vantage manual,2020 | 2021,0,multiple_base_models_for_same_full_model_review
aston martin,vantage v12,1,1,vantage,2023,0,consistent_observed_base_model
aston martin,vantage v8,5,1,vantage,2019 | 2020 | 2021 | 2022 | 2023,0,consistent_observed_base_model
audi,a3,2,1,a3,2017 | 2019,0,consistent_observed_base_model
audi,a3 quattro,2,1,a3,2016 | 2018,0,consistent_observed_base_model
audi,a4,2,1,a4,2016 | 2019,0,consistent_observed_base_model
audi,a4 allroad quattro,1,1,a4,2020,0,consistent_observed_base_model
audi,a4 quattro,3,1,a4,2015 | 2017,0,consistent_observed_base_model
audi,a5 cabriolet quattro,1,1,a5,2020,0,consistent_observed_base_model
audi,a5 quattro,4,1,a5,2016 | 2018 | 2019,0,consistent_observed_base_model
audi,a7 quattro,2,1,a7,2015 | 2018,0,consistent_observed_base_model
audi,q3,1,1,q3,2017,0,consistent_observed_base_model
audi,q3 quattro,3,1,q3,2015 | 2017 | 2024,0,consistent_observed_base_model
audi,q3 s line quattro,1,1,q3,2022,0,consistent_observed_base_model
audi,q3 s-line quattro,1,1,q3,2021,0,consistent_observed_base_model
audi,q5,2,1,q5,2015 | 2017,0,consistent_observed_base_model
audi,q7,2,1,q7,2018,0,consistent_observed_base_model
audi,q7 quattro,1,1,q7,2024,0,consistent_observed_base_model
audi,r8,1,1,r8,2017,0,consistent_observed_base_model
audi,r8 awd,1,1,r8,2018,0,consistent_observed_base_model
audi,r8 coupe rwd,1,1,r8,2023,0,consistent_observed_base_model
audi,r8 spyder awd,1,1,r8,2020,0,consistent_observed_base_model
audi,rs 3,3,2,rs | rs 3,2017 | 2019 | 2024,0,multiple_base_models_for_same_full_model_review
audi,rs 5,2,2,rs | rs 5,2018 | 2021,0,multiple_base_models_for_same_full_model_review
audi,rs 5 cabriolet,1,1,rs 5,2015,0,consistent_observed_base_model
audi,rs 5 sportback,2,1,rs,2021 | 2023,0,consistent_observed_base_model
audi,rs 7,2,1,rs 7,2015 | 2017,0,consistent_observed_base_model
audi,s3,1,1,s3,2019,0,consistent_observed_base_model
audi,s4,2,1,s4,2021 | 2024,0,consistent_observed_base_model
audi,s5,3,1,s5,2020 | 2021 | 2025,0,consistent_observed_base_model
audi,s5 cabriolet,3,1,s5,2015 | 2023 | 2024,0,consistent_observed_base_model
audi,s5 sportback,1,1,s5,2019,0,consistent_observed_base_model
audi,s6,1,1,s6,2016,0,consistent_observed_base_model
audi,s7,1,1,s7,2018,0,consistent_observed_base_model
audi,sq5,1,1,sq5,2016,0,consistent_observed_base_model
audi,sq5 sportback,3,1,sq5,2023 | 2025,0,consistent_observed_base_model
audi,tt coupe quattro,2,2,tt | tt coupe,2015 | 2021,0,multiple_base_models_for_same_full_model_review
audi,tt roadster quattro,3,2,tt | tt roadster,2016 | 2018 | 2022,0,multiple_base_models_for_same_full_model_review
audi,tt rs,1,1,tt rs,2019,0,consistent_observed_base_model
audi,tts coupe,3,2,tts | tts coupe,2019 | 2020 | 2021,0,multiple_base_models_for_same_full_model_review
audi,tts coupe quattro,1,1,tts coupe,2022,0,consistent_observed_base_model
bentley,bentayga,11,1,bentayga,2017 | 2018 | 2019 | 2020 | 2021 | 2022 | 2023 | 2024 | 2025,0,consistent_observed_base_model
bentley,bentayga ewb,3,1,bentayga,2023 | 2024 | 2025,0,consistent_observed_base_model
bentley,bentayga speed,2,1,bentayga,2022 | 2023,0,consistent_observed_base_model
bentley,continental gt,13,1,continental,2015 | 2016 | 2017 | 2020 | 2021 | 2022 | 2023 | 2024,0,consistent_observed_base_model
bentley,continental gt convertible,11,2,continental | continental gt convertible,2015 | 2016 | 2017 | 2018 | 2020 | 2021 | 2023,0,multiple_base_models_for_same_full_model_review
bentley,continental gt convertible speed,1,1,continental,2023,0,consistent_observed_base_model
bentley,continental gt speed,2,1,continental,2022 | 2023,0,consistent_observed_base_model
bentley,continental gt speed convertible,1,1,continental,2022,0,consistent_observed_base_model
bentley,continental gt v8 convertible,1,1,continental,2022,0,consistent_observed_base_model
bentley,continental gt3-r,1,1,continental,2015,0,consistent_observed_base_model
bentley,continental gtc,2,1,continental,2024,0,consistent_observed_base_model
bentley,continental supersports,1,1,continental supersports,2017,0,consistent_observed_base_model
bentley,continental supersports convertible,2,1,continental supersports convertible,2017 | 2018,0,consistent_observed_base_model
bentley,flying spur,16,1,flying spur,2015 | 2016 | 2017 | 2018 | 2020 | 2021 | 2022 | 2023 | 2024,0,consistent_observed_base_model
bentley,mulsanne,6,1,mulsanne,2015 | 2016 | 2017 | 2018 | 2019 | 2020,0,consistent_observed_base_model
bentley,mulsanne ewb,1,1,mulsanne,2017,0,consistent_observed_base_model
bmw,230i convertible,1,1,2 series,2018,0,consistent_observed_base_model
bmw,230i coupe,3,1,2 series,2021 | 2022,0,consistent_observed_base_model
bmw,230i xdrive coupe,1,1,2 series,2019,0,consistent_observed_base_model
bmw,330i xdrive,2,1,3 series,2018 | 2019,0,consistent_observed_base_model
bmw,330i xdrive sedan,1,1,3 series,2023,0,consistent_observed_base_model
bmw,340i,4,1,3 series,2016 | 2017,0,consistent_observed_base_model
bmw,340i xdrive gran turismo,1,1,3 series,2018,0,consistent_observed_base_model
bmw,428i convertible,1,1,4 series,2015,0,consistent_observed_base_model
bmw,430i convertible,1,1,4 series,2019,0,consistent_observed_base_model
bmw,430i coupe,3,1,4 series,2020 | 2022,0,consistent_observed_base_model
bmw,430i gran coupe,1,1,4 series,2018,0,consistent_observed_base_model
bmw,430i xdrive convertible,1,1,4 series,2017,0,consistent_observed_base_model
bmw,430i xdrive coupe,1,1,4 series,2022,0,consistent_observed_base_model
bmw,430i xdrive gran coupe,1,1,4 series,2024,0,consistent_observed_base_model
bmw,435i xdrive convertible,1,1,4 series,2016,0,consistent_observed_base_model
bmw,435i xdrive coupe,2,1,4 series,2015,0,consistent_observed_base_model
bmw,440i xdrive gran coupe,1,1,4 series,2017,0,consistent_observed_base_model
bmw,540i,1,1,5 series,2020,0,consistent_observed_base_model
bmw,550i gran turismo,1,1,5 series,2015,0,consistent_observed_base_model
bmw,550i xdrive,1,1,5 series,2016,0,consistent_observed_base_model
bmw,550i xdrive gran turismo,1,1,5 series,2017,0,consistent_observed_base_model
bmw,640i convertible,1,1,6 series,2017,0,consistent_observed_base_model
bmw,640i xdrive coupe,2,1,6 series,2016 | 2017,0,consistent_observed_base_model
bmw,650i convertible,1,1,6 series,2016,0,consistent_observed_base_model
bmw,650i xdrive convertible,1,1,6 series,2016,0,consistent_observed_base_model
bmw,750i,1,1,7 series,2017,0,consistent_observed_base_model
bmw,750li xdrive,1,1,7 series,2015,0,consistent_observed_base_model
bmw,840i coupe,1,1,8 series,2024,0,consistent_observed_base_model
bmw,840i xdrive coupe,1,1,8 series,2023,0,consistent_observed_base_model
bmw,840i xdrive gran coupe,2,1,8 series,2021 | 2023,0,consistent_observed_base_model
bmw,alpina b6 gran coupe xdrive,1,1,6 series,2016,0,consistent_observed_base_model
bmw,alpina xb7,1,1,x7,2022,0,consistent_observed_base_model
bmw,m2,2,1,m,2018,0,consistent_observed_base_model
bmw,m2 competition,2,1,m,2019,0,consistent_observed_base_model
bmw,m2 coupe,2,1,m,2025,0,consistent_observed_base_model
bmw,m235i xdrive,1,1,2 series,2015,0,consistent_observed_base_model
bmw,m235i xdrive gran coupe,1,1,2 series,2023,0,consistent_observed_base_model
bmw,m240i convertible,2,1,m,2020,0,consistent_observed_base_model
bmw,m240i coupe,1,1,2 series,2023,0,consistent_observed_base_model
bmw,m240i xdrive convertible,1,1,m,2020,0,consistent_observed_base_model
bmw,m240i xdrive coupe,1,1,2 series,2023,0,consistent_observed_base_model
bmw,m3,1,1,m,2015,0,consistent_observed_base_model
bmw,m3 competition sedan,1,1,m,2022,0,consistent_observed_base_model
bmw,m4 competition coupe,1,1,m,2024,0,consistent_observed_base_model
bmw,m4 convertible competition,2,1,m,2019,0,consistent_observed_base_model
bmw,m4 coupe,6,1,m,2015 | 2019 | 2023 | 2025,0,consistent_observed_base_model
bmw,m4 cs,1,1,m,2020,0,consistent_observed_base_model
bmw,m5 competition,1,1,m,2020,0,consistent_observed_base_model
bmw,m5 competition sedan,1,1,m,2022,0,consistent_observed_base_model
bmw,m6 gran coupe,2,1,m,2018,0,consistent_observed_base_model
bmw,m8 competition convertible,1,1,m,2025,0,consistent_observed_base_model
bmw,m8 convertible,1,1,m,2021,0,consistent_observed_base_model
bmw,m850i xdrive convertible,2,2,8 series | m,2021 | 2022,0,multiple_base_models_for_same_full_model_review
bmw,x1 sdrive28i,1,1,x1,2020,0,consistent_observed_base_model
bmw,x1 xdrive28i,2,1,x1,2016 | 2019,0,consistent_observed_base_model
bmw,x2 sdrive28i,1,1,x2,2022,0,consistent_observed_base_model
bmw,x3 m competition,1,1,x3,2020,0,consistent_observed_base_model
bmw,x3 sdrive30i,1,1,x3,2024,0,consistent_observed_base_model
bmw,x3 xdrive30i,1,1,x3,2023,0,consistent_observed_base_model
bmw,x4 m,1,1,x4,2022,0,consistent_observed_base_model
bmw,x4 m40i,1,1,x4,2017,0,consistent_observed_base_model
bmw,x4 xdrive28i,1,1,x4,2015,0,consistent_observed_base_model
bmw,x4 xdrive30i,1,1,x4,2019,0,consistent_observed_base_model
bmw,x5 m,1,1,x5,2018,0,consistent_observed_base_model
bmw,x5 xdrive50i,1,1,x5,2018,0,consistent_observed_base_model
bmw,x6 m,1,1,x6,2022,0,consistent_observed_base_model
bmw,z4 m40i,1,1,z4,2021,0,consistent_observed_base_model
bmw,z4 sdrive30i,2,1,z4,2019 | 2023,0,consistent_observed_base_model
bugatti,chiron,6,1,chiron,2018 | 2019 | 2020 | 2021 | 2022 | 2023,0,consistent_observed_base_model
bugatti,chiron pur sport,3,1,chiron,2021 | 2022 | 2023,0,consistent_observed_base_model
bugatti,chiron super sport,3,1,chiron,2022 | 2023 | 2024,0,consistent_observed_base_model
bugatti,divo,1,1,divo,2020,0,consistent_observed_base_model
bugatti,mistral,1,1,mistral,2025,0,consistent_observed_base_model
bugatti,veyron,1,1,veyron,2015,0,consistent_observed_base_model
buick,cascada,3,1,cascada,2016 | 2017 | 2019,0,consistent_observed_base_model
buick,enclave awd,9,1,enclave,2015 | 2016 | 2018 | 2019 | 2021 | 2022 | 2023 | 2024 | 2025,0,consistent_observed_base_model
buick,enclave fwd,8,1,enclave,2015 | 2016 | 2018 | 2021 | 2022 | 2023 | 2024 | 2025,0,consistent_observed_base_model
buick,encore,3,1,encore,2015 | 2017,0,consistent_observed_base_model
buick,encore awd,12,1,encore,2015 | 2016 | 2017 | 2018 | 2019 | 2020 | 2021 | 2022,0,consistent_observed_base_model
buick,encore fwd,4,1,encore,2020 | 2021 | 2022,0,consistent_observed_base_model
buick,encore gx awd,6,1,encore,2020 | 2021 | 2022 | 2023 | 2024 | 2025,0,consistent_observed_base_model
buick,encore gx fwd,10,1,encore,2020 | 2021 | 2022 | 2023 | 2024 | 2025,0,consistent_observed_base_model
buick,envision awd,11,1,envision,2018 | 2019 | 2020 | 2021 | 2022 | 2023 | 2024 | 2025,0,consistent_observed_base_model
buick,envision fwd,6,1,envision,2018 | 2019 | 2020 | 2021 | 2022 | 2023,0,consistent_observed_base_model
buick,envista,2,1,envista,2024 | 2025,0,consistent_observed_base_model
buick,lacrosse,3,1,lacrosse,2016 | 2017 | 2018,0,consistent_observed_base_model
buick,lacrosse awd,3,1,lacrosse,2017 | 2018 | 2019,0,consistent_observed_base_model
buick,regal,3,1,regal,2016 | 2017,0,consistent_observed_base_model
buick,regal awd,4,1,regal,2015 | 2017 | 2020,0,consistent_observed_base_model
buick,regal tourx awd,3,1,regal,2018 | 2019 | 2020,0,consistent_observed_base_model
buick,verano,2,1,verano,2015,0,consistent_observed_base_model
cadillac,ats,10,1,ats,2016 | 2017 | 2018,0,consistent_observed_base_model
cadillac,ats awd,4,1,ats,2016 | 2019,0,consistent_observed_base_model
cadillac,ats-v,2,1,ats-v,2018,0,consistent_observed_base_model
cadillac,ct4,4,1,ct4,2021 | 2023,0,consistent_observed_base_model
cadillac,ct4 awd,8,1,ct4,2020 | 2021 | 2023 | 2025,0,consistent_observed_base_model
cadillac,ct4 v,9,1,ct4,2020 | 2022 | 2023 | 2025,0,consistent_observed_base_model
cadillac,ct4 v awd,3,1,ct4,2020 | 2022 | 2025,0,consistent_observed_base_model
cadillac,ct5,4,1,ct5,2021 | 2022,0,consistent_observed_base_model
cadillac,ct5 awd,4,1,ct5,2022 | 2025,0,consistent_observed_base_model
cadillac,ct5 v,4,1,ct5,2020 | 2024,0,consistent_observed_base_model
cadillac,ct5 v awd,1,1,ct5,2020,0,consistent_observed_base_model
cadillac,ct6,1,1,ct6,2019,0,consistent_observed_base_model
cadillac,ct6 awd,4,1,ct6,2017 | 2019,0,consistent_observed_base_model
cadillac,cts,5,1,cts,2015 | 2018,0,consistent_observed_base_model
cadillac,cts awd,2,1,cts,2019,0,consistent_observed_base_model
cadillac,cts sedan awd,1,1,cts,2016,0,consistent_observed_base_model
cadillac,cts-v,1,1,cts,2017,0,consistent_observed_base_model
cadillac,escalade 2wd,7,1,escalade,2015 | 2018 | 2019 | 2020 | 2021,0,consistent_observed_base_model
cadillac,escalade 4wd,6,1,escalade,2017 | 2018 | 2020 | 2021 | 2023,0,consistent_observed_base_model
cadillac,escalade esv 4wd,1,1,escalade,2015,0,consistent_observed_base_model
cadillac,srx,2,1,srx,2015 | 2016,0,consistent_observed_base_model
cadillac,xt4 awd,1,1,xt4,2022,0,consistent_observed_base_model
cadillac,xt5,1,1,xt5,2017,0,consistent_observed_base_model
cadillac,xt5 awd,4,1,xt5,2020 | 2024,0,consistent_observed_base_model
cadillac,xt5 fwd,2,1,xt5,2020,0,consistent_observed_base_model
cadillac,xt6 awd,2,1,xt6,2020 | 2024,0,consistent_observed_base_model
cadillac,xts,2,1,xts,2015 | 2017,0,consistent_observed_base_model
cadillac,xts awd,4,1,xts,2015 | 2019,0,consistent_observed_base_model
chevrolet,blazer awd,2,1,blazer,2020,0,consistent_observed_base_model
chevrolet,blazer fwd,2,1,blazer,2024,0,consistent_observed_base_model
chevrolet,camaro,6,1,camaro,2020,0,consistent_observed_base_model
chevrolet,corvette z06 carbon aero,1,1,corvette,2024,0,consistent_observed_base_model
chevrolet,cruze hatchback,1,1,cruze,2019,0,consistent_observed_base_model
chevrolet,cruze limited,4,1,cruze,2016,0,consistent_observed_base_model
chevrolet,cruze premier,1,1,cruze,2017,0,consistent_observed_base_model
chevrolet,equinox fwd,2,1,equinox,2021 | 2025,0,consistent_observed_base_model
chevrolet,impala,2,1,impala,2015,0,consistent_observed_base_model
chevrolet,malibu,5,1,malibu,2019 | 2021 | 2024,0,consistent_observed_base_model
chevrolet,sonic,6,1,sonic,2015 | 2019,0,consistent_observed_base_model
chevrolet,sonic 5,4,1,sonic,2017,0,consistent_observed_base_model
chevrolet,spark,4,1,spark,2018 | 2019,0,consistent_observed_base_model
chevrolet,suburban 2wd,2,1,suburban,2023,0,consistent_observed_base_model
chevrolet,tahoe 2wd,4,1,tahoe,2021 | 2023,0,consistent_observed_base_model
chevrolet,tahoe 4wd,7,1,tahoe,2021 | 2023,0,consistent_observed_base_model
chevrolet,tahoe c1500 2wd,2,1,tahoe,2020,0,consistent_observed_base_model
chevrolet,tahoe k1500 4wd,2,1,tahoe,2018,0,consistent_observed_base_model
chevrolet,traverse awd,2,1,traverse,2018 | 2025,0,consistent_observed_base_model
chevrolet,traverse fwd,2,1,traverse,2021 | 2024,0,consistent_observed_base_model
chevrolet,trax,2,1,trax,2015 | 2018,0,consistent_observed_base_model
chevrolet,trax awd,2,1,trax,2017 | 2019,0,consistent_observed_base_model
chrysler,200,4,1,200,2015 | 2016 | 2017,0,consistent_observed_base_model
chrysler,200 awd,1,1,200,2015,0,consistent_observed_base_model
chrysler,300,17,1,300,2016 | 2017 | 2018 | 2019 | 2020 | 2021 | 2022 | 2023,0,consistent_observed_base_model
chrysler,300 awd,9,1,300,2015 | 2016 | 2017 | 2018 | 2019 | 2020 | 2021 | 2022 | 2023,0,consistent_observed_base_model
dodge,challenger,14,1,challenger,2016 | 2017 | 2022,0,consistent_observed_base_model
dodge,challenger awd,2,1,challenger,2020 | 2021,0,consistent_observed_base_model
dodge,challenger srt,8,1,challenger,2017 | 2020 | 2022,0,consistent_observed_base_model
dodge,challenger srt widebody,2,1,challenger,2023,0,consistent_observed_base_model
dodge,challenger srt8,8,1,challenger,2015 | 2016,0,consistent_observed_base_model
dodge,challenger widebody,4,1,challenger,2020 | 2021,0,consistent_observed_base_model
dodge,charger,7,1,charger,2017 | 2018 | 2019,0,consistent_observed_base_model
dodge,charger awd,3,1,charger,2016 | 2018 | 2021,0,consistent_observed_base_model
dodge,charger srt,2,1,charger,2018,0,consistent_observed_base_model
dodge,charger srt widebody,3,1,charger,2021 | 2022 | 2023,0,consistent_observed_base_model
dodge,charger srt8,2,1,charger,2015,0,consistent_observed_base_model
dodge,charger widebody,2,1,charger,2022 | 2023,0,consistent_observed_base_model
dodge,durango awd,11,1,durango,2019 | 2020 | 2021 | 2023 | 2024 | 2025,0,consistent_observed_base_model
dodge,durango rwd,9,1,durango,2019 | 2020 | 2021 | 2022 | 2023,0,consistent_observed_base_model
dodge,durango srt awd,6,1,durango,2018 | 2020 | 2021 | 2024,0,consistent_observed_base_model
dodge,hornet awd,2,1,hornet,2023 | 2025,0,consistent_observed_base_model
dodge,journey,2,1,journey,2016 | 2017,0,consistent_observed_base_model
dodge,journey awd,1,1,journey,2015,0,consistent_observed_base_model
dodge,journey fwd,1,1,journey,2015,0,consistent_observed_base_model
dodge,viper srt,1,1,viper,2015,0,consistent_observed_base_model
ferrari,458 speciale,2,1,458 speciale,2015,0,consistent_observed_base_model
ferrari,458 speciale spider,2,1,458 speciale,2015,0,consistent_observed_base_model
ferrari,458 spider,2,1,458 spider,2015,0,consistent_observed_base_model
ferrari,488 gtb,8,1,488 gtb,2016 | 2017 | 2018 | 2019,0,consistent_observed_base_model
ferrari,488 pista,2,1,488 pista,2019 | 2020,0,consistent_observed_base_model
ferrari,488 pista spider,2,1,488 pista spider,2019 | 2020,0,consistent_observed_base_model
ferrari,488 spider,8,1,488 spider,2016 | 2017 | 2018 | 2019,0,consistent_observed_base_model
ferrari,812 competizione,2,1,812 competizione,2022 | 2024,0,consistent_observed_base_model
ferrari,812 competizione a,2,1,812 competizione,2023 | 2024,0,consistent_observed_base_model
ferrari,812 gts,3,1,812 gts,2021 | 2022 | 2023,0,consistent_observed_base_model
ferrari,812 superfast,4,1,812 superfast,2018 | 2019 | 2020 | 2021,0,consistent_observed_base_model
ferrari,california t,8,1,california t,2015 | 2016 | 2017 | 2018,0,consistent_observed_base_model
ferrari,daytona sp3,3,1,daytona sp3,2023 | 2024 | 2025,0,consistent_observed_base_model
ferrari,f12,2,1,f12,2016,0,consistent_observed_base_model
ferrari,f12 berlinetta,2,1,f12 berlinetta,2017,0,consistent_observed_base_model
ferrari,f12 tdf,2,1,f12 tdf,2017,0,consistent_observed_base_model
ferrari,f167 aba,1,1,f167 aba,2025,0,consistent_observed_base_model
ferrari,f175 aha,1,1,f175 aha,2023,0,consistent_observed_base_model
ferrari,f60 america,2,1,f60 america,2016,0,consistent_observed_base_model
ferrari,f8 spider,3,1,f8 spider,2021 | 2022 | 2023,0,consistent_observed_base_model
ferrari,f8 tributo,3,1,f8 tributo,2020 | 2021 | 2022,0,consistent_observed_base_model
ferrari,ff,4,1,ff,2015 | 2016,0,consistent_observed_base_model
ferrari,gtc4lusso,4,1,gtc4lusso,2017 | 2018 | 2019 | 2020,0,consistent_observed_base_model
ferrari,gtc4lusso t,3,1,gtc4lusso,2018 | 2019 | 2020,0,consistent_observed_base_model
ferrari,monza sp1,1,1,monza sp1,2023,0,consistent_observed_base_model
ferrari,portofino,3,1,portofino,2019 | 2020 | 2021,0,consistent_observed_base_model
ferrari,portofino m,3,1,portofino,2021 | 2022 | 2023,0,consistent_observed_base_model
ferrari,purosangue,2,1,purosangue,2024 | 2025,0,consistent_observed_base_model
ferrari,roma,3,1,roma,2021 | 2022 | 2024,0,consistent_observed_base_model
ferrari,roma spider,2,1,roma,2024 | 2025,0,consistent_observed_base_model
fiat,124 spider,8,1,124 spider,2017 | 2018 | 2019 | 2020,0,consistent_observed_base_model
fiat,500,16,1,500,2015 | 2016 | 2017 | 2018 | 2019,0,consistent_observed_base_model
fiat,500 abarth,8,1,500,2015 | 2017 | 2018 | 2019,0,consistent_observed_base_model
fiat,500 l,9,2,500 | 500 l,2015 | 2016 | 2017 | 2018 | 2019 | 2020,0,multiple_base_models_for_same_full_model_review
fiat,500 x,2,1,500 x,2016 | 2018,0,consistent_observed_base_model
fiat,500 x awd,3,1,500 x,2016 | 2017 | 2018,0,consistent_observed_base_model
fiat,500x awd,5,1,500,2019 | 2020 | 2021 | 2022 | 2023,0,consistent_observed_base_model
ford,bronco 4wd,3,1,bronco,2024,0,consistent_observed_base_model
ford,bronco outer banks 4wd,1,1,bronco,2025,0,consistent_observed_base_model
ford,bronco sasquatch 4wd,2,1,bronco,2025,0,consistent_observed_base_model
ford,edge awd,9,1,edge,2015 | 2018 | 2023,0,consistent_observed_base_model
ford,escape awd,2,1,escape,2020,0,consistent_observed_base_model
ford,escape fwd,1,1,escape,2022,0,consistent_observed_base_model
ford,expedition 2wd,1,1,expedition,2020,0,consistent_observed_base_model
ford,expedition 4wd,1,1,expedition,2021,0,consistent_observed_base_model
ford,expedition max 2wd,1,1,expedition,2021,0,consistent_observed_base_model
ford,expedition max 4wd,1,1,expedition,2020,0,consistent_observed_base_model
ford,explorer awd,11,1,explorer,2017 | 2018 | 2022 | 2025,0,consistent_observed_base_model
ford,fiesta fwd,2,1,fiesta,2019,0,consistent_observed_base_model
ford,flex fwd,1,1,flex,2016,0,consistent_observed_base_model
ford,focus sfe fwd,1,1,focus,2015,0,consistent_observed_base_model
ford,fusion fwd,7,1,fusion,2016 | 2019,0,consistent_observed_base_model
ford,mustang,1,1,mustang,2023,0,consistent_observed_base_model
ford,mustang ho coupe,2,1,mustang,2021,0,consistent_observed_base_model
ford,taurus awd,2,1,taurus,2015,0,consistent_observed_base_model
genesis,g70 awd,9,1,g70,2019 | 2021 | 2022 | 2023 | 2024,0,consistent_observed_base_model
genesis,g70 rwd,11,1,g70,2020 | 2021 | 2022 | 2024 | 2025,0,consistent_observed_base_model
genesis,g80 awd,16,1,g80,2017 | 2018 | 2019 | 2020 | 2022 | 2023 | 2024 | 2025,0,consistent_observed_base_model
genesis,g80 rwd,13,1,g80,2017 | 2018 | 2019 | 2020 | 2021,0,consistent_observed_base_model
genesis,g90 awd,13,1,g90,2017 | 2018 | 2019 | 2020 | 2021 | 2022 | 2023 | 2025,0,consistent_observed_base_model
genesis,g90 rwd,6,1,g90,2017 | 2018 | 2022,0,consistent_observed_base_model
genesis,gv70 awd,6,1,gv70,2023 | 2024,0,consistent_observed_base_model
genesis,gv80 awd,3,1,gv80,2022 | 2025,0,consistent_observed_base_model
genesis,gv80 rwd,2,1,gv80,2021 | 2022,0,consistent_observed_base_model
gmc,acadia awd,3,1,acadia,2015 | 2019,0,consistent_observed_base_model
gmc,acadia fwd,4,1,acadia,2015 | 2017 | 2025,0,consistent_observed_base_model
gmc,terrain awd,4,1,terrain,2015 | 2018,0,consistent_observed_base_model
gmc,terrain fwd,5,1,terrain,2016 | 2017 | 2024,0,consistent_observed_base_model
gmc,yukon 2wd,6,1,yukon,2021 | 2025,0,consistent_observed_base_model
gmc,yukon 4wd,2,1,yukon,2024,0,consistent_observed_base_model
gmc,yukon c1500 2wd,1,1,yukon,2018,0,consistent_observed_base_model
gmc,yukon c1500 xl 2wd,6,1,yukon,2015 | 2018 | 2020,0,consistent_observed_base_model
gmc,yukon k1500 4wd,2,1,yukon,2017,0,consistent_observed_base_model
gmc,yukon k1500 xl 4wd,2,1,yukon,2016,0,consistent_observed_base_model
gmc,yukon xl 2wd,4,1,yukon,2021,0,consistent_observed_base_model
honda,accord,8,1,accord,2015 | 2018 | 2025,0,consistent_observed_base_model
honda,accord 2.0t sport/touring,1,1,accord,2020,0,consistent_observed_base_model
honda,civic 4dr,8,1,civic,2022 | 2023,0,consistent_observed_base_model
honda,civic 5dr,18,1,civic,2019 | 2020 | 2021 | 2023,0,consistent_observed_base_model
honda,civic 5dr - type r,1,1,civic,2018,0,consistent_observed_base_model
honda,civic hf,1,1,civic,2015,0,consistent_observed_base_model
honda,civic si 4dr,1,1,civic,2018,0,consistent_observed_base_model
honda,cr-v 4wd,1,1,cr-v,2016,0,consistent_observed_base_model
honda,cr-v awd,6,1,cr-v,2018 | 2019 | 2024 | 2025,0,consistent_observed_base_model
honda,cr-v fwd,2,1,cr-v,2018,0,consistent_observed_base_model
honda,crosstour 2wd,2,1,crosstour,2015,0,consistent_observed_base_model
honda,fit,12,1,fit,2015 | 2016 | 2017 | 2018 | 2019,0,consistent_observed_base_model
honda,hr-v 2wd,3,1,hr-v,2016,0,consistent_observed_base_model
honda,hr-v 4wd,2,1,hr-v,2016,0,consistent_observed_base_model
honda,hr-v awd,6,1,hr-v,2019 | 2022 | 2024 | 2025,0,consistent_observed_base_model
honda,hr-v fwd,4,1,hr-v,2017 | 2024,0,consistent_observed_base_model
honda,passport awd,1,1,passport,2024,0,consistent_observed_base_model
honda,passport fwd,1,1,passport,2021,0,consistent_observed_base_model
honda,pilot awd,3,1,pilot,2017 | 2025,0,consistent_observed_base_model
honda,pilot awd trailsport,1,1,pilot,2024,0,consistent_observed_base_model
honda,pilot fwd,4,1,pilot,2020 | 2021 | 2025,0,consistent_observed_base_model
hyundai,accent,4,1,accent,2016 | 2018,0,consistent_observed_base_model
hyundai,azera,2,1,azera,2016 | 2017,0,consistent_observed_base_model
hyundai,azera limited,1,1,azera,2017,0,consistent_observed_base_model
hyundai,elantra,12,1,elantra,2019 | 2021 | 2023,0,consistent_observed_base_model
hyundai,elantra coupe,2,1,elantra,2015,0,consistent_observed_base_model
hyundai,elantra gt,4,1,elantra,2015 | 2016,0,consistent_observed_base_model
hyundai,elantra se,2,1,elantra,2018 | 2019,0,consistent_observed_base_model
hyundai,genesis rwd,4,1,genesis,2015 | 2016,0,consistent_observed_base_model
hyundai,kona awd,3,1,kona,2024,0,consistent_observed_base_model
hyundai,kona fwd,7,1,kona,2020 | 2022 | 2024,0,consistent_observed_base_model
hyundai,kona n,1,1,kona,2023,0,consistent_observed_base_model
hyundai,palisade awd,3,1,palisade,2021 | 2024 | 2025,0,consistent_observed_base_model
hyundai,palisade fwd,1,1,palisade,2022,0,consistent_observed_base_model
hyundai,santa cruz awd,4,1,santa cruz,2022 | 2025,0,consistent_observed_base_model
hyundai,santa cruz fwd,1,1,santa cruz,2023,0,consistent_observed_base_model
hyundai,santa fe awd,7,1,santa fe,2015 | 2017 | 2020 | 2023 | 2024,0,consistent_observed_base_model
hyundai,santa fe awd xrt,1,1,santa fe,2024,0,consistent_observed_base_model
hyundai,santa fe fwd,1,1,santa fe,2018,0,consistent_observed_base_model
hyundai,santa fe sport awd,2,1,santa fe,2018,0,consistent_observed_base_model
hyundai,santa fe sport fwd,2,1,santa fe,2017,0,consistent_observed_base_model
hyundai,santa fe sport ultimate fwd,2,1,santa fe,2015 | 2017,0,consistent_observed_base_model
hyundai,santa fe ultimate fwd,1,1,santa fe,2017,0,consistent_observed_base_model
hyundai,sonata,4,1,sonata,2022,0,consistent_observed_base_model
hyundai,sonata awd,1,1,sonata,2024,0,consistent_observed_base_model
hyundai,sonata fwd,3,1,sonata,2025,0,consistent_observed_base_model
hyundai,sonata limited,1,1,sonata,2015,0,consistent_observed_base_model
hyundai,tucson awd,4,1,tucson,2018 | 2025,0,consistent_observed_base_model
hyundai,tucson eco fwd,1,1,tucson,2016,0,consistent_observed_base_model
hyundai,tucson fwd,6,1,tucson,2017 | 2020 | 2023 | 2025,0,consistent_observed_base_model
hyundai,veloster,5,1,veloster,2019 | 2020,0,consistent_observed_base_model
hyundai,veloster n,2,1,veloster,2021,0,consistent_observed_base_model
ineos automotive,grenadier,3,1,grenadier,2023 | 2024 | 2025,0,consistent_observed_base_model
ineos automotive,grenadier trialmaster edition,3,1,grenadier,2023 | 2024 | 2025,0,consistent_observed_base_model
infiniti,q40,1,1,q40,2015,0,consistent_observed_base_model
infiniti,q40 awd,1,1,q40,2015,0,consistent_observed_base_model
infiniti,q50,3,1,q50,2021 | 2023 | 2024,0,consistent_observed_base_model
infiniti,q50 awd,6,1,q50,2018 | 2020 | 2021 | 2023 | 2024,0,consistent_observed_base_model
infiniti,q50 red sport,6,1,q50,2018 | 2019 | 2020 | 2021 | 2023 | 2024,0,consistent_observed_base_model
infiniti,q50 red sport awd,3,1,q50,2020 | 2021 | 2022,0,consistent_observed_base_model
infiniti,q50s awd,1,1,q50,2016,0,consistent_observed_base_model
infiniti,q50s red sport,1,1,q50,2017,0,consistent_observed_base_model
infiniti,q50s red sport awd,2,1,q50,2016 | 2017,0,consistent_observed_base_model
infiniti,q60,4,1,q60,2017 | 2021 | 2022,0,consistent_observed_base_model
infiniti,q60 awd,7,1,q60,2015 | 2018 | 2019 | 2020 | 2022,0,consistent_observed_base_model
infiniti,q60 red sport,2,1,q60,2020 | 2022,0,consistent_observed_base_model
infiniti,q60 red sport awd,3,1,q60,2019 | 2021 | 2022,0,consistent_observed_base_model
infiniti,q60s red sport,1,1,q60,2017,0,consistent_observed_base_model
infiniti,q70,2,1,q70,2016,0,consistent_observed_base_model
infiniti,q70 awd,6,1,q70,2016 | 2017 | 2019,0,consistent_observed_base_model
infiniti,qx30,2,1,qx30,2018 | 2019,0,consistent_observed_base_model
infiniti,qx30 awd,3,1,qx30,2017 | 2018 | 2019,0,consistent_observed_base_model
infiniti,qx50,9,1,qx50,2015 | 2016 | 2019 | 2020 | 2021 | 2022 | 2023 | 2024 | 2025,0,consistent_observed_base_model
infiniti,qx50 awd,6,1,qx50,2016 | 2021 | 2022 | 2023 | 2024 | 2025,0,consistent_observed_base_model
infiniti,qx55 awd,3,1,qx55,2023 | 2024 | 2025,0,consistent_observed_base_model
infiniti,qx60 awd,8,1,qx60,2015 | 2017 | 2018 | 2020 | 2022 | 2023 | 2024 | 2025,0,consistent_observed_base_model
infiniti,qx60 fwd,3,1,qx60,2022 | 2024 | 2025,0,consistent_observed_base_model
infiniti,qx70 awd,3,1,qx70,2015 | 2016 | 2017,0,consistent_observed_base_model
infiniti,qx80 2wd,8,1,qx80,2015 | 2017 | 2018 | 2019 | 2020 | 2022 | 2024 | 2025,0,consistent_observed_base_model
infiniti,qx80 4wd,9,1,qx80,2015 | 2018 | 2020 | 2021 | 2023 | 2024 | 2025,0,consistent_observed_base_model
infiniti,qx80 4wd (over 6000 lbs curb weight),1,1,qx80,2015,0,consistent_observed_base_model
jaguar,e-pace,5,1,e-pace,2018 | 2020 | 2021 | 2022 | 2024,0,consistent_observed_base_model
jaguar,e-pace (296 hp),1,1,e-pace,2018,0,consistent_observed_base_model
jaguar,e-pace p300,1,1,e-pace,2019,0,consistent_observed_base_model
jaguar,f-pace,7,1,f-pace,2017 | 2019 | 2023 | 2024 | 2025,0,consistent_observed_base_model
jaguar,f-pace 30t,1,1,f-pace,2020,0,consistent_observed_base_model
jaguar,f-pace svr,2,1,f-pace,2021 | 2025,0,consistent_observed_base_model
jaguar,f-type convertible,3,1,f-type,2020 | 2021,0,consistent_observed_base_model
jaguar,f-type coupe,3,1,f-type,2016 | 2021,0,consistent_observed_base_model
jaguar,f-type p450 awd r-dynamic convertible,2,1,f-type,2022 | 2023,0,consistent_observed_base_model
jaguar,f-type p450 awd r-dynamic coupe,3,1,f-type,2022 | 2023 | 2024,0,consistent_observed_base_model
jaguar,f-type p450 rwd convertible,3,1,f-type,2022 | 2023 | 2024,0,consistent_observed_base_model
jaguar,f-type p450 rwd coupe,2,1,f-type,2022 | 2023,0,consistent_observed_base_model
jaguar,f-type r awd convertible,2,1,f-type,2021 | 2024,0,consistent_observed_base_model
jaguar,f-type r awd coupe,2,1,f-type,2022 | 2024,0,consistent_observed_base_model
jaguar,f-type r convertible,1,1,f-type,2016,0,consistent_observed_base_model
jaguar,f-type s awd convertible,2,1,f-type,2017 | 2021,0,consistent_observed_base_model
jaguar,f-type s awd coupe,1,1,f-type,2018,0,consistent_observed_base_model
jaguar,f-type s convertible,3,1,f-type,2015 | 2017,0,consistent_observed_base_model
jaguar,f-type s coupe,5,1,f-type,2015 | 2016 | 2020 | 2021,0,consistent_observed_base_model
jaguar,f-type v8 s convertible,1,1,f-type,2015,0,consistent_observed_base_model
jaguar,xe (296 hp),1,1,xe,2018,0,consistent_observed_base_model
jaguar,xe 30t,1,1,xe,2020,0,consistent_observed_base_model
jaguar,xe awd,4,1,xe,2017 | 2019,0,consistent_observed_base_model
jaguar,xe awd (296 hp),1,1,xe,2018,0,consistent_observed_base_model
jaguar,xe awd 30t,1,1,xe,2020,0,consistent_observed_base_model
jaguar,xe p250,1,1,xe,2021,0,consistent_observed_base_model
jaguar,xe p250 awd,1,1,xe,2021,0,consistent_observed_base_model
jaguar,xe p300 awd,1,1,xe,2021,0,consistent_observed_base_model
jaguar,xf,3,1,xf,2015 | 2017 | 2020,0,consistent_observed_base_model
jaguar,xf (296 hp),1,1,xf,2018,0,consistent_observed_base_model
jaguar,xf awd,1,1,xf,2015,0,consistent_observed_base_model
jaguar,xf awd 30t,1,1,xf,2020,0,consistent_observed_base_model
jaguar,xf p250,2,1,xf,2023 | 2024,0,consistent_observed_base_model
jaguar,xf p250 awd,3,1,xf,2021 | 2022 | 2023,0,consistent_observed_base_model
jaguar,xf p300 awd,3,1,xf,2022 | 2023 | 2024,0,consistent_observed_base_model
jaguar,xf sportbrake awd,2,1,xf,2018 | 2019,0,consistent_observed_base_model
jaguar,xj,7,1,xj,2015 | 2016 | 2017 | 2018,0,consistent_observed_base_model
jaguar,xj awd,2,1,xj,2015 | 2016,0,consistent_observed_base_model
jaguar,xjl,5,1,xjl,2015 | 2016 | 2017,0,consistent_observed_base_model
jaguar,xjl awd,1,1,xjl,2015,0,consistent_observed_base_model
jeep,cherokee 4wd,6,1,cherokee,2018 | 2019 | 2020,0,consistent_observed_base_model
jeep,cherokee 4wd active drive ii,6,1,cherokee,2015 | 2016 | 2017,0,consistent_observed_base_model
jeep,cherokee fwd,6,1,cherokee,2015 | 2016 | 2017,0,consistent_observed_base_model
jeep,cherokee trailhawk 4wd,1,1,cherokee,2022,0,consistent_observed_base_model
jeep,compass 4wd,3,1,compass,2015 | 2022,0,consistent_observed_base_model
jeep,compass fwd,4,1,compass,2018 | 2019,0,consistent_observed_base_model
jeep,grand cherokee 2wd,4,1,grand cherokee,2016 | 2023 | 2024 | 2025,0,consistent_observed_base_model
jeep,grand cherokee 4wd,6,1,grand cherokee,2019 | 2021 | 2023,0,consistent_observed_base_model
jeep,grand cherokee l 2wd,1,1,grand cherokee,2022,0,consistent_observed_base_model
jeep,grand cherokee l 4wd,5,1,grand cherokee,2022 | 2024 | 2025,0,consistent_observed_base_model
jeep,grand cherokee srt8 4wd,1,1,grand cherokee,2016,0,consistent_observed_base_model
jeep,grand cherokee trackhawk 4wd,3,1,grand cherokee,2018 | 2019 | 2021,0,consistent_observed_base_model
jeep,grand wagoneer 2wd,2,1,grand wagoneer,2022,0,consistent_observed_base_model
jeep,grand wagoneer 4wd,2,1,grand wagoneer,2022,0,consistent_observed_base_model
jeep,grand wagoneer l 4wd,2,1,grand wagoneer,2024 | 2025,0,consistent_observed_base_model
jeep,new wrangler unlimited 4wd,1,1,wrangler,2018,0,consistent_observed_base_model
jeep,patriot fwd,8,1,patriot,2015 | 2017,0,consistent_observed_base_model
jeep,renegade 2wd,5,1,renegade,2018 | 2019 | 2022,0,consistent_observed_base_model
jeep,renegade 4wd,7,1,renegade,2016 | 2018 | 2019 | 2022,0,consistent_observed_base_model
jeep,renegade trailhawk 4wd,2,1,renegade,2021 | 2022,0,consistent_observed_base_model
jeep,wagoneer 4wd,1,1,wagoneer,2024,0,consistent_observed_base_model
jeep,wagoneer l 4wd,2,1,wagoneer,2023 | 2025,0,consistent_observed_base_model
jeep,wrangler 4dr 4wd,12,1,wrangler,2021 | 2023 | 2025,0,consistent_observed_base_model
jeep,wrangler 4wd,8,1,wrangler,2015 | 2016 | 2017 | 2020,0,consistent_observed_base_model
jeep,wrangler rubicon 2dr 4wd,1,1,wrangler,2024,0,consistent_observed_base_model
jeep,wrangler unlimited 4wd,3,1,wrangler,2020,0,consistent_observed_base_model
kia,cadenza,1,1,cadenza,2015,0,consistent_observed_base_model
kia,forte,5,1,forte,2019 | 2022,0,consistent_observed_base_model
kia,forte 5,3,1,forte,2017,0,consistent_observed_base_model
kia,forte fe,3,1,forte,2020 | 2021 | 2023,0,consistent_observed_base_model
kia,forte koup,4,1,forte,2015,0,consistent_observed_base_model
kia,k5,6,1,k5,2021 | 2022,0,consistent_observed_base_model
kia,k5 awd,1,1,k5,2023,0,consistent_observed_base_model
kia,k900,3,1,k900,2017 | 2019,0,consistent_observed_base_model
kia,optima,6,1,optima,2015 | 2018 | 2019,0,consistent_observed_base_model
kia,optima fe,3,1,optima,2016 | 2017,0,consistent_observed_base_model
kia,optima s,1,1,optima,2018,0,consistent_observed_base_model
kia,rio,6,1,rio,2018 | 2019 | 2020 | 2022,0,consistent_observed_base_model
kia,rio eco,1,1,rio,2016,0,consistent_observed_base_model
kia,seltos awd,6,1,seltos,2022 | 2024 | 2025,0,consistent_observed_base_model
kia,seltos fwd,1,1,seltos,2024,0,consistent_observed_base_model
kia,sorento awd,6,1,sorento,2016 | 2018 | 2023,0,consistent_observed_base_model
kia,sorento fe awd,1,1,sorento,2016,0,consistent_observed_base_model
kia,sorento fwd,4,1,sorento,2021 | 2023,0,consistent_observed_base_model
kia,soul eco dynamics,2,1,soul,2020 | 2025,0,consistent_observed_base_model
kia,sportage awd,4,1,sportage,2017 | 2021 | 2024,0,consistent_observed_base_model
kia,sportage fwd,9,1,sportage,2015 | 2016 | 2018 | 2022 | 2024 | 2025,0,consistent_observed_base_model
kia,sportage x-pro,1,1,sportage,2025,0,consistent_observed_base_model
kia,stinger rwd,2,1,stinger,2020,0,consistent_observed_base_model
kia,telluride awd,1,1,telluride,2020,0,consistent_observed_base_model
kia,telluride fwd,2,1,telluride,2020 | 2025,0,consistent_observed_base_model
koenigsegg,agera rs,1,1,agera rs,2018,0,consistent_observed_base_model
lamborghini,aventador countach,1,1,aventador,2022,0,consistent_observed_base_model
lamborghini,aventador coupe,8,1,aventador,2015 | 2016 | 2017 | 2018 | 2019 | 2020 | 2021 | 2022,0,consistent_observed_base_model
lamborghini,aventador coupe lp740-4,1,1,aventador,2017,0,consistent_observed_base_model
lamborghini,aventador roadster,8,1,aventador,2015 | 2016 | 2017 | 2018 | 2019 | 2020 | 2021 | 2022,0,consistent_observed_base_model
lamborghini,aventador roadster lp740-4,1,1,aventador,2017,0,consistent_observed_base_model
lamborghini,aventador s coupe,1,1,aventador,2018,0,consistent_observed_base_model
lamborghini,aventador s roadster,1,1,aventador,2018,0,consistent_observed_base_model
lamborghini,aventador sian coupe,2,1,aventador,2020 | 2021,0,consistent_observed_base_model
lamborghini,aventador sian roadster,2,1,aventador,2020 | 2021,0,consistent_observed_base_model
lamborghini,huracan,7,1,huracan,2015 | 2016 | 2017 | 2018 | 2019 | 2020 | 2021,0,consistent_observed_base_model
lamborghini,huracan 2wd,5,1,huracan,2017 | 2018 | 2019 | 2020 | 2021,0,consistent_observed_base_model
lamborghini,huracan coupe,2,1,huracan,2022 | 2023,0,consistent_observed_base_model
lamborghini,huracan coupe 2wd,2,1,huracan,2023 | 2024,0,consistent_observed_base_model
lamborghini,huracan coupe rwd,1,1,huracan,2022,0,consistent_observed_base_model
lamborghini,huracan spyder,9,1,huracan,2016 | 2017 | 2018 | 2019 | 2020 | 2021 | 2022 | 2023 | 2024,0,consistent_observed_base_model
lamborghini,huracan spyder 2wd,6,1,huracan,2017 | 2018 | 2019 | 2020 | 2021 | 2023,0,consistent_observed_base_model
lamborghini,huracan spyder rwd,1,1,huracan,2022,0,consistent_observed_base_model
lamborghini,huracan sterrato,1,1,huracan,2024,0,consistent_observed_base_model
lamborghini,urus,4,1,urus,2019 | 2020 | 2021 | 2022,0,consistent_observed_base_model
lamborghini,urus performante,2,1,urus,2023 | 2024,0,consistent_observed_base_model
lamborghini,urus s,2,1,urus,2023 | 2024,0,consistent_observed_base_model
lamborghini,veneno roadster,1,1,veneno,2015,0,consistent_observed_base_model
land rover,defender 110,5,1,defender,2020 | 2023 | 2024,0,consistent_observed_base_model
land rover,defender 130,1,1,defender,2025,0,consistent_observed_base_model
land rover,defender 90,3,1,defender,2021 | 2025,0,consistent_observed_base_model
land rover,discovery,3,1,discovery,2017 | 2018 | 2019,0,consistent_observed_base_model
land rover,discovery sport,6,1,discovery,2015 | 2016 | 2017 | 2019 | 2020 | 2023,0,consistent_observed_base_model
land rover,discovery sport (286 hp),1,1,discovery,2018,0,consistent_observed_base_model
land rover,discovery sport si4,1,1,discovery,2019,0,consistent_observed_base_model
land rover,evoque,1,1,evoque,2021,0,consistent_observed_base_model
land rover,lr2,1,1,lr2,2015,0,consistent_observed_base_model
land rover,lr4,2,1,lr4,2015 | 2016,0,consistent_observed_base_model
land rover,new range rover,1,1,range rover,2022,0,consistent_observed_base_model
land rover,new range rover lwb,1,1,range rover,2022,0,consistent_observed_base_model
land rover,range rover,8,1,range rover,2015 | 2016 | 2017 | 2018 | 2020,0,consistent_observed_base_model
land rover,range rover evoque,4,1,range rover,2015 | 2016 | 2017 | 2018,0,consistent_observed_base_model
land rover,range rover evoque (286 hp),1,1,range rover,2018,0,consistent_observed_base_model
land rover,range rover evoque 237hp,1,1,range rover,2019,0,consistent_observed_base_model
land rover,range rover evoque cabriolet,1,1,range rover,2019,0,consistent_observed_base_model
land rover,range rover evoque convertible,3,1,range rover,2016 | 2017 | 2018,0,consistent_observed_base_model
land rover,range rover lwb,6,1,range rover,2015 | 2016 | 2017 | 2018 | 2019,0,consistent_observed_base_model
land rover,range rover lwb sva,3,1,range rover,2018 | 2020 | 2022,0,consistent_observed_base_model
land rover,range rover sport,6,1,range rover,2015 | 2016 | 2017 | 2022,0,consistent_observed_base_model
land rover,range rover sport svr,5,1,range rover,2018 | 2019 | 2020 | 2021 | 2022,0,consistent_observed_base_model
land rover,range rover sv coupe,1,1,range rover,2019,0,consistent_observed_base_model
land rover,range rover sva,2,1,range rover,2018 | 2021,0,consistent_observed_base_model
land rover,range rover velar,6,1,range rover,2020 | 2021 | 2022 | 2023 | 2025,0,consistent_observed_base_model
lexus,es 350,3,1,es,2015 | 2020 | 2022,0,consistent_observed_base_model
lexus,es 350 f sport,3,1,es,2021 | 2023 | 2024,0,consistent_observed_base_model
lexus,gs 200t f sport,1,1,gs,2017,0,consistent_observed_base_model
lexus,gs 300,2,1,gs,2018 | 2019,0,consistent_observed_base_model
lexus,gs 300 f sport,1,1,gs,2018,0,consistent_observed_base_model
lexus,gs 350 awd,1,1,gs,2016,0,consistent_observed_base_model
lexus,gs 350 f sport,2,1,gs,2016 | 2017,0,consistent_observed_base_model
lexus,gs f,2,1,gs,2016 | 2018,0,consistent_observed_base_model
lexus,gx 460,2,1,gx,2019 | 2023,0,consistent_observed_base_model
lexus,is 200t,1,1,is,2016,0,consistent_observed_base_model
lexus,is 250 c,1,1,is,2015,0,consistent_observed_base_model
lexus,is 300,3,1,is,2018 | 2020 | 2023,0,consistent_observed_base_model
lexus,is 300 awd,5,1,is,2018 | 2019 | 2020 | 2022 | 2023,0,consistent_observed_base_model
lexus,is 350,2,1,is,2015 | 2022,0,consistent_observed_base_model
lexus,is 350 awd,1,1,is,2025,0,consistent_observed_base_model
lexus,lc 500,2,1,lc,2019 | 2022,0,consistent_observed_base_model
lexus,lc 500 convertible,1,1,lc,2023,0,consistent_observed_base_model
lexus,ls 460,1,1,ls,2016,0,consistent_observed_base_model
lexus,ls 460 awd,1,1,ls,2016,0,consistent_observed_base_model
lexus,ls 460 l awd,1,1,ls,2015,0,consistent_observed_base_model
lexus,ls 500 awd,2,1,ls,2019 | 2023,0,consistent_observed_base_model
lexus,lx 570,1,1,lx,2020,0,consistent_observed_base_model
lexus,lx 600,1,1,lx,2024,0,consistent_observed_base_model
lexus,nx 200t awd,1,1,nx,2015,0,consistent_observed_base_model
lexus,nx 200t awd f sport,1,1,nx,2017,0,consistent_observed_base_model
lexus,nx 250,1,1,nx,2022,0,consistent_observed_base_model
lexus,nx 250 awd,1,1,nx,2024,0,consistent_observed_base_model
lexus,nx 300,1,1,nx,2019,0,consistent_observed_base_model
lexus,nx 300 awd f sport,2,1,nx,2018 | 2020,0,consistent_observed_base_model
lexus,rc 300,3,1,rc,2021 | 2022 | 2024,0,consistent_observed_base_model
lexus,rc 300 awd,2,1,rc,2016 | 2017,0,consistent_observed_base_model
lexus,rc 350,2,1,rc,2017 | 2021,0,consistent_observed_base_model
lexus,rc 350 awd,1,1,rc,2024,0,consistent_observed_base_model
lexus,rc f,6,2,rc | rc f,2016 | 2018 | 2019 | 2020 | 2023 | 2024,0,multiple_base_models_for_same_full_model_review
lexus,rx 350,5,1,rx,2017 | 2018 | 2020 | 2023 | 2025,0,consistent_observed_base_model
lexus,rx 350 awd,3,1,rx,2018 | 2021 | 2025,0,consistent_observed_base_model
lexus,rx 350 l,2,1,rx,2018 | 2021,0,consistent_observed_base_model
lexus,tx 350,1,1,tx,2024,0,consistent_observed_base_model
lexus,ux 200,2,1,ux,2019 | 2021,0,consistent_observed_base_model
lincoln,aviator awd,5,1,aviator,2020 | 2021 | 2022 | 2024 | 2025,0,consistent_observed_base_model
lincoln,aviator rwd,6,1,aviator,2020 | 2021 | 2022 | 2023 | 2024 | 2025,0,consistent_observed_base_model
lincoln,continental awd,4,1,continental,2017 | 2019,0,consistent_observed_base_model
lincoln,continental fwd,8,1,continental,2017 | 2018 | 2019 | 2020,0,consistent_observed_base_model
lincoln,corsair awd,8,1,corsair,2020 | 2021 | 2022 | 2023 | 2024 | 2025,0,consistent_observed_base_model
lincoln,corsair fwd,6,1,corsair,2020 | 2021 | 2022 | 2023 | 2024 | 2025,0,consistent_observed_base_model
lincoln,mkc awd,4,1,mkc,2015 | 2016,0,consistent_observed_base_model
lincoln,mkc fwd,2,1,mkc,2015 | 2019,0,consistent_observed_base_model
lincoln,mks awd,2,1,mks,2016,0,consistent_observed_base_model
lincoln,mks fwd,1,1,mks,2015,0,consistent_observed_base_model
lincoln,mkt awd,2,1,mkt,2017 | 2019,0,consistent_observed_base_model
lincoln,mkt fwd,2,1,mkt,2015 | 2019,0,consistent_observed_base_model
lincoln,mkx awd,2,1,mkx,2018,0,consistent_observed_base_model
lincoln,mkx fwd,5,1,mkx,2015 | 2017 | 2018,0,consistent_observed_base_model
lincoln,mkz awd,9,1,mkz,2016 | 2017 | 2018 | 2019 | 2020,0,consistent_observed_base_model
lincoln,mkz fwd,5,1,mkz,2015 | 2016 | 2020,0,consistent_observed_base_model
lincoln,nautilus awd,13,1,nautilus,2020 | 2021 | 2022 | 2023 | 2024 | 2025,0,consistent_observed_base_model
lincoln,nautilus fwd,2,1,nautilus,2023,0,consistent_observed_base_model
lincoln,navigator 2wd,6,1,navigator,2015 | 2016 | 2018 | 2021 | 2023,0,consistent_observed_base_model
lincoln,navigator 4wd,7,1,navigator,2017 | 2018 | 2019 | 2021 | 2023 | 2024 | 2025,0,consistent_observed_base_model
lincoln,navigator l 2wd,5,1,navigator,2015 | 2016 | 2018 | 2019 | 2021,0,consistent_observed_base_model
lincoln,navigator l 4wd,2,1,navigator,2015 | 2017,0,consistent_observed_base_model
lotus,emira,4,1,emira,2024 | 2025,0,consistent_observed_base_model
lotus,evora,6,1,evora,2017 | 2018 | 2020,0,consistent_observed_base_model
lotus,evora gt,4,1,evora,2020 | 2021,0,consistent_observed_base_model
maserati,ghibli,2,1,ghibli,2020 | 2021,0,consistent_observed_base_model
maserati,ghibli gt,2,1,ghibli,2022 | 2023,0,consistent_observed_base_model
maserati,ghibli modena awd,2,1,ghibli,2022 | 2024,0,consistent_observed_base_model
maserati,ghibli modena rwd,1,1,ghibli,2024,0,consistent_observed_base_model
maserati,ghibli s,2,1,ghibli,2020 | 2021,0,consistent_observed_base_model
maserati,ghibli s rwd,4,1,ghibli,2016 | 2017 | 2018 | 2019,0,consistent_observed_base_model
maserati,ghibli sq4,2,1,ghibli,2020 | 2021,0,consistent_observed_base_model
maserati,ghibli trofeo,1,1,ghibli,2021,0,consistent_observed_base_model
maserati,ghibli v6,3,1,ghibli,2015 | 2016 | 2017,0,consistent_observed_base_model
maserati,ghibli v6 rwd,1,1,ghibli,2018,0,consistent_observed_base_model
maserati,ghibli v6 sq4,2,1,ghibli,2015 | 2016,0,consistent_observed_base_model
maserati,ghibli v6 sq4 awd,3,1,ghibli,2017 | 2018 | 2019,0,consistent_observed_base_model
maserati,grancabrio modena,1,1,grancabrio,2025,0,consistent_observed_base_model
maserati,grancabrio trofeo,2,1,grancabrio,2024 | 2025,0,consistent_observed_base_model
maserati,granturismo,4,1,granturismo,2015 | 2016 | 2017 | 2018,0,consistent_observed_base_model
maserati,granturismo convertible,5,1,granturismo,2015 | 2016 | 2017 | 2018 | 2019,0,consistent_observed_base_model
maserati,granturismo modena,1,1,granturismo,2025,0,consistent_observed_base_model
maserati,granturismo trofeo,1,1,granturismo,2024,0,consistent_observed_base_model
maserati,grecale trofeo,1,1,grecale,2023,0,consistent_observed_base_model
maserati,gt2 stradale,1,1,gt2 stradale,2025,0,consistent_observed_base_model
maserati,levante,5,1,levante,2017 | 2018 | 2019 | 2020 | 2021,0,consistent_observed_base_model
maserati,levante gt,3,1,levante,2022 | 2023 | 2024,0,consistent_observed_base_model
maserati,levante gts,3,1,levante,2019 | 2020 | 2021,0,consistent_observed_base_model
maserati,levante modena,2,1,levante,2022 | 2024,0,consistent_observed_base_model
maserati,levante modena v8,1,1,levante,2022,0,consistent_observed_base_model
maserati,levante s,5,1,levante,2017 | 2018 | 2019 | 2020 | 2021,0,consistent_observed_base_model
maserati,levante trofeo,4,1,levante,2019 | 2020 | 2022 | 2023,0,consistent_observed_base_model
maserati,mc20,4,1,mc20,2022 | 2023 | 2024 | 2025,0,consistent_observed_base_model
maserati,mc20 spyder,3,1,mc20,2023 | 2024 | 2025,0,consistent_observed_base_model
maserati,quattroporte gt,1,1,quattroporte,2022,0,consistent_observed_base_model
maserati,quattroporte gts,4,1,quattroporte,2015 | 2016 | 2017 | 2020,0,consistent_observed_base_model
maserati,quattroporte modena awd,3,1,quattroporte,2022 | 2023 | 2024,0,consistent_observed_base_model
maserati,quattroporte modena rwd,1,1,quattroporte,2022,0,consistent_observed_base_model
maserati,quattroporte s,6,1,quattroporte,2016 | 2017 | 2018 | 2019 | 2020 | 2021,0,consistent_observed_base_model
maserati,quattroporte sq4,2,1,quattroporte,2020 | 2021,0,consistent_observed_base_model
maserati,quattroporte sq4 v6,5,1,quattroporte,2015 | 2016 | 2017 | 2018 | 2019,0,consistent_observed_base_model
maserati,quattroporte trofeo,2,1,quattroporte,2021 | 2023,0,consistent_observed_base_model
maserati,quattroporte v8,1,1,quattroporte,2019,0,consistent_observed_base_model
mazda,2,7,1,2,2016 | 2017 | 2018 | 2020,0,consistent_observed_base_model
mazda,3 4-door,9,1,3,2017 | 2018,0,consistent_observed_base_model
mazda,3 4-door 2wd,7,1,3,2021 | 2022 | 2023,0,consistent_observed_base_model
mazda,3 4-door 4wd,6,1,3,2022 | 2023 | 2024,0,consistent_observed_base_model
mazda,3 5-door,11,1,3,2015 | 2016 | 2018,0,consistent_observed_base_model
mazda,3 5-door 2wd,9,1,3,2019 | 2020 | 2021 | 2022 | 2024,0,consistent_observed_base_model
mazda,3 5-door 4wd,6,1,3,2022 | 2023 | 2024,0,consistent_observed_base_model
mazda,6,3,1,6,2019,0,consistent_observed_base_model
mazda,cx-3 2wd,1,1,cx-3,2019,0,consistent_observed_base_model
mazda,cx-3 4wd,3,1,cx-3,2019 | 2020 | 2021,0,consistent_observed_base_model
mazda,cx-30 2wd,2,1,cx-30,2020,0,consistent_observed_base_model
mazda,cx-30 4wd,10,1,cx-30,2020 | 2021 | 2022 | 2023 | 2025,0,consistent_observed_base_model
mazda,cx-5 2wd,8,1,cx-5,2015 | 2016 | 2018 | 2019,0,consistent_observed_base_model
mazda,cx-5 4wd,3,1,cx-5,2016 | 2021,0,consistent_observed_base_model
mazda,cx-50 4wd,6,1,cx-50,2023 | 2024 | 2025,0,consistent_observed_base_model
mazda,cx-9 2wd,3,1,cx-9,2016 | 2018 | 2021,0,consistent_observed_base_model
mazda,cx-9 4wd,3,1,cx-9,2016 | 2017 | 2023,0,consistent_observed_base_model
mazda,mx-5,10,1,mx-5,2015 | 2017 | 2020 | 2022 | 2025,0,consistent_observed_base_model
mclaren automotive,540c coupe,1,1,540c coupe,2018,0,consistent_observed_base_model
mclaren automotive,570gt,3,1,570gt,2017 | 2018 | 2019,0,consistent_observed_base_model
mclaren automotive,570s coupe,5,1,570s coupe,2016 | 2017 | 2018 | 2019 | 2020,0,consistent_observed_base_model
mclaren automotive,570s spider,3,1,570s spider,2018 | 2019 | 2020,0,consistent_observed_base_model
mclaren automotive,600lt coupe,1,1,600lt coupe,2019,0,consistent_observed_base_model
mclaren automotive,600lt spider,1,1,600lt spider,2020,0,consistent_observed_base_model
mclaren automotive,620r coupe,1,1,620r coupe,2020,0,consistent_observed_base_model
mclaren automotive,650s can-am,1,1,650s can-am,2016,0,consistent_observed_base_model
mclaren automotive,650s coupe,2,1,650s coupe,2015 | 2016,0,consistent_observed_base_model
mclaren automotive,650s spider,2,1,650s spider,2015 | 2016,0,consistent_observed_base_model
mclaren automotive,675lt coupe,1,1,675lt coupe,2016,0,consistent_observed_base_model
mclaren automotive,675lt spider,1,1,675lt spider,2016,0,consistent_observed_base_model
mclaren automotive,720s coupe,5,1,720s coupe,2018 | 2019 | 2020 | 2021 | 2022,0,consistent_observed_base_model
mclaren automotive,720s coupe lm,1,1,720s coupe,2021,0,consistent_observed_base_model
mclaren automotive,720s spider,4,1,720s spider,2019 | 2020 | 2021 | 2022,0,consistent_observed_base_model
mclaren automotive,765lt coupe,1,1,765lt coupe,2021,0,consistent_observed_base_model
mclaren automotive,765lt spider,1,1,765lt spider,2022,0,consistent_observed_base_model
mclaren automotive,elva,1,1,elva,2021,0,consistent_observed_base_model
mclaren automotive,gt,3,1,gt,2020 | 2021 | 2022,0,consistent_observed_base_model
mclaren automotive,mso hs,1,1,mso hs,2016,0,consistent_observed_base_model
mclaren automotive,sabre,1,1,sabre,2020,0,consistent_observed_base_model
mclaren automotive,senna,1,1,senna,2019,0,consistent_observed_base_model
mercedes-benz,a220,1,1,a-class,2019,0,consistent_observed_base_model
mercedes-benz,amg c43 4matic convertible,1,1,c-class,2020,0,consistent_observed_base_model
mercedes-benz,amg c63 s coupe,1,1,c-class,2020,0,consistent_observed_base_model
mercedes-benz,amg cla35 4matic,1,1,cla-class,2021,0,consistent_observed_base_model
mercedes-benz,amg e63 s 4matic (wagon),1,1,e-class,2016,0,consistent_observed_base_model
mercedes-benz,amg e63 s 4matic plus (sw),1,1,e-class,2021,0,consistent_observed_base_model
mercedes-benz,amg g63,2,1,g-class,2016 | 2020,0,consistent_observed_base_model
mercedes-benz,amg g63 4x4 squared,1,1,g-class,2024,0,consistent_observed_base_model
mercedes-benz,amg gla45 4matic,2,1,gla-class,2021 | 2022,0,consistent_observed_base_model
mercedes-benz,amg glb35 4matic,1,1,glb-class,2021,0,consistent_observed_base_model
mercedes-benz,amg glc43 4matic,2,1,glc-class,2020 | 2021,0,consistent_observed_base_model
mercedes-benz,amg glc63 4matic coupe,1,1,glc-class,2018,0,consistent_observed_base_model
mercedes-benz,amg gle63,1,1,gle-class,2016,0,consistent_observed_base_model
mercedes-benz,amg gle63 s coupe,1,1,gle-class,2018,0,consistent_observed_base_model
mercedes-benz,amg gt c coupe,1,1,amg gt,2020,0,consistent_observed_base_model
mercedes-benz,amg gt s,1,1,amg gt,2017,0,consistent_observed_base_model
mercedes-benz,amg s63 4matic convertible,1,1,s-class,2019,0,consistent_observed_base_model
mercedes-benz,amg s63 4matic plus convertible,2,1,s-class,2020 | 2021,0,consistent_observed_base_model
mercedes-benz,amg s65 coupe,1,1,s-class,2019,0,consistent_observed_base_model
mercedes-benz,amg sl55 4matic plus,2,1,sl-class,2022 | 2025,0,consistent_observed_base_model
mercedes-benz,amg sl63 4matic plus,1,1,sl-class,2022,0,consistent_observed_base_model
mercedes-benz,amg sl65,1,1,sl-class,2017,0,consistent_observed_base_model
mercedes-benz,amg slc43,1,1,slc-class,2017,0,consistent_observed_base_model
mercedes-benz,c300,1,1,c-class,2016,0,consistent_observed_base_model
mercedes-benz,c300 4matic convertible,2,1,c-class,2020 | 2022,0,consistent_observed_base_model
mercedes-benz,cla250,1,1,cla-class,2016,0,consistent_observed_base_model
mercedes-benz,cla250 4matic,1,1,cla-class,2016,0,consistent_observed_base_model
mercedes-benz,cls400 4matic,1,1,cls-class,2016,0,consistent_observed_base_model
mercedes-benz,cls550 4matic,1,1,cls-class,2017,0,consistent_observed_base_model
mercedes-benz,e350,2,1,e-class,2015 | 2023,0,consistent_observed_base_model
mercedes-benz,e350 4matic,2,1,e-class,2015 | 2022,0,consistent_observed_base_model
mercedes-benz,e350 convertible,1,1,e-class,2015,0,consistent_observed_base_model
mercedes-benz,e400,2,1,e-class,2015 | 2016,0,consistent_observed_base_model
mercedes-benz,e400 convertible,1,1,e-class,2017,0,consistent_observed_base_model
mercedes-benz,e400 coupe,1,1,e-class,2017,0,consistent_observed_base_model
mercedes-benz,e450 4matic,1,1,e-class,2019,0,consistent_observed_base_model
mercedes-benz,e450 4matic (station wagon),1,1,e-class,2019,0,consistent_observed_base_model
mercedes-benz,g550,1,1,g-class,2017,0,consistent_observed_base_model
mercedes-benz,g63 amg,1,1,g-class,2015,0,consistent_observed_base_model
mercedes-benz,gl450 4matic,1,1,gl-class,2016,0,consistent_observed_base_model
mercedes-benz,gla250 4matic,3,1,gla-class,2018 | 2019 | 2022,0,consistent_observed_base_model
mercedes-benz,glc300,1,1,glc-class,2019,0,consistent_observed_base_model
mercedes-benz,glc300 4matic,1,1,glc-class,2016,0,consistent_observed_base_model
mercedes-benz,glc300 4matic coupe,1,1,glc-class,2021,0,consistent_observed_base_model
mercedes-benz,gle350 4matic,1,1,gle-class,2018,0,consistent_observed_base_model
mercedes-benz,maybach s650,1,1,s-class,2020,0,consistent_observed_base_model
mercedes-benz,maybach s680 4matic,1,1,s-class,2023,0,consistent_observed_base_model
mercedes-benz,ml350,1,1,ml-class,2015,0,consistent_observed_base_model
mercedes-benz,s450,1,1,s-class,2020,0,consistent_observed_base_model
mercedes-benz,s450 4matic,1,1,s-class,2018,0,consistent_observed_base_model
mercedes-benz,s560 4matic,1,1,s-class,2018,0,consistent_observed_base_model
mercedes-benz,s560 4matic maybach,1,1,s-class,2020,0,consistent_observed_base_model
mercedes-benz,s560 convertible,1,1,s-class,2019,0,consistent_observed_base_model
mercedes-benz,sl450,2,1,sl-class,2017 | 2019,0,consistent_observed_base_model
mercedes-benz,slk55 amg,1,1,slk-class,2015,0,consistent_observed_base_model
mini,cooper clubman,2,1,clubman,2019,0,consistent_observed_base_model
mini,cooper clubman all4,2,1,clubman,2019,0,consistent_observed_base_model
mini,cooper convertible,8,1,cooper,2016 | 2019 | 2020 | 2023 | 2025,0,consistent_observed_base_model
mini,cooper countryman,6,1,countryman,2016 | 2017 | 2019,0,consistent_observed_base_model
mini,cooper countryman all4,6,1,countryman,2017 | 2018 | 2020 | 2024,0,consistent_observed_base_model
mini,cooper coupe,2,1,cooper,2015,0,consistent_observed_base_model
mini,cooper hardtop 2 door,11,1,cooper,2018 | 2021 | 2022 | 2023 | 2024 | 2025,0,consistent_observed_base_model
mini,cooper hardtop 4 door,2,1,cooper,2020 | 2025,0,consistent_observed_base_model
mini,cooper s (5-doors),2,1,cooper,2015,0,consistent_observed_base_model
mini,cooper s clubman,6,1,clubman,2018 | 2020 | 2021 | 2022,0,consistent_observed_base_model
mini,cooper s clubman all4,6,1,clubman,2018 | 2020 | 2021 | 2022 | 2024,0,consistent_observed_base_model
mini,cooper s convertible,10,1,cooper,2016 | 2018 | 2020 | 2022 | 2024 | 2025,0,consistent_observed_base_model
mini,cooper s countryman,6,1,countryman,2015 | 2017 | 2018 | 2022 | 2023,0,consistent_observed_base_model
mini,cooper s countryman all4,5,1,countryman,2016 | 2021 | 2022 | 2023,0,consistent_observed_base_model
mini,cooper s hardtop 2 door,5,1,cooper,2018 | 2024 | 2025,0,consistent_observed_base_model
mini,cooper s hardtop 4 door,9,1,cooper,2017 | 2019 | 2021 | 2024 | 2025,0,consistent_observed_base_model
mini,cooper s paceman,2,1,paceman,2015,0,consistent_observed_base_model
mini,countryman s all4,1,1,countryman,2025,0,consistent_observed_base_model
mini,jcw convertible,1,1,john cooper works,2025,0,consistent_observed_base_model
mini,jcw countryman all4,6,2,countryman | john cooper works,2016 | 2019 | 2024 | 2025,0,multiple_base_models_for_same_full_model_review
mini,jcw hardtop 2 door,1,1,john cooper works,2025,0,consistent_observed_base_model
mini,jcw paceman all4,2,1,paceman,2015,0,consistent_observed_base_model
mini,john cooper works clubman all4,1,1,john cooper works,2023,0,consistent_observed_base_model
mini,john cooper works convertible,5,1,john cooper works,2017 | 2020 | 2023 | 2024,0,consistent_observed_base_model
mini,john cooper works coupe,2,1,john cooper works,2015,0,consistent_observed_base_model
mini,john cooper works hardtop,5,1,john cooper works,2016 | 2020 | 2021,0,consistent_observed_base_model
mini,john cooper works hardtop 2 door,4,1,john cooper works,2022 | 2023,0,consistent_observed_base_model
mitsubishi,eclipse cross 2wd,4,1,eclipse cross,2020 | 2023 | 2024 | 2025,0,consistent_observed_base_model
mitsubishi,eclipse cross 4wd,5,1,eclipse cross,2019 | 2020 | 2023 | 2024 | 2025,0,consistent_observed_base_model
mitsubishi,eclipse cross es 2wd,4,1,eclipse cross,2018 | 2020 | 2022 | 2023,0,consistent_observed_base_model
mitsubishi,eclipse cross es 4wd,5,1,eclipse cross,2019 | 2022 | 2023 | 2024 | 2025,0,consistent_observed_base_model
mitsubishi,lancer,8,1,lancer,2015 | 2016,0,consistent_observed_base_model
mitsubishi,lancer 4wd,2,1,lancer,2016 | 2017,0,consistent_observed_base_model
mitsubishi,mirage,13,1,mirage,2015 | 2017 | 2018 | 2020 | 2021 | 2023 | 2024,0,consistent_observed_base_model
mitsubishi,mirage g4,13,1,mirage,2018 | 2019 | 2020 | 2021 | 2022 | 2023 | 2024,0,consistent_observed_base_model
mitsubishi,outlander 2wd,7,1,outlander,2015 | 2016 | 2020 | 2022 | 2023 | 2024 | 2025,0,consistent_observed_base_model
mitsubishi,outlander 4wd,7,1,outlander,2016 | 2017 | 2019 | 2024 | 2025,0,consistent_observed_base_model
mitsubishi,outlander sport 2wd,20,1,outlander,2016 | 2017 | 2018 | 2019 | 2020 | 2021 | 2022 | 2023 | 2024,0,consistent_observed_base_model
mitsubishi,outlander sport 4wd,17,1,outlander,2015 | 2017 | 2019 | 2020 | 2021 | 2022 | 2023 | 2024 | 2025,0,consistent_observed_base_model
nissan,370z,2,1,370z,2020,0,consistent_observed_base_model
nissan,370z roadster,5,1,370z,2016 | 2017 | 2019,0,consistent_observed_base_model
nissan,altima,4,1,altima,2018 | 2021 | 2022,0,consistent_observed_base_model
nissan,altima awd,2,1,altima,2020 | 2022,0,consistent_observed_base_model
nissan,altima sl/sr,1,1,altima,2024,0,consistent_observed_base_model
nissan,altima sr,3,1,altima,2016 | 2023 | 2024,0,consistent_observed_base_model
nissan,altima sv/sl,2,1,altima,2021 | 2022,0,consistent_observed_base_model
nissan,armada 2wd,4,1,armada,2015 | 2018 | 2019 | 2025,0,consistent_observed_base_model
nissan,armada 4wd,4,1,armada,2017 | 2021 | 2025,0,consistent_observed_base_model
nissan,gt-r,3,1,gt-r,2019 | 2021 | 2023,0,consistent_observed_base_model
nissan,juke,2,1,juke,2017,0,consistent_observed_base_model
nissan,juke awd,1,1,juke,2016,0,consistent_observed_base_model
nissan,juke nismo rs,1,1,juke,2017,0,consistent_observed_base_model
nissan,kicks,2,1,kicks,2022 | 2023,0,consistent_observed_base_model
nissan,maxima,3,1,maxima,2017 | 2018 | 2020,0,consistent_observed_base_model
nissan,murano awd,5,1,murano,2015 | 2018 | 2019 | 2022 | 2024,0,consistent_observed_base_model
nissan,murano fwd,4,1,murano,2019 | 2020 | 2023 | 2024,0,consistent_observed_base_model
nissan,pathfinder 2wd,4,1,pathfinder,2017 | 2023 | 2024 | 2025,0,consistent_observed_base_model
nissan,pathfinder 4wd,5,1,pathfinder,2015 | 2016 | 2018 | 2022 | 2025,0,consistent_observed_base_model
nissan,pathfinder 4wd platinum,1,1,pathfinder,2025,0,consistent_observed_base_model
nissan,pathfinder 4wd rock creek,1,1,pathfinder,2024,0,consistent_observed_base_model
nissan,rogue awd,2,1,rogue,2021,0,consistent_observed_base_model
nissan,rogue awd rock creek,1,1,rogue,2025,0,consistent_observed_base_model
nissan,rogue awd sl/platinum,1,1,rogue,2021,0,consistent_observed_base_model
nissan,rogue fwd,2,1,rogue,2020 | 2022,0,consistent_observed_base_model
nissan,rogue fwd sl/platinum,3,1,rogue,2022 | 2023 | 2024,0,consistent_observed_base_model
nissan,rogue select fwd,1,1,rogue,2015,0,consistent_observed_base_model
nissan,rogue sport,2,1,rogue sport,2020 | 2021,0,consistent_observed_base_model
nissan,rogue sport awd,2,2,rogue | rogue sport,2017 | 2020,0,multiple_base_models_for_same_full_model_review
nissan,sentra,4,1,sentra,2018,0,consistent_observed_base_model
nissan,sentra fe,1,1,sentra,2015,0,consistent_observed_base_model
nissan,sentra sr,4,1,sentra,2020 | 2022 | 2023 | 2024,0,consistent_observed_base_model
nissan,versa,3,1,versa,2015,0,consistent_observed_base_model
nissan,xterra 2wd,1,1,xterra,2015,0,consistent_observed_base_model
nissan,xterra 4wd,2,1,xterra,2015,0,consistent_observed_base_model
nissan,z,2,1,z,2023,0,consistent_observed_base_model
pagani,huayra,2,1,huayra,2018 | 2023,0,consistent_observed_base_model
pagani,huayra coupe,1,1,huayra coupe,2016,0,consistent_observed_base_model
pagani,huayra roadster bc,1,1,huayra,2020,0,consistent_observed_base_model
porsche,718 boxster t,2,1,718,2021,0,consistent_observed_base_model
porsche,718 gt4 rs,1,1,718,2025,0,consistent_observed_base_model
porsche,718 spyder,2,1,718,2022,0,consistent_observed_base_model
porsche,718 spyder rs,1,1,718,2024,0,consistent_observed_base_model
porsche,911 carrera 4,3,1,911,2019 | 2024,0,consistent_observed_base_model
porsche,911 carrera 4 cabriolet,1,1,911,2023,0,consistent_observed_base_model
porsche,911 carrera 4 gts,1,1,911,2025,0,consistent_observed_base_model
porsche,911 carrera 4 gts cabriolet,2,1,911,2022,0,consistent_observed_base_model
porsche,911 carrera 4s,2,1,911,2017,0,consistent_observed_base_model
porsche,911 carrera cabriolet,5,1,911,2017 | 2020 | 2021 | 2023,0,consistent_observed_base_model
porsche,911 carrera gts,2,1,911,2015,0,consistent_observed_base_model
porsche,911 carrera gts cabriolet,3,1,911,2015 | 2016,0,consistent_observed_base_model
porsche,911 carrera s,4,1,911,2022 | 2024,0,consistent_observed_base_model
porsche,911 carrera s cabriolet,6,1,911,2016 | 2020 | 2024 | 2025,0,consistent_observed_base_model
porsche,911 gt3,4,1,911,2018 | 2023,0,consistent_observed_base_model
porsche,911 speedster,1,1,911,2019,0,consistent_observed_base_model
porsche,911 targa 4,9,1,911,2015 | 2016 | 2018 | 2019 | 2022,0,consistent_observed_base_model
porsche,911 targa 4 gts,8,1,911,2016 | 2017 | 2023 | 2024 | 2025,0,consistent_observed_base_model
porsche,911 targa 4s,3,1,911,2022 | 2023,0,consistent_observed_base_model
porsche,911 turbo,1,1,911,2016,0,consistent_observed_base_model
porsche,911 turbo s,2,1,911,2015 | 2017,0,consistent_observed_base_model
porsche,911 turbo s cabriolet,1,1,911,2021,0,consistent_observed_base_model
porsche,boxster,4,1,boxster,2017 | 2019,0,consistent_observed_base_model
porsche,boxster s,4,1,boxster,2016 | 2019,0,consistent_observed_base_model
porsche,cayenne,3,1,cayenne,2017 | 2021 | 2024,0,consistent_observed_base_model
porsche,cayenne coupe,1,1,cayenne,2025,0,consistent_observed_base_model
porsche,cayenne gts,1,1,cayenne,2025,0,consistent_observed_base_model
porsche,cayenne s,4,1,cayenne,2017 | 2018 | 2020 | 2022,0,consistent_observed_base_model
porsche,cayenne turbo,2,1,cayenne,2015 | 2018,0,consistent_observed_base_model
porsche,cayenne turbo coupe,1,1,cayenne,2021,0,consistent_observed_base_model
porsche,cayenne turbo gt,1,1,cayenne,2023,0,consistent_observed_base_model
porsche,cayman s,4,1,cayman,2015 | 2020,0,consistent_observed_base_model
porsche,macan,2,1,macan,2017 | 2025,0,consistent_observed_base_model
porsche,macan gts,1,1,macan,2018,0,consistent_observed_base_model
porsche,macan s,3,1,macan,2020 | 2021 | 2025,0,consistent_observed_base_model
porsche,panamera,2,1,panamera,2018 | 2022,0,consistent_observed_base_model
porsche,panamera 4,1,1,panamera,2015,0,consistent_observed_base_model
porsche,panamera 4s executive,2,1,panamera,2020 | 2021,0,consistent_observed_base_model
porsche,panamera gts,1,1,panamera,2020,0,consistent_observed_base_model
porsche,panamera turbo executive,2,1,panamera,2018 | 2019,0,consistent_observed_base_model
porsche,panamera turbo s st,1,1,panamera,2021,0,consistent_observed_base_model
rolls-royce,cullinan,7,1,cullinan,2019 | 2020 | 2021 | 2022 | 2023 | 2024 | 2025,0,consistent_observed_base_model
rolls-royce,cullinan black badge,5,1,cullinan,2021 | 2022 | 2023 | 2024 | 2025,0,consistent_observed_base_model
rolls-royce,dawn,6,1,dawn,2016 | 2017 | 2018 | 2019 | 2020 | 2021,0,consistent_observed_base_model
rolls-royce,dawn black badge,2,1,dawn,2020 | 2021,0,consistent_observed_base_model
rolls-royce,ghost,11,1,ghost,2015 | 2016 | 2017 | 2018 | 2019 | 2020 | 2021 | 2022 | 2023 | 2024 | 2025,0,consistent_observed_base_model
rolls-royce,ghost black badge,5,1,ghost,2020 | 2022 | 2023 | 2024 | 2025,0,consistent_observed_base_model
rolls-royce,ghost ewb,7,1,ghost,2015 | 2016 | 2017 | 2018 | 2019 | 2020 | 2021,0,consistent_observed_base_model
rolls-royce,ghost extended,4,1,ghost,2022 | 2023 | 2024 | 2025,0,consistent_observed_base_model
rolls-royce,phantom,11,1,phantom,2015 | 2016 | 2017 | 2018 | 2019 | 2020 | 2021 | 2022 | 2023 | 2024 | 2025,0,consistent_observed_base_model
rolls-royce,phantom coupe,3,1,phantom,2015 | 2016 | 2017,0,consistent_observed_base_model
rolls-royce,phantom drophead coupe,3,1,phantom,2015 | 2016 | 2017,0,consistent_observed_base_model
rolls-royce,phantom ewb,7,1,phantom,2015 | 2016 | 2017 | 2018 | 2019 | 2020 | 2021,0,consistent_observed_base_model
rolls-royce,phantom extended,4,1,phantom,2022 | 2023 | 2024 | 2025,0,consistent_observed_base_model
rolls-royce,wraith,7,1,wraith,2015 | 2016 | 2017 | 2018 | 2019 | 2020 | 2021,0,consistent_observed_base_model
rolls-royce,wraith black badge,2,1,wraith,2020 | 2021,0,consistent_observed_base_model
roush performance,mustang,2,1,mustang,2021,0,consistent_observed_base_model
roush performance,stage 3 mustang,10,2,mustang | stage 3 mustang,2015 | 2016 | 2017 | 2019 | 2020,0,multiple_base_models_for_same_full_model_review
ruf automobile,ruf turbo 12/ctr3,1,1,ruf turbo 12/ctr3,2018,0,consistent_observed_base_model
ruf automobile,rufturbo12/ctr3/ctr2017,1,1,rufturbo12/ctr3/ctr2017,2019,0,consistent_observed_base_model
ruf automobile,t12/ctr3/ctr anniversary,1,1,t12/ctr3/ctr anniversary,2023,0,consistent_observed_base_model
ruf automobile,turbo12/ctr3/ctr anniversary,1,1,turbo12/ctr3/ctr anniversary,2020,0,consistent_observed_base_model
scion,fr-s,4,1,fr-s,2015 | 2016,0,consistent_observed_base_model
scion,ia,2,1,ia,2016,0,consistent_observed_base_model
scion,im,2,1,im,2016,0,consistent_observed_base_model
scion,iq,1,1,iq,2015,0,consistent_observed_base_model
scion,tc,4,1,tc,2015 | 2016,0,consistent_observed_base_model
scion,xb,2,1,xb,2015,0,consistent_observed_base_model
smart,fortwo cabriolet,3,1,fortwo,2015 | 2017,0,consistent_observed_base_model
smart,fortwo coupe,5,1,fortwo,2015 | 2016 | 2017,0,consistent_observed_base_model
sti,s209,1,1,s209,2019,0,consistent_observed_base_model
subaru,ascent,2,1,ascent,2022 | 2025,0,consistent_observed_base_model
subaru,ascent limited/touring,1,1,ascent,2020,0,consistent_observed_base_model
subaru,ascent limited/touring/onyx awd,3,1,ascent,2022 | 2023 | 2024,0,consistent_observed_base_model
subaru,brz,6,1,brz,2019 | 2020 | 2022,0,consistent_observed_base_model
subaru,crosstrek awd,11,1,crosstrek,2018 | 2019 | 2021 | 2023 | 2025,0,consistent_observed_base_model
subaru,crosstrek wilderness awd,1,1,crosstrek,2024,0,consistent_observed_base_model
subaru,forester awd,6,1,forester,2016 | 2018 | 2021 | 2022,0,consistent_observed_base_model
subaru,forester sport/touring awd,1,1,forester,2025,0,consistent_observed_base_model
subaru,forester wilderness awd,1,1,forester,2022,0,consistent_observed_base_model
subaru,impreza,4,1,impreza,2024 | 2025,0,consistent_observed_base_model
subaru,impreza 4-door,8,2,impreza | impreza/outback sport,2017 | 2018 | 2020 | 2023,0,multiple_base_models_for_same_full_model_review
subaru,impreza 5-door,6,2,impreza | impreza/outback sport,2017 | 2018 | 2020,0,multiple_base_models_for_same_full_model_review
subaru,impreza awd,4,1,impreza/outback sport,2015 | 2016,0,consistent_observed_base_model
subaru,impreza sport 4-door,3,1,impreza,2019 | 2023,0,consistent_observed_base_model
subaru,impreza sport 5-door,8,2,impreza | impreza/outback sport,2017 | 2019 | 2022 | 2023,0,multiple_base_models_for_same_full_model_review
subaru,impreza sport awd,2,1,impreza/outback sport,2016,0,consistent_observed_base_model
subaru,impreza wagon awd,2,1,impreza/outback sport,2015,0,consistent_observed_base_model
subaru,legacy awd,8,2,legacy | legacy/outback,2016 | 2017 | 2019 | 2024,0,multiple_base_models_for_same_full_model_review
subaru,outback awd,14,2,legacy/outback | outback,2015 | 2016 | 2017 | 2018 | 2019 | 2021 | 2024,0,multiple_base_models_for_same_full_model_review
subaru,wrx,16,1,wrx,2015 | 2017 | 2018 | 2020 | 2021 | 2022 | 2025,0,consistent_observed_base_model
subaru,xv crosstrek awd,2,1,crosstrek,2016,0,consistent_observed_base_model
toyota,4runner 2wd,2,1,4runner,2016 | 2019,0,consistent_observed_base_model
toyota,4runner 4wd,6,1,4runner,2020 | 2022 | 2023 | 2025,0,consistent_observed_base_model
toyota,86,2,1,86,2020,0,consistent_observed_base_model
toyota,avalon xle,1,1,avalon,2019,0,consistent_observed_base_model
toyota,camry,4,1,camry,2016 | 2018,0,consistent_observed_base_model
toyota,camry xle/xse,1,1,camry,2021,0,consistent_observed_base_model
toyota,camry xse,4,1,camry,2020 | 2021 | 2022 | 2023,0,consistent_observed_base_model
toyota,corolla,3,1,corolla,2017,0,consistent_observed_base_model
toyota,corolla apex,2,1,corolla,2021,0,consistent_observed_base_model
toyota,corolla cross 4wd,1,1,corolla cross,2022,0,consistent_observed_base_model
toyota,corolla fx,1,1,corolla,2025,0,consistent_observed_base_model
toyota,corolla hatchback,4,1,corolla,2019 | 2022,0,consistent_observed_base_model
toyota,gr 86,2,1,gr 86,2025,0,consistent_observed_base_model
toyota,gr supra,6,1,gr supra,2023 | 2024,0,consistent_observed_base_model
toyota,highlander,4,1,highlander,2018 | 2023,0,consistent_observed_base_model
toyota,highlander 2wd,2,1,highlander,2016,0,consistent_observed_base_model
toyota,highlander awd,3,1,highlander,2021 | 2022 | 2023,0,consistent_observed_base_model
toyota,rav4,3,1,rav4,2020 | 2025,0,consistent_observed_base_model
toyota,rav4 awd,5,1,rav4,2018 | 2019 | 2021,0,consistent_observed_base_model
toyota,sequoia 2wd,2,1,sequoia,2015 | 2020,0,consistent_observed_base_model
toyota,sequoia 4wd,1,1,sequoia,2021,0,consistent_observed_base_model
toyota,yaris,1,1,yaris,2016,0,consistent_observed_base_model
toyota,yaris ia,2,1,yaris,2018,0,consistent_observed_base_model
volkswagen,arteon,3,1,arteon,2019 | 2021 | 2022,0,consistent_observed_base_model
volkswagen,arteon 4motion,3,1,arteon,2019 | 2022 | 2024,0,consistent_observed_base_model
volkswagen,atlas,8,1,atlas,2018 | 2019 | 2020 | 2024 | 2025,0,consistent_observed_base_model
volkswagen,atlas 4motion,2,1,atlas,2022,0,consistent_observed_base_model
volkswagen,atlas 4motion peak edition,1,1,atlas,2025,0,consistent_observed_base_model
volkswagen,atlas cross sport,3,1,atlas,2021 | 2024,0,consistent_observed_base_model
volkswagen,atlas cross sport 4motion,5,1,atlas,2020 | 2021 | 2025,0,consistent_observed_base_model
volkswagen,atlas se 4motion,2,1,atlas,2024 | 2025,0,consistent_observed_base_model
volkswagen,atlas sel 4motion,1,1,atlas,2024,0,consistent_observed_base_model
volkswagen,beetle convertible,6,1,beetle,2015 | 2016 | 2017,0,consistent_observed_base_model
volkswagen,beetle dune,1,1,beetle,2016,0,consistent_observed_base_model
volkswagen,cc,2,1,cc,2016,0,consistent_observed_base_model
volkswagen,cc 4motion,1,1,cc,2017,0,consistent_observed_base_model
volkswagen,eos,1,1,eos,2015,0,consistent_observed_base_model
volkswagen,gli,2,1,gli,2023,0,consistent_observed_base_model
volkswagen,golf,5,1,golf/gti,2017 | 2020 | 2021,0,consistent_observed_base_model
volkswagen,golf alltrack,6,1,golf/gti,2017 | 2018 | 2019,0,consistent_observed_base_model
volkswagen,golf r,2,1,golf/gti,2018 | 2019,0,consistent_observed_base_model
volkswagen,golf sportwagen 4motion,2,1,golf/gti,2019,0,consistent_observed_base_model
volkswagen,golf-r,2,1,golf/gti,2023,0,consistent_observed_base_model
volkswagen,gti,7,1,golf/gti,2015 | 2020 | 2024 | 2025,0,consistent_observed_base_model
volkswagen,jetta,14,1,jetta,2016 | 2017 | 2018 | 2021,0,consistent_observed_base_model
volkswagen,jetta se/sel,1,1,jetta,2022,0,consistent_observed_base_model
volkswagen,passat,1,1,passat,2022,0,consistent_observed_base_model
volkswagen,taos,2,1,taos,2022 | 2025,0,consistent_observed_base_model
volkswagen,taos 4motion,2,1,taos,2022 | 2024,0,consistent_observed_base_model
volkswagen,tiguan,5,1,tiguan,2020 | 2022 | 2023 | 2024 | 2025,0,consistent_observed_base_model
volkswagen,tiguan 4motion,4,1,tiguan,2020 | 2021 | 2022 | 2023,0,consistent_observed_base_model
volkswagen,tiguan s,1,1,tiguan,2023,0,consistent_observed_base_model
volkswagen,touareg,1,1,touareg,2015,0,consistent_observed_base_model
volvo,s60 awd,2,1,s60,2017,0,consistent_observed_base_model
volvo,s60 cc awd,1,1,s60,2017,0,consistent_observed_base_model
volvo,s60 fwd,2,1,s60,2017 | 2019,0,consistent_observed_base_model
volvo,s60 inscription awd,3,1,s60,2016 | 2017 | 2018,0,consistent_observed_base_model
volvo,s60 inscription fwd,1,1,s60,2017,0,consistent_observed_base_model
volvo,s60 polestar awd,1,1,s60,2018,0,consistent_observed_base_model
volvo,s80 awd,1,1,s80,2015,0,consistent_observed_base_model
volvo,s90 awd,2,1,s90,2017 | 2020,0,consistent_observed_base_model
volvo,s90 fwd,1,1,s90,2018,0,consistent_observed_base_model
volvo,v60 awd,8,1,v60,2015 | 2016 | 2018 | 2019,0,consistent_observed_base_model
volvo,v60 cc awd,1,1,v60,2015,0,consistent_observed_base_model
volvo,v60 fwd,5,1,v60,2015 | 2017 | 2019 | 2020 | 2021,0,consistent_observed_base_model
volvo,v60 polestar awd,3,1,v60,2016 | 2017 | 2018,0,consistent_observed_base_model
volvo,v90 cc awd,2,1,v90,2020 | 2021,0,consistent_observed_base_model
volvo,v90 fwd,3,1,v90,2019 | 2020 | 2021,0,consistent_observed_base_model
volvo,xc40 awd,1,1,xc40,2019,0,consistent_observed_base_model
volvo,xc40 fwd,2,1,xc40,2019 | 2020,0,consistent_observed_base_model
volvo,xc40 t5 awd,1,1,xc40,2022,0,consistent_observed_base_model
volvo,xc60 awd,14,1,xc60,2015 | 2016 | 2017 | 2018 | 2019 | 2020 | 2021,0,consistent_observed_base_model
volvo,xc60 fwd,2,1,xc60,2019 | 2020,0,consistent_observed_base_model
volvo,xc70 awd,2,1,xc70,2015,0,consistent_observed_base_model
volvo,xc70 fwd,2,1,xc70,2015 | 2016,0,consistent_observed_base_model
volvo,xc90 awd,4,1,xc90,2020 | 2021,0,consistent_observed_base_model
volvo,xc90 fwd,3,1,xc90,2016 | 2018 | 2021,0,consistent_observed_base_model
volvo,xc90 t5 awd,1,1,xc90,2022,0,consistent_observed_base_model
