vehicle_id,model_year,manufacturer,model_name,option_text,status,error,provenance_count
34836,2015,Honda,Fit,"Auto (AV-S7), 4 cyl, 1.5 L",fetched,,1
34837,2015,Honda,Fit,"Man 6-spd, 4 cyl, 1.5 L",fetched,,1
34855,2015,Honda,Fit,"Auto (variable gear ratios), 4 cyl, 1.5 L",fetched,,1
35027,2015,Ford,Taurus AWD,"Auto (S6), 6 cyl, 3.5 L, Turbo",fetched,,1
35031,2015,Ford,Taurus AWD FFV,"Auto (S6), 6 cyl, 3.5 L",fetched,,1
35032,2015,Ford,Taurus AWD,"Auto (S6), 6 cyl, 3.5 L",fetched,,1
35036,2015,Ford,Transit T150 Wagon FFV,"Auto (S6), 6 cyl, 3.7 L",fetched,,1
35048,2015,Honda,Pilot 2WD,"Auto 5-spd, 6 cyl, 3.5 L",fetched,,1
35054,2015,Honda,Pilot 4WD,"Auto 5-spd, 6 cyl, 3.5 L",fetched,,1
35068,2015,Ford,Explorer AWD FFV,"Auto (S6), 6 cyl, 3.5 L",fetched,,1
35180,2015,Ford,Fiesta FWD,"Auto (AM6), 4 cyl, 1.6 L",fetched,,1
35297,2015,Toyota,Yaris,"Auto 4-spd, 4 cyl, 1.5 L",fetched,,1
35298,2015,Toyota,Yaris,"Man 5-spd, 4 cyl, 1.5 L",fetched,,1
35416,2015,Ford,Fiesta FWD,"Man 5-spd, 4 cyl, 1.6 L",fetched,,1
35453,2015,Toyota,Tacoma 2WD,"Man 6-spd, 6 cyl, 4.0 L",fetched,,1
35454,2015,Toyota,Tacoma 2WD,"Man 5-spd, 4 cyl, 2.7 L",fetched,,1
35455,2015,Toyota,Tacoma 2WD,"Auto 5-spd, 6 cyl, 4.0 L",fetched,,1
35456,2015,Toyota,Tacoma 2WD,"Auto 4-spd, 4 cyl, 2.7 L",fetched,,1
35463,2015,Honda,Odyssey,"Auto 6-spd, 6 cyl, 3.5 L",fetched,,1
35514,2015,Toyota,Highlander 2WD,"Auto (S6), 4 cyl, 2.7 L",fetched,,1
35515,2015,Toyota,Highlander 2WD,"Auto (S6), 6 cyl, 3.5 L",fetched,,1
35516,2015,Toyota,Venza 4WD,"Auto (S6), 4 cyl, 2.7 L",fetched,,1
35517,2015,Toyota,Venza 4WD,"Auto (S6), 6 cyl, 3.5 L",fetched,,1
35526,2015,Toyota,Highlander Hybrid AWD LE Plus,"Auto (AV-S6), 6 cyl, 3.5 L",fetched,,1
35548,2015,Honda,Accord,"Man 6-spd, 6 cyl, 3.5 L",fetched,,1
35549,2015,Honda,Accord,"Auto 6-spd, 6 cyl, 3.5 L",fetched,,1
35550,2015,Honda,Accord,"Auto (S6), 6 cyl, 3.5 L",fetched,,1
35551,2015,Honda,Accord,"Man 6-spd, 4 cyl, 2.4 L",fetched,,1
35552,2015,Honda,Accord,"Auto (variable gear ratios), 4 cyl, 2.4 L",fetched,,1
35553,2015,Honda,Accord,"Auto (AV-S7), 4 cyl, 2.4 L",fetched,,1
35556,2015,Toyota,Prius,"Auto (variable gear ratios), 4 cyl, 1.8 L",fetched,,1
35577,2015,Toyota,RAV4,"Auto (S6), 4 cyl, 2.5 L",fetched,,1
35579,2015,Toyota,RAV4 Limited AWD,"Auto (S6), 4 cyl, 2.5 L",fetched,,1
35595,2015,Toyota,4Runner 4WD,"Auto (S5), 6 cyl, 4.0 L, Part-time 4WD",fetched,,1
35596,2015,Toyota,Land Cruiser Wagon 4WD,"Auto (S6), 8 cyl, 5.7 L",fetched,,1
35597,2015,Toyota,4Runner 4WD,"Auto (S5), 6 cyl, 4.0 L",fetched,,1
35627,2015,Honda,Accord Hybrid,"Auto (variable gear ratios), 4 cyl, 2.0 L",fetched,,1
35648,2015,Toyota,Sequoia 2WD,"Auto (S6), 8 cyl, 5.7 L",fetched,,1
35651,2015,Toyota,Sequoia 4WD,"Auto (S6), 8 cyl, 5.7 L",fetched,,1
35657,2015,Honda,CR-Z,"Auto (AV-S7), 4 cyl, 1.5 L",fetched,,1
35658,2015,Honda,CR-Z,"Man 6-spd, 4 cyl, 1.5 L",fetched,,1
35667,2015,Honda,Civic Hybrid,"Auto (variable gear ratios), 4 cyl, 1.5 L",fetched,,1
35668,2015,Honda,Civic,"Auto (variable gear ratios), 4 cyl, 1.8 L",fetched,,1
35669,2015,Honda,Civic,"Auto (AV-S7), 4 cyl, 1.8 L",fetched,,1
35670,2015,Honda,Civic,"Man 5-spd, 4 cyl, 1.8 L",fetched,,1
35671,2015,Honda,Civic HF,"Auto (variable gear ratios), 4 cyl, 1.8 L",fetched,,1
35672,2015,Honda,Civic,"Man 6-spd, 4 cyl, 2.4 L",fetched,,1
35679,2015,Toyota,Tundra 2WD,"Auto (S6), 8 cyl, 4.6 L",fetched,,1
35680,2015,Toyota,Tundra 2WD,"Auto (S6), 8 cyl, 5.7 L",fetched,,1
35682,2015,Toyota,Tundra 4WD FFV,"Auto (S6), 8 cyl, 5.7 L",fetched,,1
35686,2015,Toyota,Sienna 2WD,"Auto (S6), 6 cyl, 3.5 L",fetched,,1
35688,2015,Ford,Escape FWD,"Auto (S6), 4 cyl, 1.6 L, Turbo",discovered,,1
35689,2015,Ford,Escape FWD,"Auto (S6), 4 cyl, 2.0 L, Turbo",discovered,,1
35690,2015,Ford,Escape FWD,"Auto (S6), 4 cyl, 2.5 L",discovered,,1
35691,2015,Honda,Crosstour 2WD,"Auto 5-spd, 4 cyl, 2.4 L",fetched,,1
35692,2015,Honda,Crosstour 2WD,"Auto (S6), 6 cyl, 3.5 L",fetched,,1
35696,2015,Ford,Escape AWD,"Auto (S6), 4 cyl, 1.6 L, Turbo",fetched,,1
35697,2015,Ford,Escape AWD,"Auto (S6), 4 cyl, 2.0 L, Turbo",fetched,,1
35698,2015,Honda,Crosstour 4WD,"Auto (S6), 6 cyl, 3.5 L",fetched,,1
35702,2015,Ford,Expedition 2WD,"Auto (S6), 6 cyl, 3.5 L, Turbo",fetched,,1
35706,2015,Ford,Expedition 4WD,"Auto (S6), 6 cyl, 3.5 L, Turbo",fetched,,1
35734,2015,Toyota,Camry,"Auto (S6), 4 cyl, 2.5 L",fetched,,1
35735,2015,Toyota,Camry,"Auto (S6), 6 cyl, 3.5 L",fetched,,1
35736,2015,Toyota,Camry Hybrid LE,"Auto (variable gear ratios), 4 cyl, 2.5 L",fetched,,1
35738,2015,Ford,C-MAX Hybrid FWD,"Auto (variable gear ratios), 4 cyl, 2.0 L",fetched,,1
35780,2015,Toyota,Avalon Hybrid,"Auto (AV-S6), 4 cyl, 2.5 L",fetched,,1
35784,2015,Honda,CR-V 2WD,"Auto (variable gear ratios), 4 cyl, 2.4 L",fetched,,1
35786,2015,Toyota,RAV4 LE/XLE,"Auto (S6), 4 cyl, 2.5 L",fetched,,1
35787,2015,Honda,CR-V 4WD,"Auto (variable gear ratios), 4 cyl, 2.4 L",fetched,,1
35886,2015,Honda,Civic Natural Gas,"Auto 5-spd, 4 cyl, 1.8 L",fetched,,1
35891,2015,Toyota,Avalon,"Auto (S6), 6 cyl, 3.5 L",fetched,,1
35918,2015,Ford,F150 Pickup 2WD,"Auto (S6), 6 cyl, 2.7 L, Turbo",fetched,,1
35919,2015,Ford,F150 Pickup 2WD,"Auto (S6), 6 cyl, 3.5 L, Turbo",fetched,,1
35922,2015,Ford,F150 Pickup 4WD,"Auto (S6), 6 cyl, 2.7 L, Turbo",fetched,,1
35923,2015,Ford,F150 Pickup 4WD,"Auto (S6), 6 cyl, 3.5 L, Turbo",fetched,,1
35924,2015,Ford,F150 Pickup 4WD FFV,"Auto 6-spd, 6 cyl, 3.5 L",fetched,,1
35925,2015,Ford,F150 Pickup 4WD FFV,"Auto (S6), 8 cyl, 5.0 L",fetched,,1
35951,2015,Ford,Flex AWD,"Auto (S6), 6 cyl, 3.5 L",fetched,,1
35952,2015,Ford,Flex AWD,"Auto (S6), 6 cyl, 3.5 L, Turbo",fetched,,1
35969,2015,Ford,Focus SFE FWD,"Man 6-spd, 3 cyl, 1.0 L, Turbo",fetched,,1
35970,2015,Ford,Focus Electric,Auto (A1),fetched,,1
36024,2015,Ford,Edge FWD,"Auto (S6), 4 cyl, 2.0 L, Turbo, SIDI",fetched,,1
36025,2015,Ford,Edge FWD,"Auto (S6), 6 cyl, 3.5 L",fetched,,1
36026,2015,Ford,Edge FWD,"Auto (S6), 6 cyl, 2.7 L, Turbo, SIDI",fetched,,1
36027,2015,Ford,Edge AWD,"Auto (S6), 4 cyl, 2.0 L, Turbo",fetched,,1
36028,2015,Ford,Edge AWD,"Auto (S6), 6 cyl, 3.5 L",fetched,,1
36029,2015,Ford,Edge AWD,"Auto (S6), 6 cyl, 2.7 L, Turbo",fetched,,1
36123,2015,Ford,Edge FWD,"Auto (S6), 4 cyl, 2.0 L, Turbo, SIDI; Stop-Start",fetched,,1
41214,2020,Toyota,Corolla Hybrid,"Auto (variable gear ratios), 4 cyl, 1.8 L",fetched,,1
41309,2020,Toyota,GR Supra,"Auto (S8), 6 cyl, 3.0 L, Turbo",fetched,,1
41387,2020,Toyota,Sienna AWD,"Auto (S8), 6 cyl, 3.5 L",fetched,,1
41468,2020,Ford,Transit Connect Van 2WD,"Auto (S8), 4 cyl, 2.0 L",fetched,,1
41469,2020,Ford,Transit Connect Van FFV,"Auto (S8), 4 cyl, 2.0 L",fetched,,1
41471,2020,Ford,Transit Connect Wagon LWB FFV,"Auto (S8), 4 cyl, 2.0 L",fetched,,1
41472,2020,Ford,Transit Connect Van 2WD,"Auto (S6), 4 cyl, 2.5 L",fetched,,1
41474,2020,Ford,Transit Connect USPS,"Auto (S6), 4 cyl, 2.5 L",fetched,,1
41630,2020,Ford,EcoSport AWD,"Auto (S6), 4 cyl, 2.0 L",fetched,,1
41648,2020,Honda,Insight,"Auto (variable gear ratios), 4 cyl, 1.5 L",fetched,,1
41649,2020,Honda,Insight Touring,"Auto (variable gear ratios), 4 cyl, 1.5 L",fetched,,1
41716,2020,Toyota,Prius c,"Auto (variable gear ratios), 4 cyl, 1.5 L",fetched,,1
41747,2020,Honda,Civic 5Dr,"Man 6-spd, 4 cyl, 1.5 L, Turbo",fetched,,1
41748,2020,Honda,Civic 5Dr,"Auto (variable gear ratios), 4 cyl, 1.5 L, Turbo",fetched,,1
41749,2020,Honda,Civic 5Dr,"Auto (AV-S7), 4 cyl, 1.5 L, Turbo",fetched,,1
41754,2020,Honda,Pilot FWD,"Auto (S9), 6 cyl, 3.5 L",fetched,,1
41755,2020,Honda,Pilot FWD,"Auto 6-spd, 6 cyl, 3.5 L",fetched,,1
41761,2020,Honda,Pilot AWD,"Auto (S9), 6 cyl, 3.5 L",fetched,,1
41762,2020,Honda,Pilot AWD,"Auto 6-spd, 6 cyl, 3.5 L",fetched,,1
41832,2020,Toyota,Tundra 2WD,"Auto (S6), 8 cyl, 5.7 L",fetched,,1
41880,2020,Toyota,Sequoia 2WD,"Auto (S6), 8 cyl, 5.7 L",fetched,,1
41882,2020,Toyota,Sequoia 4WD,"Auto (S6), 8 cyl, 5.7 L",fetched,,1
41884,2020,Honda,Civic 2Dr,"Man 6-spd, 4 cyl, 1.5 L, Turbo",fetched,,1
41895,2020,Honda,Odyssey,"Auto 10-spd, 6 cyl, 3.5 L",fetched,,1
41899,2020,Ford,Fusion Energi Plug-in Hybrid,"Auto (variable gear ratios), 4 cyl, 2.0 L",fetched,,1
41917,2020,Toyota,Prius Eco,"Auto (variable gear ratios), 4 cyl, 1.8 L",fetched,,1
41940,2020,Toyota,4Runner 4WD,"Auto (S5), 6 cyl, 4.0 L, Part-time 4WD",fetched,,1
41942,2020,Toyota,4Runner 4WD,"Auto (S5), 6 cyl, 4.0 L, AWD",fetched,,1
41949,2020,Toyota,86,"Auto (S6), 4 cyl, 2.0 L",fetched,,1
41950,2020,Toyota,86,"Man 6-spd, 4 cyl, 2.0 L",fetched,,1
41954,2020,Ford,Mustang Convertible,"Man 6-spd, 4 cyl, 2.3 L, Turbo",fetched,,1
41955,2020,Ford,Mustang Convertible,"Auto (S10), 4 cyl, 2.3 L, Turbo",fetched,,1
41957,2020,Ford,Mustang Convertible,"Auto (S10), 8 cyl, 5.0 L",fetched,,1
42012,2020,Toyota,Camry XSE,"Auto (S8), 6 cyl, 3.5 L",fetched,,1
42016,2020,Toyota,Camry Hybrid LE,"Auto (AV-S6), 4 cyl, 2.5 L",fetched,,1
42032,2020,Toyota,Tacoma 4WD,"Auto (S6), 6 cyl, 3.5 L",fetched,,1
42033,2020,Toyota,Tacoma 4WD,"Man 6-spd, 6 cyl, 3.5 L",fetched,,1
42034,2020,Toyota,Tacoma 4WD,"Auto (S6), 4 cyl, 2.7 L",fetched,,1
42064,2020,Honda,Accord 2.0T Sport/Touring,"Auto (S10), 4 cyl, 2.0 L, Turbo",fetched,,1
42075,2020,Ford,Edge FWD,"Auto 8-spd, 4 cyl, 2.0 L, Turbo",fetched,,1
42078,2020,Ford,Edge AWD,"Auto (S8), 4 cyl, 2.0 L, Turbo",fetched,,1
42079,2020,Ford,Edge AWD,"Auto (S8), 6 cyl, 2.7 L, Turbo",fetched,,1
42080,2020,Ford,Edge AWD,"Auto 8-spd, 4 cyl, 2.0 L, Turbo",fetched,,1
42094,2020,Toyota,Corolla Hatchback XSE,"Auto (AV-S10), 4 cyl, 2.0 L",fetched,,1
42135,2020,Honda,Accord Hybrid,"Auto (variable gear ratios), 4 cyl, 2.0 L",fetched,,1
42139,2020,Ford,Shelby GT500 Mustang,"Auto (AM7), 8 cyl, 5.2 L, Sup Charg",fetched,,1
42140,2020,Honda,Civic 2Dr,"Auto (AV-S7), 4 cyl, 1.5 L, Turbo",fetched,,1
42141,2020,Honda,Civic 2Dr,"Auto (variable gear ratios), 4 cyl, 1.5 L, Turbo",fetched,,1
42142,2020,Honda,Civic 2Dr,"Man 6-spd, 4 cyl, 2.0 L",fetched,,1
42143,2020,Honda,Civic 2Dr,"Auto (AV-S7), 4 cyl, 2.0 L",fetched,,1
42144,2020,Honda,Civic 2Dr,"Auto (variable gear ratios), 4 cyl, 2.0 L",fetched,,1
42169,2020,Ford,F150 2WD FFV BASE PAYLOAD LT,"Auto (S10), 8 cyl, 5.0 L",fetched,,1
42178,2020,Ford,F150 RAPTOR 4WD,"Auto (S10), 6 cyl, 3.5 L, Turbo",fetched,,1
42181,2020,Toyota,RAV4,"Auto (S8), 4 cyl, 2.5 L, SIDI & PFI",fetched,,1
42182,2020,Toyota,RAV4,"Auto (S8), 4 cyl, 2.5 L, SIDI & PFI; Stop-Start",fetched,,1
42187,2020,Toyota,RAV4 Hybrid AWD,"Auto (AV-S6), 4 cyl, 2.5 L",fetched,,1
42188,2020,Toyota,RAV4 AWD TRD OFFROAD,"Auto (S8), 4 cyl, 2.5 L",fetched,,1
42203,2020,Honda,HR-V AWD,"Auto (variable gear ratios), 4 cyl, 1.8 L",fetched,,1
42204,2020,Honda,HR-V AWD,"Auto (AV-S7), 4 cyl, 1.8 L",fetched,,1
42254,2020,Honda,Passport FWD,"Auto (S9), 6 cyl, 3.5 L",fetched,,1
42256,2020,Ford,Escape AWD,"Auto (S8), 4 cyl, 2.0 L, Turbo",fetched,,1
42257,2020,Ford,Escape AWD,"Auto 8-spd, 3 cyl, 1.5 L, Turbo",fetched,,1
42258,2020,Ford,Escape AWD HEV,"Auto (variable gear ratios), 4 cyl, 2.5 L",fetched,,1
42265,2020,Ford,Expedition 2WD,"Auto (S10), 6 cyl, 3.5 L, Turbo",fetched,,1
42270,2020,Ford,Expedition MAX 4WD,"Auto (S10), 6 cyl, 3.5 L, Turbo",fetched,,1
42298,2020,Honda,CR-V FWD,"Auto (variable gear ratios), 4 cyl, 1.5 L, Turbo",fetched,,1
42338,2020,Ford,Ranger 2WD,"Auto (S10), 4 cyl, 2.3 L, Turbo",fetched,,1
42342,2020,Ford,Ranger 2WD Incomplete,"Auto (S10), 4 cyl, 2.3 L, Turbo",fetched,,1
42397,2020,Honda,Ridgeline FWD,"Auto (S9), 6 cyl, 3.5 L",fetched,,1
42400,2020,Honda,Ridgeline AWD,"Auto (S9), 6 cyl, 3.5 L",fetched,,1
42479,2020,Toyota,Highlander Hybrid AWD LTD/PLAT,"Auto (AV-S6), 4 cyl, 2.5 L",fetched,,1
42480,2020,Honda,Clarity Plug-in Hybrid,"Auto (variable gear ratios), 4 cyl, 1.5 L",fetched,,1
42501,2020,Honda,Civic 5Dr,"Man 6-spd, 4 cyl, 2.0 L, Turbo",fetched,,1
42502,2020,Honda,CR-V Hybrid AWD,"Auto (variable gear ratios), 4 cyl, 2.0 L",fetched,,1
42511,2020,Toyota,Camry AWD XLE/XSE,"Auto (S8), 4 cyl, 2.5 L",fetched,,1
42518,2020,Ford,F150 2WD BASE PAYLOAD LT TIRE,"Auto (S10), 6 cyl, 3.0 L, Diesel, Turbo",fetched,,1
42519,2020,Ford,F150 Pickup 4WD XL/XLT,"Auto (S10), 6 cyl, 3.0 L, Diesel, Turbo",fetched,,1
47535,2020,Honda,Clarity FCV,Auto (A1),fetched,,1
47538,2020,Toyota,Mirai,Auto (variable gear ratios),fetched,,1
47728,2025,Honda,Pilot FWD,"Auto (S10), 6 cyl, 3.5 L",fetched,,1
47753,2025,Honda,Pilot AWD,"Auto (S10), 6 cyl, 3.5 L",fetched,,1
47754,2025,Honda,Pilot AWD Touring/Elite/Black,"Auto (S10), 6 cyl, 3.5 L",fetched,,1
47755,2025,Honda,Pilot AWD TrailSport,"Auto (S10), 6 cyl, 3.5 L",fetched,,1
47782,2025,Honda,HR-V AWD,"Auto (variable gear ratios), 4 cyl, 2.0 L",fetched,,1
47783,2025,Honda,HR-V FWD,"Auto (variable gear ratios), 4 cyl, 2.0 L",fetched,,1
47949,2025,Honda,CR-V FWD,"Auto (variable gear ratios), 4 cyl, 1.5 L, Turbo",fetched,,1
47950,2025,Honda,CR-V FWD,"Auto (variable gear ratios), 4 cyl, 2.0 L",fetched,,1
47956,2025,Honda,CR-V AWD,"Auto (variable gear ratios), 4 cyl, 1.5 L, Turbo",fetched,,1
47957,2025,Honda,CR-V AWD,"Auto (variable gear ratios), 4 cyl, 2.0 L",fetched,,1
47966,2025,Toyota,GR Supra,"Auto (S8), 4 cyl, 2.0 L, Turbo",fetched,,1
47967,2025,Toyota,GR Supra,"Auto (S8), 6 cyl, 3.0 L, Turbo",fetched,,1
47968,2025,Toyota,GR Supra,"Man 6-spd, 6 cyl, 3.0 L, Turbo",fetched,,1
48016,2025,Honda,Civic 4Dr,"Auto (variable gear ratios), 4 cyl, 2.0 L, SIDI",fetched,,1
48017,2025,Honda,Civic 4Dr,"Auto (AV-S7), 4 cyl, 2.0 L, SIDI",fetched,,1
48018,2025,Honda,Civic 4Dr,"Auto (variable gear ratios), 4 cyl, 2.0 L, SIDI; Hybrid",fetched,,1
48042,2025,Honda,Civic 5Dr,"Man 6-spd, 4 cyl, 2.0 L, Turbo",fetched,,1
48092,2025,Honda,Passport AWD,"Auto (S9), 6 cyl, 3.5 L",fetched,,1
48118,2025,Ford,Explorer AWD,"Auto (S10), 6 cyl, 3.0 L, Turbo",fetched,,1
48119,2025,Ford,Explorer AWD,"Auto 10-spd, 6 cyl, 3.0 L, Turbo",fetched,,1
48120,2025,Ford,Explorer AWD,"Auto 10-spd, 4 cyl, 2.3 L, Turbo",fetched,,1
48178,2025,Honda,Civic 4Dr,"Man 6-spd, 4 cyl, 1.5 L, Turbo, SIDI",fetched,,1
48246,2025,Honda,Ridgeline AWD,"Auto (S9), 6 cyl, 3.5 L",fetched,,1
48247,2025,Honda,Ridgeline AWD TrailSport,"Auto (S9), 6 cyl, 3.5 L",fetched,,1
48254,2025,Honda,Odyssey,"Auto (S10), 6 cyl, 3.5 L",fetched,,1
48493,2025,Toyota,Corolla,"Auto (variable gear ratios), 4 cyl, 2.0 L, SIDI & PFI; 1-mode",fetched,,1
48494,2025,Toyota,Corolla,"Auto (variable gear ratios), 4 cyl, 2.0 L, SIDI & PFI",fetched,,1
48495,2025,Toyota,Corolla,"Auto (AV-S10), 4 cyl, 2.0 L, SIDI & PFI; 3-mode",fetched,,1
48496,2025,Toyota,Corolla FX,"Auto (variable gear ratios), 4 cyl, 2.0 L",fetched,,1
48497,2025,Honda,Accord Hybrid Sport/Touring,"Auto (variable gear ratios), 4 cyl, 2.0 L",fetched,,1
48502,2025,Honda,Civic 5Dr,"Auto (AV-S7), 4 cyl, 2.0 L",fetched,,1
48503,2025,Honda,Civic 5Dr,"Auto (variable gear ratios), 4 cyl, 2.0 L",fetched,,1
48504,2025,Honda,Accord,"Auto (variable gear ratios), 4 cyl, 1.5 L, Turbo",fetched,,1
48510,2025,Toyota,Tundra 2WD,"Auto (S10), 6 cyl, 3.4 L, Turbo, SIDI & PFI",fetched,,1
48511,2025,Toyota,Tundra 2WD,"Auto (S10), 6 cyl, 3.4 L, Turbo, SIDI & PFI; 3-mode (Sport/Normal/Eco)",fetched,,1
48512,2025,Toyota,Tundra 2WD,"Auto (S10), 6 cyl, 3.4 L, Turbo, SIDI & PFI; Hybrid",fetched,,1
48595,2025,Toyota,GR Corolla,"Auto (S8), 3 cyl, 1.6 L, Turbo",fetched,,1
48596,2025,Toyota,GR Corolla,"Man 6-spd, 3 cyl, 1.6 L, Turbo",fetched,,1
48601,2025,Ford,Escape FWD HEV,"Auto (variable gear ratios), 4 cyl, 2.5 L",fetched,,1
48602,2025,Ford,Escape FWD,"Auto 8-spd, 3 cyl, 1.5 L, Turbo",fetched,,1
48609,2025,Ford,Escape AWD HEV,"Auto (variable gear ratios), 4 cyl, 2.5 L",fetched,,1
48706,2025,Ford,F-150 Lightning 4WD PRO ER1,Auto (A1),fetched,,1
48821,2025,Toyota,GR 86,"Man 6-spd, 4 cyl, 2.4 L",fetched,,1
48822,2025,Toyota,GR 86,"Auto (S6), 4 cyl, 2.4 L",fetched,,1
48828,2025,Ford,Mustang GTD,"Auto (AM-S8), 8 cyl, 5.2 L, Sup Charg",fetched,,1
48858,2025,Toyota,Prius AWD,"Auto (variable gear ratios), 4 cyl, 2.0 L",fetched,,1
48869,2025,Ford,Maverick HEV FWD,"Auto (variable gear ratios), 4 cyl, 2.5 L",fetched,,1
48873,2025,Ford,Maverick HEV AWD,"Auto (variable gear ratios), 4 cyl, 2.5 L",fetched,,1
48877,2025,Toyota,Tacoma 4WD MT,"Man 6-spd, 4 cyl, 2.4 L, Turbo",fetched,,1
48892,2025,Ford,Ranger RAPTOR 4WD,"Auto (S10), 6 cyl, 3.0 L, Turbo",fetched,,1
48893,2025,Ford,F150 Pickup Tremor 4WD,"Auto (S10), 6 cyl, 3.5 L, Turbo",fetched,,1
48894,2025,Ford,F150 Pickup Tremor 4WD,"Auto (S10), 8 cyl, 5.0 L",fetched,,1
48895,2025,Ford,F150 Pickup 4WD,"Auto (S10), 6 cyl, 3.5 L, Turbo",fetched,,1
48896,2025,Ford,F150 Pickup 4WD,"Auto (S10), 8 cyl, 5.0 L",fetched,,1
48897,2025,Ford,F150 Pickup 4WD HEV,"Auto (S10), 6 cyl, 3.5 L, Turbo",fetched,,1
48898,2025,Ford,F150 RAPTOR 4WD,"Auto (S10), 6 cyl, 3.5 L, Turbo",fetched,,1
48910,2025,Toyota,RAV4,"Auto (S8), 4 cyl, 2.5 L",fetched,,1
48911,2025,Toyota,Corolla Cross,"Auto (AV-S10), 4 cyl, 2.0 L",fetched,,1
48912,2025,Toyota,Highlander,"Auto (S8), 4 cyl, 2.4 L, Turbo, SIDI & PFI; with Stop-Start",fetched,,1
48913,2025,Toyota,Highlander,"Auto (S8), 4 cyl, 2.4 L, Turbo, SIDI & PFI",fetched,,1
48948,2025,Toyota,Grand Highlander Hybrid,"Auto (AV-S6), 4 cyl, 2.5 L",fetched,,1
48958,2025,Ford,Bronco Outer Banks 4WD,"Auto (S10), 6 cyl, 2.7 L, Turbo",fetched,,1
48972,2025,Toyota,Grand Highlander Hybrid AWD,"Auto (AV-S6), 4 cyl, 2.5 L",fetched,,1
48973,2025,Toyota,Grand Highlander Hybrid AWD,"Auto (S6), 4 cyl, 2.4 L, Turbo",fetched,,1
48976,2025,Toyota,4Runner 4WD,"Auto (S8), 4 cyl, 2.4 L, Turbo, SIDI & PFI",fetched,,1
48982,2025,Toyota,4Runner 4WD,"Auto (S8), 4 cyl, 2.4 L, Turbo, SIDI & PFI; with Stop-Start",fetched,,1
49014,2025,Toyota,Prius PHEV,"Auto (variable gear ratios), 4 cyl, 2.0 L",fetched,,1
49046,2025,Ford,Ranger 4WD,"Auto (S10), 4 cyl, 2.3 L, Turbo",fetched,,1
49053,2025,Ford,Bronco 4WD,"Auto (S10), 4 cyl, 2.3 L, Turbo, SIDI & PFI",fetched,,1
49054,2025,Ford,Bronco 4WD,"Auto (S10), 6 cyl, 2.7 L, Turbo, SIDI & PFI",fetched,,1
49055,2025,Ford,Bronco 4WD,"Man 7-spd, 4 cyl, 2.3 L, Turbo, SIDI & PFI",fetched,,1
49057,2025,Ford,Bronco Sport Sasquatch 4WD,"Auto 8-spd, 3 cyl, 1.5 L, Turbo",fetched,,1
49058,2025,Ford,Bronco 4WD,"Auto (S10), 6 cyl, 2.7 L, Turbo, SIDI & PFI",fetched,,1
49062,2025,Toyota,4Runner 4WD,"Auto (S8), 4 cyl, 2.4 L, Turbo, SIDI & PFI; Hybrid",fetched,,1
49063,2025,Toyota,4Runner 4WD,"Auto (S8), 4 cyl, 2.4 L, Turbo, SIDI & PFI; Hybrid",fetched,,1
49078,2025,Ford,Mustang Mach-E AWD,Auto (A1),fetched,,1
49081,2025,Ford,Mustang Mach-E Rally,Auto (A1),fetched,,1
49089,2025,Honda,Prologue AWD Touring,Auto (A1),fetched,,1
49090,2025,Honda,Prologue AWD Elite,Auto (A1),fetched,,1
49091,2025,Honda,Prologue FWD,Auto (A1),fetched,,1
49139,2025,Toyota,Corolla Hybrid (Normal/Eco Modes),"Auto (variable gear ratios), 4 cyl, 1.8 L",fetched,,1
49142,2025,Ford,Ranger 4WD,"Auto (S10), 6 cyl, 2.7 L, Turbo",fetched,,1
49143,2025,Ford,F150 Pickup 4WD,"Auto (S10), 6 cyl, 2.7 L, Turbo",fetched,,1
49146,2025,Ford,Bronco Sasquatch 4WD,"Auto (S10), 4 cyl, 2.3 L, Turbo",fetched,,1
49147,2025,Ford,Bronco Sasquatch 4WD,"Man 7-spd, 4 cyl, 2.3 L, Turbo",fetched,,1
50270,2025,Honda,CR-V e-FCEV,Auto (A1),fetched,,1
