run_id,model,fold,n_train,n_valid,mae,rmse,r2,fit_seconds
first_20261009,dummy,0,92,24,2.705599505412606,2.92298857339885,-1.4575992674086842,0.02948359999936656
first_20261009,dummy,1,93,23,1.157012914602648,1.3309118187605544,-0.08563768417624695,0.029327399999601766
first_20261009,dummy,2,93,23,1.9741253779538903,3.0528061966741635,-0.07540289991228621,0.026109299999916402
first_20261009,dummy,3,93,23,1.7499688816247443,2.1589746692885794,-0.15641432305077196,0.029778500000247732
first_20261009,dummy,4,93,23,3.2149316751582915,3.7889061110986115,-0.6529416838630671,0.029867100000046776
first_20261009,linear,0,92,24,0.5005711625568637,0.6478897515707946,0.8792578084866423,0.03523330000007263
first_20261009,linear,1,93,23,0.8801467698782528,1.0531826809139109,0.32018027108159797,0.025963400000364345
first_20261009,linear,2,93,23,0.8973356716689429,1.3274771483504935,0.796658116700274,0.031985399999939546
first_20261009,linear,3,93,23,1.04488613786047,1.1991776276967387,0.6432324028290906,0.027236800000537187
first_20261009,linear,4,93,23,1.1573078887589119,1.4178021188803958,0.7685479206882775,0.02747319999980391
first_20261009,knn,0,92,24,0.9368078419868081,1.0356488012904532,0.6914810480705134,0.027266799999779323
first_20261009,knn,1,93,23,0.7799101122705224,0.9044108340854013,0.49867673561561876,0.02609149999989313
first_20261009,knn,2,93,23,1.056688795098919,1.6216813142248447,0.6965383888243633,0.03565210000033403
first_20261009,knn,3,93,23,1.0111851290828557,1.1012528701973114,0.6991205857390509,0.04460789999939152
first_20261009,knn,4,93,23,1.6226819100984626,2.0393463717782456,0.5211363915977414,0.039453299999877345
first_20261009,tree,0,92,24,0.7016687905549297,0.9239469844059267,0.754443780582144,0.04603510000015376
first_20261009,tree,1,93,23,1.1658904694202068,1.358334277773473,-0.13083610792777645,0.036706999999296386
first_20261009,tree,2,93,23,1.45524669850505,2.2055163476718764,0.4387022562321853,0.03381260000060138
first_20261009,tree,3,93,23,1.815709680634019,2.2031975275335727,-0.2042738038033587,0.03207380000003468
first_20261009,tree,4,93,23,1.4828511473649177,1.9651022698188778,0.5553685695535293,0.03469680000034714
