vehicle_id,split,fold,y_true,y_pred,residual,abs_error,model
35048,test,,11.760729166666666,9.408583333333333,-2.352145833333333,2.352145833333333,dummy
35054,test,,11.760729166666666,9.408583333333333,-2.352145833333333,2.352145833333333,dummy
35691,test,,9.408583333333333,9.408583333333333,0.0,0.0,dummy
35692,test,,10.226721014492753,9.408583333333333,-0.8181376811594205,0.8181376811594205,dummy
35698,test,,10.691571969696968,9.408583333333333,-1.2829886363636351,1.2829886363636351,dummy
35951,test,,12.3797149122807,9.408583333333333,-2.971131578947368,2.971131578947368,dummy
35952,test,,13.06747685185185,9.408583333333333,-3.658893518518518,3.658893518518518,dummy
41309,test,,9.046714743589742,9.408583333333333,0.36186858974359026,0.36186858974359026,dummy
41754,test,,10.226721014492753,9.408583333333333,-0.8181376811594205,0.8181376811594205,dummy
41755,test,,10.691571969696968,9.408583333333333,-1.2829886363636351,1.2829886363636351,dummy
41761,test,,10.691571969696968,9.408583333333333,-1.2829886363636351,1.2829886363636351,dummy
41762,test,,11.200694444444443,9.408583333333333,-1.7921111111111099,1.7921111111111099,dummy
41949,test,,8.711651234567901,9.408583333333333,0.6969320987654317,0.6969320987654317,dummy
41950,test,,9.800607638888888,9.408583333333333,-0.39202430555555523,0.39202430555555523,dummy
42094,test,,7.1277146464646455,9.408583333333333,2.280868686868687,2.280868686868687,dummy
47728,test,,10.691571969696968,9.408583333333333,-1.2829886363636351,1.2829886363636351,dummy
47753,test,,11.200694444444443,9.408583333333333,-1.7921111111111099,1.7921111111111099,dummy
47754,test,,11.200694444444443,9.408583333333333,-1.7921111111111099,1.7921111111111099,dummy
47755,test,,11.760729166666666,9.408583333333333,-2.352145833333333,2.352145833333333,dummy
47966,test,,8.711651234567901,9.408583333333333,0.6969320987654317,0.6969320987654317,dummy
47967,test,,9.046714743589742,9.408583333333333,0.36186858974359026,0.36186858974359026,dummy
47968,test,,11.200694444444443,9.408583333333333,-1.7921111111111099,1.7921111111111099,dummy
48493,test,,6.720416666666666,9.408583333333333,2.6881666666666666,2.6881666666666666,dummy
48494,test,,6.918075980392156,9.408583333333333,2.4905073529411768,2.4905073529411768,dummy
48495,test,,6.918075980392156,9.408583333333333,2.4905073529411768,2.4905073529411768,dummy
48496,test,,6.918075980392156,9.408583333333333,2.4905073529411768,2.4905073529411768,dummy
48595,test,,10.691571969696968,9.408583333333333,-1.2829886363636351,1.2829886363636351,dummy
48596,test,,9.800607638888888,9.408583333333333,-0.39202430555555523,0.39202430555555523,dummy
48821,test,,10.691571969696968,9.408583333333333,-1.2829886363636351,1.2829886363636351,dummy
48822,test,,9.800607638888888,9.408583333333333,-0.39202430555555523,0.39202430555555523,dummy
34836,train_oof,2,6.918075980392156,9.408583333333333,2.4905073529411768,2.4905073529411768,dummy
34837,train_oof,2,7.350455729166666,9.408583333333333,2.0581276041666667,2.0581276041666667,dummy
34855,train_oof,2,6.533738425925925,9.408583333333333,2.8748449074074074,2.8748449074074074,dummy
35027,train_oof,3,11.760729166666666,9.408583333333333,-2.352145833333333,2.352145833333333,dummy
35032,train_oof,3,11.200694444444443,9.408583333333333,-1.7921111111111099,1.7921111111111099,dummy
35180,train_oof,4,7.84048611111111,9.408583333333333,1.5680972222222227,1.5680972222222227,dummy
35297,train_oof,0,7.350455729166666,10.226721014492753,2.8762652853260873,2.8762652853260873,dummy
35298,train_oof,0,7.1277146464646455,10.226721014492753,3.0990063680281077,3.0990063680281077,dummy
35416,train_oof,4,7.84048611111111,9.408583333333333,1.5680972222222227,1.5680972222222227,dummy
35514,train_oof,2,10.691571969696968,9.408583333333333,-1.2829886363636351,1.2829886363636351,dummy
35515,train_oof,2,11.200694444444443,9.408583333333333,-1.7921111111111099,1.7921111111111099,dummy
35516,train_oof,1,10.691571969696968,9.408583333333333,-1.2829886363636351,1.2829886363636351,dummy
35517,train_oof,1,11.200694444444443,9.408583333333333,-1.7921111111111099,1.7921111111111099,dummy
35548,train_oof,2,11.200694444444443,9.408583333333333,-1.7921111111111099,1.7921111111111099,dummy
35549,train_oof,2,9.408583333333333,9.408583333333333,0.0,0.0,dummy
35550,train_oof,2,9.800607638888888,9.408583333333333,-0.39202430555555523,0.39202430555555523,dummy
35551,train_oof,2,8.711651234567901,9.408583333333333,0.6969320987654317,0.6969320987654317,dummy
35552,train_oof,2,7.84048611111111,9.408583333333333,1.5680972222222227,1.5680972222222227,dummy
35553,train_oof,2,8.110847701149424,9.408583333333333,1.2977356321839082,1.2977356321839082,dummy
35577,train_oof,3,9.046714743589742,9.408583333333333,0.36186858974359026,0.36186858974359026,dummy
35579,train_oof,3,9.800607638888888,9.408583333333333,-0.39202430555555523,0.39202430555555523,dummy
35595,train_oof,3,13.06747685185185,9.408583333333333,-3.658893518518518,3.658893518518518,dummy
35596,train_oof,0,15.68097222222222,10.226721014492753,-5.454251207729467,5.454251207729467,dummy
35597,train_oof,3,13.06747685185185,9.408583333333333,-3.658893518518518,3.658893518518518,dummy
35648,train_oof,4,15.68097222222222,9.408583333333333,-6.272388888888887,6.272388888888887,dummy
35651,train_oof,4,16.801041666666666,9.408583333333333,-7.392458333333334,7.392458333333334,dummy
35668,train_oof,0,7.1277146464646455,10.226721014492753,3.0990063680281077,3.0990063680281077,dummy
35669,train_oof,0,7.350455729166666,10.226721014492753,2.8762652853260873,2.8762652853260873,dummy
35670,train_oof,0,7.587567204301075,10.226721014492753,2.6391538101916785,2.6391538101916785,dummy
35671,train_oof,0,6.918075980392156,10.226721014492753,3.3086450341005973,3.3086450341005973,dummy
35672,train_oof,0,9.408583333333333,10.226721014492753,0.8181376811594205,0.8181376811594205,dummy
35696,train_oof,1,9.408583333333333,9.408583333333333,0.0,0.0,dummy
35697,train_oof,1,10.226721014492753,9.408583333333333,-0.8181376811594205,0.8181376811594205,dummy
35702,train_oof,4,13.06747685185185,9.408583333333333,-3.658893518518518,3.658893518518518,dummy
35706,train_oof,4,13.836151960784312,9.408583333333333,-4.427568627450979,4.427568627450979,dummy
35734,train_oof,3,8.400520833333333,9.408583333333333,1.0080624999999994,1.0080624999999994,dummy
35735,train_oof,3,9.408583333333333,9.408583333333333,0.0,0.0,dummy
35784,train_oof,4,8.110847701149424,9.408583333333333,1.2977356321839082,1.2977356321839082,dummy
35786,train_oof,3,9.046714743589742,9.408583333333333,0.36186858974359026,0.36186858974359026,dummy
35787,train_oof,4,8.400520833333333,9.408583333333333,1.0080624999999994,1.0080624999999994,dummy
35891,train_oof,2,9.800607638888888,9.408583333333333,-0.39202430555555523,0.39202430555555523,dummy
35969,train_oof,3,6.918075980392156,9.408583333333333,2.4905073529411768,2.4905073529411768,dummy
36024,train_oof,1,9.800607638888888,9.408583333333333,-0.39202430555555523,0.39202430555555523,dummy
36025,train_oof,1,11.200694444444443,9.408583333333333,-1.7921111111111099,1.7921111111111099,dummy
36026,train_oof,1,11.200694444444443,9.408583333333333,-1.7921111111111099,1.7921111111111099,dummy
36027,train_oof,1,10.226721014492753,9.408583333333333,-0.8181376811594205,0.8181376811594205,dummy
36028,train_oof,1,11.760729166666666,9.408583333333333,-2.352145833333333,2.352145833333333,dummy
36029,train_oof,1,11.760729166666666,9.408583333333333,-2.352145833333333,2.352145833333333,dummy
36123,train_oof,1,9.800607638888888,9.408583333333333,-0.39202430555555523,0.39202430555555523,dummy
41630,train_oof,4,9.408583333333333,9.408583333333333,0.0,0.0,dummy
41747,train_oof,0,7.350455729166666,10.226721014492753,2.8762652853260873,2.8762652853260873,dummy
41748,train_oof,0,6.918075980392156,10.226721014492753,3.3086450341005973,3.3086450341005973,dummy
41749,train_oof,0,7.350455729166666,10.226721014492753,2.8762652853260873,2.8762652853260873,dummy
41880,train_oof,4,15.68097222222222,9.408583333333333,-6.272388888888887,6.272388888888887,dummy
41882,train_oof,4,16.801041666666666,9.408583333333333,-7.392458333333334,7.392458333333334,dummy
41884,train_oof,0,7.84048611111111,10.226721014492753,2.3862349033816432,2.3862349033816432,dummy
41940,train_oof,3,13.836151960784312,9.408583333333333,-4.427568627450979,4.427568627450979,dummy
41942,train_oof,3,13.836151960784312,9.408583333333333,-4.427568627450979,4.427568627450979,dummy
41954,train_oof,2,10.226721014492753,9.408583333333333,-0.8181376811594205,0.8181376811594205,dummy
41955,train_oof,2,10.226721014492753,9.408583333333333,-0.8181376811594205,0.8181376811594205,dummy
41957,train_oof,2,13.06747685185185,9.408583333333333,-3.658893518518518,3.658893518518518,dummy
42012,train_oof,3,9.046714743589742,9.408583333333333,0.36186858974359026,0.36186858974359026,dummy
42064,train_oof,2,9.046714743589742,9.408583333333333,0.36186858974359026,0.36186858974359026,dummy
42075,train_oof,1,9.800607638888888,9.408583333333333,-0.39202430555555523,0.39202430555555523,dummy
42078,train_oof,1,10.226721014492753,9.408583333333333,-0.8181376811594205,0.8181376811594205,dummy
42079,train_oof,1,11.200694444444443,9.408583333333333,-1.7921111111111099,1.7921111111111099,dummy
42080,train_oof,1,10.226721014492753,9.408583333333333,-0.8181376811594205,0.8181376811594205,dummy
42139,train_oof,2,16.801041666666666,9.408583333333333,-7.392458333333334,7.392458333333334,dummy
42140,train_oof,0,7.1277146464646455,10.226721014492753,3.0990063680281077,3.0990063680281077,dummy
42141,train_oof,0,6.720416666666666,10.226721014492753,3.506304347826087,3.506304347826087,dummy
42142,train_oof,0,8.110847701149424,10.226721014492753,2.1158733133433287,2.1158733133433287,dummy
42143,train_oof,0,7.350455729166666,10.226721014492753,2.8762652853260873,2.8762652853260873,dummy
42144,train_oof,0,7.1277146464646455,10.226721014492753,3.0990063680281077,3.0990063680281077,dummy
42181,train_oof,3,7.84048611111111,9.408583333333333,1.5680972222222227,1.5680972222222227,dummy
42182,train_oof,3,7.84048611111111,9.408583333333333,1.5680972222222227,1.5680972222222227,dummy
42188,train_oof,3,8.711651234567901,9.408583333333333,0.6969320987654317,0.6969320987654317,dummy
42203,train_oof,1,8.110847701149424,9.408583333333333,1.2977356321839082,1.2977356321839082,dummy
42204,train_oof,1,8.400520833333333,9.408583333333333,1.0080624999999994,1.0080624999999994,dummy
42254,train_oof,2,10.691571969696968,9.408583333333333,-1.2829886363636351,1.2829886363636351,dummy
42256,train_oof,1,9.046714743589742,9.408583333333333,0.36186858974359026,0.36186858974359026,dummy
42257,train_oof,1,8.400520833333333,9.408583333333333,1.0080624999999994,1.0080624999999994,dummy
42265,train_oof,4,12.3797149122807,9.408583333333333,-2.971131578947368,2.971131578947368,dummy
42270,train_oof,4,13.06747685185185,9.408583333333333,-3.658893518518518,3.658893518518518,dummy
42298,train_oof,4,7.84048611111111,9.408583333333333,1.5680972222222227,1.5680972222222227,dummy
42501,train_oof,0,9.408583333333333,10.226721014492753,0.8181376811594205,0.8181376811594205,dummy
42511,train_oof,3,8.400520833333333,9.408583333333333,1.0080624999999994,1.0080624999999994,dummy
47782,train_oof,1,8.711651234567901,9.408583333333333,0.6969320987654317,0.6969320987654317,dummy
47783,train_oof,1,8.400520833333333,9.408583333333333,1.0080624999999994,1.0080624999999994,dummy
47949,train_oof,4,7.84048611111111,9.408583333333333,1.5680972222222227,1.5680972222222227,dummy
47956,train_oof,4,8.400520833333333,9.408583333333333,1.0080624999999994,1.0080624999999994,dummy
48016,train_oof,0,6.533738425925925,10.226721014492753,3.692982588566828,3.692982588566828,dummy
48017,train_oof,0,6.918075980392156,10.226721014492753,3.3086450341005973,3.3086450341005973,dummy
48042,train_oof,0,9.800607638888888,10.226721014492753,0.4261133756038653,0.4261133756038653,dummy
48092,train_oof,2,11.200694444444443,9.408583333333333,-1.7921111111111099,1.7921111111111099,dummy
48118,train_oof,3,11.760729166666666,9.408583333333333,-2.352145833333333,2.352145833333333,dummy
48119,train_oof,3,11.200694444444443,9.408583333333333,-1.7921111111111099,1.7921111111111099,dummy
48120,train_oof,3,10.226721014492753,9.408583333333333,-0.8181376811594205,0.8181376811594205,dummy
48178,train_oof,0,7.587567204301075,10.226721014492753,2.6391538101916785,2.6391538101916785,dummy
48502,train_oof,0,6.918075980392156,10.226721014492753,3.3086450341005973,3.3086450341005973,dummy
48504,train_oof,2,7.350455729166666,9.408583333333333,2.0581276041666667,2.0581276041666667,dummy
48602,train_oof,1,7.84048611111111,9.408583333333333,1.5680972222222227,1.5680972222222227,dummy
48828,train_oof,2,19.601215277777776,9.408583333333333,-10.192631944444443,10.192631944444443,dummy
48910,train_oof,3,7.84048611111111,9.408583333333333,1.5680972222222227,1.5680972222222227,dummy
48911,train_oof,1,7.350455729166666,9.408583333333333,2.0581276041666667,2.0581276041666667,dummy
48912,train_oof,2,9.408583333333333,9.408583333333333,0.0,0.0,dummy
48913,train_oof,2,9.800607638888888,9.408583333333333,-0.39202430555555523,0.39202430555555523,dummy
48958,train_oof,4,11.760729166666666,9.408583333333333,-2.352145833333333,2.352145833333333,dummy
48976,train_oof,3,11.200694444444443,9.408583333333333,-1.7921111111111099,1.7921111111111099,dummy
48982,train_oof,3,11.200694444444443,9.408583333333333,-1.7921111111111099,1.7921111111111099,dummy
49053,train_oof,4,11.760729166666666,9.408583333333333,-2.352145833333333,2.352145833333333,dummy
49054,train_oof,4,13.06747685185185,9.408583333333333,-3.658893518518518,3.658893518518518,dummy
49055,train_oof,4,12.3797149122807,9.408583333333333,-2.971131578947368,2.971131578947368,dummy
49057,train_oof,0,9.800607638888888,10.226721014492753,0.4261133756038653,0.4261133756038653,dummy
49058,train_oof,4,13.06747685185185,9.408583333333333,-3.658893518518518,3.658893518518518,dummy
49146,train_oof,4,13.06747685185185,9.408583333333333,-3.658893518518518,3.658893518518518,dummy
49147,train_oof,4,13.06747685185185,9.408583333333333,-3.658893518518518,3.658893518518518,dummy
35048,test,,11.760729166666666,9.96859052426089,-1.7921386424057761,1.7921386424057761,knn
35054,test,,11.760729166666666,11.055386656794248,-0.705342509872418,0.705342509872418,knn
35691,test,,9.408583333333333,8.486440238676094,-0.9221430946572386,0.9221430946572386,knn
35692,test,,10.226721014492753,10.385011849670574,0.15829083517782117,0.15829083517782117,knn
35698,test,,10.691571969696968,11.020246970199251,0.32867500050228315,0.32867500050228315,knn
35951,test,,12.3797149122807,11.882493685490493,-0.49722122679020764,0.49722122679020764,knn
35952,test,,13.06747685185185,11.882493685490493,-1.1849831663613575,1.1849831663613575,knn
41309,test,,9.046714743589742,10.52190221230574,1.4751874687159976,1.4751874687159976,knn
41754,test,,10.226721014492753,10.691571969696968,0.4648509552042146,0.4648509552042146,knn
41755,test,,10.691571969696968,10.065202069727539,-0.6263698999694292,0.6263698999694292,knn
41761,test,,10.691571969696968,11.045310590771022,0.3537386210740543,0.3537386210740543,knn
41762,test,,11.200694444444443,11.027116134846922,-0.17357830959752008,0.17357830959752008,knn
41949,test,,8.711651234567901,9.375994703581155,0.6643434690132537,0.6643434690132537,knn
41950,test,,9.800607638888888,8.904855801194127,-0.8957518376947604,0.8957518376947604,knn
42094,test,,7.1277146464646455,7.388963406331871,0.2612487598672253,0.2612487598672253,knn
47728,test,,10.691571969696968,10.78585227321478,0.09428030351781302,0.09428030351781302,knn
47753,test,,11.200694444444443,11.79710371650618,0.596409272061738,0.596409272061738,knn
47754,test,,11.200694444444443,11.79710371650618,0.596409272061738,0.596409272061738,knn
47755,test,,11.760729166666666,11.79710371650618,0.036374549839514714,0.036374549839514714,knn
47966,test,,8.711651234567901,9.218394756085127,0.506743521517226,0.506743521517226,knn
47967,test,,9.046714743589742,10.783529651215993,1.7368149076262505,1.7368149076262505,knn
47968,test,,11.200694444444443,11.322927194905617,0.12223275046117443,0.12223275046117443,knn
48493,test,,6.720416666666666,7.815890262865353,1.095473596198687,1.095473596198687,knn
48494,test,,6.918075980392156,7.815890262865353,0.8978142824731972,0.8978142824731972,knn
48495,test,,6.918075980392156,7.97040217182673,1.0523261914345738,1.0523261914345738,knn
48496,test,,6.918075980392156,7.815890262865353,0.8978142824731972,0.8978142824731972,knn
48595,test,,10.691571969696968,8.99759363453057,-1.6939783351663973,1.6939783351663973,knn
48596,test,,9.800607638888888,8.99242050830986,-0.8081871305790287,0.8081871305790287,knn
48821,test,,10.691571969696968,9.076090656416005,-1.615481313280963,1.615481313280963,knn
48822,test,,9.800607638888888,9.427061136144216,-0.3735465027446718,0.3735465027446718,knn
34836,train_oof,2,6.918075980392156,7.553126535865521,0.6350505554733648,0.6350505554733648,knn
34837,train_oof,2,7.350455729166666,7.673478776388182,0.32302304722151653,0.32302304722151653,knn
34855,train_oof,2,6.533738425925925,7.560741315306709,1.0270028893807837,1.0270028893807837,knn
35027,train_oof,3,11.760729166666666,11.230472249699883,-0.530256916966783,0.530256916966783,knn
35032,train_oof,3,11.200694444444443,11.230472249699883,0.02977780525544027,0.02977780525544027,knn
35180,train_oof,4,7.84048611111111,8.067334950700063,0.2268488395889534,0.2268488395889534,knn
35297,train_oof,0,7.350455729166666,8.277804189342763,0.9273484601760975,0.9273484601760975,knn
35298,train_oof,0,7.1277146464646455,8.269310299321136,1.1415956528564903,1.1415956528564903,knn
35416,train_oof,4,7.84048611111111,8.036316927298524,0.1958308161874136,0.1958308161874136,knn
35514,train_oof,2,10.691571969696968,9.07468396318477,-1.6168880065121982,1.6168880065121982,knn
35515,train_oof,2,11.200694444444443,10.951901495337776,-0.24879294910666694,0.24879294910666694,knn
35516,train_oof,1,10.691571969696968,9.599147177672231,-1.0924247920247367,1.0924247920247367,knn
35517,train_oof,1,11.200694444444443,11.157004464798984,-0.04368997964545862,0.04368997964545862,knn
35548,train_oof,2,11.200694444444443,10.958986029601332,-0.24170841484311012,0.24170841484311012,knn
35549,train_oof,2,9.408583333333333,10.958003948806232,1.5494206154728989,1.5494206154728989,knn
35550,train_oof,2,9.800607638888888,10.6573190764454,0.8567114375565126,0.8567114375565126,knn
35551,train_oof,2,8.711651234567901,8.021403655550351,-0.6902475790175497,0.6902475790175497,knn
35552,train_oof,2,7.84048611111111,7.751752825726066,-0.08873328538504399,0.08873328538504399,knn
35553,train_oof,2,8.110847701149424,7.8499096431790045,-0.2609380579704199,0.2609380579704199,knn
35577,train_oof,3,9.046714743589742,9.993033298788033,0.9463185551982907,0.9463185551982907,knn
35579,train_oof,3,9.800607638888888,10.394828641199101,0.5942210023102135,0.5942210023102135,knn
35595,train_oof,3,13.06747685185185,12.436110343363344,-0.6313665084885063,0.6313665084885063,knn
35596,train_oof,0,15.68097222222222,14.084458411851282,-1.5965138103709382,1.5965138103709382,knn
35597,train_oof,3,13.06747685185185,11.972649674493393,-1.0948271773584572,1.0948271773584572,knn
35648,train_oof,4,15.68097222222222,13.112967214462884,-2.5680050077593357,2.5680050077593357,knn
35651,train_oof,4,16.801041666666666,12.713430252126216,-4.087611414540451,4.087611414540451,knn
35668,train_oof,0,7.1277146464646455,8.002124200109519,0.874409553644873,0.874409553644873,knn
35669,train_oof,0,7.350455729166666,8.000414152965323,0.6499584237986573,0.6499584237986573,knn
35670,train_oof,0,7.587567204301075,8.025204459145284,0.43763725484420934,0.43763725484420934,knn
35671,train_oof,0,6.918075980392156,8.002124200109519,1.0840482197173626,1.0840482197173626,knn
35672,train_oof,0,9.408583333333333,8.357425270067836,-1.0511580632654969,1.0511580632654969,knn
35696,train_oof,1,9.408583333333333,9.285791697756798,-0.12279163557653483,0.12279163557653483,knn
35697,train_oof,1,10.226721014492753,9.316413667565119,-0.9103073469276346,0.9103073469276346,knn
35702,train_oof,4,13.06747685185185,11.14264743018666,-1.9248294216651907,1.9248294216651907,knn
35706,train_oof,4,13.836151960784312,11.595920515699301,-2.2402314450850103,2.2402314450850103,knn
35734,train_oof,3,8.400520833333333,9.225217391564732,0.8246965582313983,0.8246965582313983,knn
35735,train_oof,3,9.408583333333333,9.800607638888888,0.39202430555555523,0.39202430555555523,knn
35784,train_oof,4,8.110847701149424,8.257803133898697,0.14695543274927303,0.14695543274927303,knn
35786,train_oof,3,9.046714743589742,9.993033298788033,0.9463185551982907,0.9463185551982907,knn
35787,train_oof,4,8.400520833333333,8.827712838707956,0.4271920053746232,0.4271920053746232,knn
35891,train_oof,2,9.800607638888888,9.408583333333333,-0.39202430555555523,0.39202430555555523,knn
35969,train_oof,3,6.918075980392156,8.004463849301043,1.0863878689088873,1.0863878689088873,knn
36024,train_oof,1,9.800607638888888,8.290767194063655,-1.5098404448252332,1.5098404448252332,knn
36025,train_oof,1,11.200694444444443,10.655761113787435,-0.5449333306570079,0.5449333306570079,knn
36026,train_oof,1,11.200694444444443,10.535945716404562,-0.6647487280398803,0.6647487280398803,knn
36027,train_oof,1,10.226721014492753,9.316413667565119,-0.9103073469276346,0.9103073469276346,knn
36028,train_oof,1,11.760729166666666,11.372706084653515,-0.3880230820131505,0.3880230820131505,knn
36029,train_oof,1,11.760729166666666,11.033314122067289,-0.7274150445993772,0.7274150445993772,knn
36123,train_oof,1,9.800607638888888,8.290767194063655,-1.5098404448252332,1.5098404448252332,knn
41630,train_oof,4,9.408583333333333,9.917901385193712,0.5093180518603795,0.5093180518603795,knn
41747,train_oof,0,7.350455729166666,8.006868938650134,0.6564132094834685,0.6564132094834685,knn
41748,train_oof,0,6.918075980392156,7.92206919333324,1.0039932129410838,1.0039932129410838,knn
41749,train_oof,0,7.350455729166666,7.997487990762766,0.6470322615960997,0.6470322615960997,knn
41880,train_oof,4,15.68097222222222,13.157517835523377,-2.523454386698843,2.523454386698843,knn
41882,train_oof,4,16.801041666666666,13.08544622234119,-3.7155954443254764,3.7155954443254764,knn
41884,train_oof,0,7.84048611111111,7.830032346247055,-0.010453764864054804,0.010453764864054804,knn
41940,train_oof,3,13.836151960784312,12.457723129365416,-1.378428831418896,1.378428831418896,knn
41942,train_oof,3,13.836151960784312,11.900326479869785,-1.9358254809145272,1.9358254809145272,knn
41954,train_oof,2,10.226721014492753,9.335748306482714,-0.8909727080100396,0.8909727080100396,knn
41955,train_oof,2,10.226721014492753,10.385504789880407,0.1587837753876542,0.1587837753876542,knn
41957,train_oof,2,13.06747685185185,13.750489789136426,0.683012937284575,0.683012937284575,knn
42012,train_oof,3,9.046714743589742,10.660059118998879,1.6133443754091363,1.6133443754091363,knn
42064,train_oof,2,9.046714743589742,7.492763139282312,-1.5539516043074304,1.5539516043074304,knn
42075,train_oof,1,9.800607638888888,8.349706815470862,-1.450900823418026,1.450900823418026,knn
42078,train_oof,1,10.226721014492753,9.887266799649261,-0.33945421484349225,0.33945421484349225,knn
42079,train_oof,1,11.200694444444443,11.270553130023812,0.06985868557936925,0.06985868557936925,knn
42080,train_oof,1,10.226721014492753,10.095153394382566,-0.13156762011018763,0.13156762011018763,knn
42139,train_oof,2,16.801041666666666,13.946632970166082,-2.8544086965005846,2.8544086965005846,knn
42140,train_oof,0,7.1277146464646455,8.008072572191631,0.8803579257269858,0.8803579257269858,knn
42141,train_oof,0,6.720416666666666,7.927261366398457,1.206844699731791,1.206844699731791,knn
42142,train_oof,0,8.110847701149424,7.953146223338598,-0.15770147781082677,0.15770147781082677,knn
42143,train_oof,0,7.350455729166666,8.022177025209567,0.6717212960429011,0.6717212960429011,knn
42144,train_oof,0,7.1277146464646455,7.942023366123047,0.8143087196584018,0.8143087196584018,knn
42181,train_oof,3,7.84048611111111,9.061582561385453,1.2210964502743433,1.2210964502743433,knn
42182,train_oof,3,7.84048611111111,9.061582561385453,1.2210964502743433,1.2210964502743433,knn
42188,train_oof,3,8.711651234567901,9.766268443533972,1.0546172089660715,1.0546172089660715,knn
42203,train_oof,1,8.110847701149424,7.281633487808976,-0.8292142133404488,0.8292142133404488,knn
42204,train_oof,1,8.400520833333333,7.503594231011179,-0.8969266023221545,0.8969266023221545,knn
42254,train_oof,2,10.691571969696968,10.163954928044705,-0.5276170416522632,0.5276170416522632,knn
42256,train_oof,1,9.046714743589742,9.887266799649261,0.8405520560595185,0.8405520560595185,knn
42257,train_oof,1,8.400520833333333,9.895219813834085,1.4946989805007522,1.4946989805007522,knn
42265,train_oof,4,12.3797149122807,11.569849790319601,-0.8098651219610993,0.8098651219610993,knn
42270,train_oof,4,13.06747685185185,11.76998620004035,-1.2974906518115006,1.2974906518115006,knn
42298,train_oof,4,7.84048611111111,7.367963794486476,-0.47252231662463373,0.47252231662463373,knn
42501,train_oof,0,9.408583333333333,8.022726445179716,-1.3858568881536169,1.3858568881536169,knn
42511,train_oof,3,8.400520833333333,9.451291541047278,1.0507707077139443,1.0507707077139443,knn
47782,train_oof,1,8.711651234567901,7.631692311152583,-1.079958923415318,1.079958923415318,knn
47783,train_oof,1,8.400520833333333,7.578641082484181,-0.8218797508491527,0.8218797508491527,knn
47949,train_oof,4,7.84048611111111,7.767730278783785,-0.07275583232732519,0.07275583232732519,knn
47956,train_oof,4,8.400520833333333,8.041162119898948,-0.35935871343438563,0.35935871343438563,knn
48016,train_oof,0,6.533738425925925,8.317759055136188,1.7840206292102625,1.7840206292102625,knn
48017,train_oof,0,6.918075980392156,8.393318144533236,1.47524216414108,1.47524216414108,knn
48042,train_oof,0,9.800607638888888,8.354030211524897,-1.4465774273639909,1.4465774273639909,knn
48092,train_oof,2,11.200694444444443,11.49009795644369,0.28940351199924663,0.28940351199924663,knn
48118,train_oof,3,11.760729166666666,12.097400922349983,0.33667175568331764,0.33667175568331764,knn
48119,train_oof,3,11.200694444444443,12.172642556558364,0.9719481121139211,0.9719481121139211,knn
48120,train_oof,3,10.226721014492753,11.377676471031418,1.1509554565386644,1.1509554565386644,knn
48178,train_oof,0,7.587567204301075,8.322210036131041,0.7346428318299667,0.7346428318299667,knn
48502,train_oof,0,6.918075980392156,8.354468243781161,1.4363922633890054,1.4363922633890054,knn
48504,train_oof,2,7.350455729166666,7.767125738652339,0.41667000948567345,0.41667000948567345,knn
48602,train_oof,1,7.84048611111111,8.27633730017156,0.4358511890604504,0.4358511890604504,knn
48828,train_oof,2,19.601215277777776,13.672675468266103,-5.928539809511673,5.928539809511673,knn
48910,train_oof,3,7.84048611111111,9.269557504725379,1.4290713936142687,1.4290713936142687,knn
48911,train_oof,1,7.350455729166666,8.47320307582793,1.1227473466612645,1.1227473466612645,knn
48912,train_oof,2,9.408583333333333,8.102989989069581,-1.3055933442637517,1.3055933442637517,knn
48913,train_oof,2,9.800607638888888,8.03625993351226,-1.7643477053766272,1.7643477053766272,knn
48958,train_oof,4,11.760729166666666,11.21740298846416,-0.5433261782025056,0.5433261782025056,knn
48976,train_oof,3,11.200694444444443,9.874775791044964,-1.3259186533994782,1.3259186533994782,knn
48982,train_oof,3,11.200694444444443,9.70937660533149,-1.491317839112952,1.491317839112952,knn
49053,train_oof,4,11.760729166666666,9.899581209520704,-1.8611479571459615,1.8611479571459615,knn
49054,train_oof,4,13.06747685185185,10.802581206460317,-2.264895645391533,2.264895645391533,knn
49055,train_oof,4,12.3797149122807,9.902766901162243,-2.4769480111184574,2.4769480111184574,knn
49057,train_oof,0,9.800607638888888,10.20976763595462,0.40915999706573203,0.40915999706573203,knn
49058,train_oof,4,13.06747685185185,10.802581206460317,-2.264895645391533,2.264895645391533,knn
49146,train_oof,4,13.06747685185185,9.899581209520704,-3.167895642331146,3.167895642331146,knn
49147,train_oof,4,13.06747685185185,9.902766901162243,-3.1647099506896073,3.1647099506896073,knn
35048,test,,11.760729166666666,11.385731746533745,-0.3749974201329209,0.3749974201329209,linear
35054,test,,11.760729166666666,12.03476800322905,0.2740388365623847,0.2740388365623847,linear
35691,test,,9.408583333333333,9.712636872282433,0.30405353894910014,0.30405353894910014,linear
35692,test,,10.226721014492753,11.5758050885052,1.3490840740124472,1.3490840740124472,linear
35698,test,,10.691571969696968,12.224841345200506,1.5332693755035383,1.5332693755035383,linear
35951,test,,12.3797149122807,12.371239805350214,-0.008475106930486476,0.008475106930486476,linear
35952,test,,13.06747685185185,12.371239805350214,-0.6962370465016363,0.6962370465016363,linear
41309,test,,9.046714743589742,9.974182547397294,0.9274678038075521,0.9274678038075521,linear
41754,test,,10.226721014492753,10.519554382906135,0.2928333684133815,0.2928333684133815,linear
41755,test,,10.691571969696968,10.695952970327493,0.004381000630525378,0.004381000630525378,linear
41761,test,,10.691571969696968,11.168590639601438,0.4770186699044707,0.4770186699044707,linear
41762,test,,11.200694444444443,11.344989227022797,0.14429478257835449,0.14429478257835449,linear
41949,test,,8.711651234567901,9.305551735916367,0.5939005013484664,0.5939005013484664,linear
41950,test,,9.800607638888888,9.221341519101443,-0.5792661197874445,0.5792661197874445,linear
42094,test,,7.1277146464646455,6.369036847933232,-0.758677798531413,0.758677798531413,linear
47728,test,,10.691571969696968,11.611398188922633,0.9198262192256657,0.9198262192256657,linear
47753,test,,11.200694444444443,12.270815905670705,1.0701214612262628,1.0701214612262628,linear
47754,test,,11.200694444444443,12.270815905670705,1.0701214612262628,1.0701214612262628,linear
47755,test,,11.760729166666666,12.270815905670705,0.5100867390040396,0.5100867390040396,linear
47966,test,,8.711651234567901,8.64659244778203,-0.06505878678587074,0.06505878678587074,linear
47967,test,,9.046714743589742,10.178303939031116,1.1315891954413733,1.1315891954413733,linear
47968,test,,11.200694444444443,10.95717440198435,-0.2435200424600925,0.2435200424600925,linear
48493,test,,6.720416666666666,7.005174983336581,0.28475831666991525,0.28475831666991525,linear
48494,test,,6.918075980392156,7.005174983336581,0.08709900294442541,0.08709900294442541,linear
48495,test,,6.918075980392156,6.573158239567054,-0.3449177408251023,0.3449177408251023,linear
48496,test,,6.918075980392156,7.005174983336581,0.08709900294442541,0.08709900294442541,linear
48595,test,,10.691571969696968,7.431892433762498,-3.2596795359344695,3.2596795359344695,linear
48596,test,,9.800607638888888,8.210762896715732,-1.589844742173156,1.589844742173156,linear
48821,test,,10.691571969696968,9.99099644274417,-0.7005755269527985,0.7005755269527985,linear
48822,test,,9.800607638888888,10.075206659559093,0.27459902067020536,0.27459902067020536,linear
34836,train_oof,2,6.918075980392156,6.8405666173256545,-0.07750936306650136,0.07750936306650136,linear
34837,train_oof,2,7.350455729166666,8.106964040445094,0.7565083112784281,0.7565083112784281,linear
34855,train_oof,2,6.533738425925925,6.849644240160073,0.31590581423414754,0.31590581423414754,linear
35027,train_oof,3,11.760729166666666,11.728391692516949,-0.03233747414971688,0.03233747414971688,linear
35032,train_oof,3,11.200694444444443,11.728391692516949,0.5276972480725064,0.5276972480725064,linear
35180,train_oof,4,7.84048611111111,8.6498230697398,0.8093369586286894,0.8093369586286894,linear
35297,train_oof,0,7.350455729166666,6.518081349819642,-0.8323743793470237,0.8323743793470237,linear
35298,train_oof,0,7.1277146464646455,6.633061481469293,-0.49465316499535206,0.49465316499535206,linear
35416,train_oof,4,7.84048611111111,8.314702690833409,0.4742165797222988,0.4742165797222988,linear
35514,train_oof,2,10.691571969696968,9.402172488252488,-1.2893994814444802,1.2893994814444802,linear
35515,train_oof,2,11.200694444444443,10.862857254026569,-0.33783719041787386,0.33783719041787386,linear
35516,train_oof,1,10.691571969696968,10.410342483598775,-0.28122948609819254,0.28122948609819254,linear
35517,train_oof,1,11.200694444444443,11.49776499503827,0.29707055059382803,0.29707055059382803,linear
35548,train_oof,2,11.200694444444443,10.105002773912599,-1.0956916705318438,1.0956916705318438,linear
35549,train_oof,2,9.408583333333333,9.59496093668878,0.18637760335544762,0.18637760335544762,linear
35550,train_oof,2,9.800607638888888,10.30925260718288,0.5086449682939929,0.5086449682939929,linear
35551,train_oof,2,8.711651234567901,8.268668421518637,-0.4429828130492641,0.4429828130492641,linear
35552,train_oof,2,7.84048611111111,7.0113486212336165,-0.8291374898774935,0.8291374898774935,linear
35553,train_oof,2,8.110847701149424,7.002270998399199,-1.1085767027502254,1.1085767027502254,linear
35577,train_oof,3,9.046714743589742,9.99877806288584,0.9520633192960979,0.9520633192960979,linear
35579,train_oof,3,9.800607638888888,10.38167831848904,0.5810706796001526,0.5810706796001526,linear
35595,train_oof,3,13.06747685185185,14.00110441832335,0.9336275664715004,0.9336275664715004,linear
35596,train_oof,0,15.68097222222222,15.701139298183193,0.020167075960973335,0.020167075960973335,linear
35597,train_oof,3,13.06747685185185,11.903824769426995,-1.1636520824248553,1.1636520824248553,linear
35648,train_oof,4,15.68097222222222,13.79839950804515,-1.8825727141770692,1.8825727141770692,linear
35651,train_oof,4,16.801041666666666,15.327508847938923,-1.4735328187277439,1.4735328187277439,linear
35668,train_oof,0,7.1277146464646455,6.526564187596891,-0.6011504588677541,0.6011504588677541,linear
35669,train_oof,0,7.350455729166666,6.86698518912285,-0.4834705400438155,0.4834705400438155,linear
35670,train_oof,0,7.587567204301075,7.731602560426319,0.14403535612524454,0.14403535612524454,linear
35671,train_oof,0,6.918075980392156,6.526564187596891,-0.3915117927952645,0.3915117927952645,linear
35672,train_oof,0,9.408583333333333,8.777992567392742,-0.6305907659405907,0.6305907659405907,linear
35696,train_oof,1,9.408583333333333,9.008616082465299,-0.3999672508680341,0.3999672508680341,linear
35697,train_oof,1,10.226721014492753,9.587677158148951,-0.6390438563438021,0.6390438563438021,linear
35702,train_oof,4,13.06747685185185,11.81614968401472,-1.2513271678371307,1.2513271678371307,linear
35706,train_oof,4,13.836151960784312,13.345259023908493,-0.49089293687581836,0.49089293687581836,linear
35734,train_oof,3,8.400520833333333,8.853943369665163,0.4534225363318303,0.4534225363318303,linear
35735,train_oof,3,9.408583333333333,10.310158473742693,0.9015751404093599,0.9015751404093599,linear
35784,train_oof,4,8.110847701149424,8.759552007502805,0.6487043063533804,0.6487043063533804,linear
35786,train_oof,3,9.046714743589742,9.99877806288584,0.9520633192960979,0.9520633192960979,linear
35787,train_oof,4,8.400520833333333,9.342787524954677,0.9422666916213434,0.9422666916213434,linear
35891,train_oof,2,9.800607638888888,9.752090481594506,-0.04851715729438233,0.04851715729438233,linear
35969,train_oof,3,6.918075980392156,7.263178370563019,0.3451023901708634,0.3451023901708634,linear
36024,train_oof,1,9.800607638888888,9.011184447001483,-0.7894231918874048,0.7894231918874048,linear
36025,train_oof,1,11.200694444444443,11.11196384088737,-0.08873060355707274,0.08873060355707274,linear
36026,train_oof,1,11.200694444444443,9.953841689520065,-1.2468527549243777,1.2468527549243777,linear
36027,train_oof,1,10.226721014492753,9.587677158148951,-0.6390438563438021,0.6390438563438021,linear
36028,train_oof,1,11.760729166666666,11.688456552034838,-0.07227261463182799,0.07227261463182799,linear
36029,train_oof,1,11.760729166666666,10.530334400667533,-1.230394765999133,1.230394765999133,linear
36123,train_oof,1,9.800607638888888,9.011184447001483,-0.7894231918874048,0.7894231918874048,linear
41630,train_oof,4,9.408583333333333,10.291392026665212,0.8828086933318797,0.8828086933318797,linear
41747,train_oof,0,7.350455729166666,8.296677578833355,0.9462218496666894,0.9462218496666894,linear
41748,train_oof,0,6.918075980392156,6.933497402320736,0.015421421928579981,0.015421421928579981,linear
41749,train_oof,0,7.350455729166666,7.273918403846693,-0.07653732531997282,0.07653732531997282,linear
41880,train_oof,4,15.68097222222222,13.875865509038555,-1.8051067131836653,1.8051067131836653,linear
41882,train_oof,4,16.801041666666666,15.404974848932326,-1.39606681773434,1.39606681773434,linear
41884,train_oof,0,7.84048611111111,7.869036387613873,0.028550276502762983,0.028550276502762983,linear
41940,train_oof,3,13.836151960784312,14.062561303010373,0.22640934222606113,0.22640934222606113,linear
41942,train_oof,3,13.836151960784312,11.965281654114017,-1.8708703066702945,1.8708703066702945,linear
41954,train_oof,2,10.226721014492753,10.556981335348263,0.33026032085551016,0.33026032085551016,linear
41955,train_oof,2,10.226721014492753,9.998710895640393,-0.22801011885236022,0.22801011885236022,linear
41957,train_oof,2,13.06747685185185,14.29746224479478,1.229985392942929,1.229985392942929,linear
42012,train_oof,3,9.046714743589742,10.061678112272348,1.014963368682606,1.014963368682606,linear
42064,train_oof,2,9.046714743589742,7.467563274618313,-1.5791514689714292,1.5791514689714292,linear
42075,train_oof,1,9.800607638888888,8.034324962564138,-1.7662826763247494,1.7662826763247494,linear
42078,train_oof,1,10.226721014492753,8.640535615126787,-1.5861853993659665,1.5861853993659665,linear
42079,train_oof,1,11.200694444444443,9.583192857645368,-1.617501586799074,1.617501586799074,linear
42080,train_oof,1,10.226721014492753,8.610817673711608,-1.615903340781145,1.615903340781145,linear
42139,train_oof,2,16.801041666666666,14.596123905025419,-2.204917761641248,2.204917761641248,linear
42140,train_oof,0,7.1277146464646455,6.84627721262721,-0.2814374338374357,0.2814374338374357,linear
42141,train_oof,0,6.720416666666666,6.505856211101252,-0.21456045556541437,0.21456045556541437,linear
42142,train_oof,0,8.110847701149424,8.60924322368323,0.49839552253380504,0.49839552253380504,linear
42143,train_oof,0,7.350455729166666,7.586484048696568,0.23602831952990222,0.23602831952990222,linear
42144,train_oof,0,7.1277146464646455,7.24606304717061,0.11834840070596453,0.11834840070596453,linear
42181,train_oof,3,7.84048611111111,9.750297701415496,1.9098115903043862,1.9098115903043862,linear
42182,train_oof,3,7.84048611111111,9.750297701415496,1.9098115903043862,1.9098115903043862,linear
42188,train_oof,3,8.711651234567901,10.133197957018695,1.4215467224507936,1.4215467224507936,linear
42203,train_oof,1,8.110847701149424,9.646102912532859,1.5352552113834346,1.5352552113834346,linear
42204,train_oof,1,8.400520833333333,9.81903049722413,1.4185096638907968,1.4185096638907968,linear
42254,train_oof,2,10.691571969696968,10.96375911742156,0.2721871477245923,0.2721871477245923,linear
42256,train_oof,1,9.046714743589742,8.640535615126787,-0.4061791284629557,0.4061791284629557,linear
42257,train_oof,1,8.400520833333333,7.922341149070947,-0.4781796842623862,0.4781796842623862,linear
42265,train_oof,4,12.3797149122807,11.494289783888318,-0.8854251283923826,0.8854251283923826,linear
42270,train_oof,4,13.06747685185185,13.023399123782092,-0.04407772806975885,0.04407772806975885,linear
42298,train_oof,4,7.84048611111111,7.802888393931683,-0.03759771717942684,0.03759771717942684,linear
42501,train_oof,0,9.408583333333333,9.036884414902714,-0.371698918430619,0.371698918430619,linear
42511,train_oof,3,8.400520833333333,9.149056134005352,0.7485353006720192,0.7485353006720192,linear
47782,train_oof,1,8.711651234567901,8.421882310171732,-0.28976892439616897,0.28976892439616897,linear
47783,train_oof,1,8.400520833333333,7.512204467179321,-0.8883163661540125,0.8883163661540125,linear
47949,train_oof,4,7.84048611111111,7.880354394925087,0.039868283813977,0.039868283813977,linear
47956,train_oof,4,8.400520833333333,8.463589912376959,0.06306907904362546,0.06306907904362546,linear
48016,train_oof,0,6.533738425925925,7.81626894598584,1.2825305200599146,1.2825305200599146,linear
48017,train_oof,0,6.918075980392156,8.156689947511799,1.238613967119643,1.238613967119643,linear
48042,train_oof,0,9.800607638888888,9.460300540048689,-0.3403070988401993,0.3403070988401993,linear
48092,train_oof,2,11.200694444444443,12.062758531295596,0.862064086851154,0.862064086851154,linear
48118,train_oof,3,11.760729166666666,12.852847161628564,1.0921179949618978,1.0921179949618978,linear
48119,train_oof,3,11.200694444444443,13.074652228615282,1.8739577841708392,1.8739577841708392,linear
48120,train_oof,3,10.226721014492753,12.024067395934807,1.797346381442054,1.797346381442054,linear
48178,train_oof,0,7.587567204301075,8.439242286429103,0.8516750821280281,0.8516750821280281,linear
48502,train_oof,0,6.918075980392156,8.437541365062026,1.5194653846698705,1.5194653846698705,linear
48504,train_oof,2,7.350455729166666,7.1458253159008525,-0.20463041326581344,0.20463041326581344,linear
48602,train_oof,1,7.84048611111111,7.528106112730977,-0.3123799983801332,0.3123799983801332,linear
48828,train_oof,2,19.601215277777776,14.854155313326135,-4.7470599644516405,4.7470599644516405,linear
48910,train_oof,3,7.84048611111111,9.811754586102518,1.9712684749914082,1.9712684749914082,linear
48911,train_oof,1,7.350455729166666,9.205917333030776,1.8554616038641099,1.8554616038641099,linear
48912,train_oof,2,9.408583333333333,8.612912882493646,-0.7956704508396868,0.7956704508396868,linear
48913,train_oof,2,9.800607638888888,8.612912882493646,-1.187694756395242,1.187694756395242,linear
48958,train_oof,4,11.760729166666666,12.181638800718138,0.42090963405147264,0.42090963405147264,linear
48976,train_oof,3,11.200694444444443,11.667922847120709,0.4672284026762661,0.4672284026762661,linear
48982,train_oof,3,11.200694444444443,10.31479228942963,-0.8859021550148132,0.8859021550148132,linear
49053,train_oof,4,11.760729166666666,10.239923160086619,-1.520806006580047,1.520806006580047,linear
49054,train_oof,4,13.06747685185185,10.91725352663768,-2.1502233252141707,2.1502233252141707,linear
49055,train_oof,4,12.3797149122807,10.512848320097598,-1.8668665921831025,1.8668665921831025,linear
49057,train_oof,0,9.800607638888888,10.196570029338796,0.3959623904499079,0.3959623904499079,linear
49058,train_oof,4,13.06747685185185,10.91725352663768,-2.1502233252141707,2.1502233252141707,linear
49146,train_oof,4,13.06747685185185,10.239923160086619,-2.8275536917652317,2.8275536917652317,linear
49147,train_oof,4,13.06747685185185,10.512848320097598,-2.5546285317542523,2.5546285317542523,linear
35048,test,,11.760729166666666,10.361882531241903,-1.3988466354247624,1.3988466354247624,tree
35054,test,,11.760729166666666,10.361882531241903,-1.3988466354247624,1.3988466354247624,tree
35691,test,,9.408583333333333,8.11985007292983,-1.288733260403502,1.288733260403502,tree
35692,test,,10.226721014492753,10.361882531241903,0.13516151674915022,0.13516151674915022,tree
35698,test,,10.691571969696968,10.361882531241903,-0.3296894384550644,0.3296894384550644,tree
35951,test,,12.3797149122807,12.080805771001746,-0.29890914127895485,0.29890914127895485,tree
35952,test,,13.06747685185185,12.080805771001746,-0.9866710808501047,0.9866710808501047,tree
41309,test,,9.046714743589742,10.361882531241903,1.315167787652161,1.315167787652161,tree
41754,test,,10.226721014492753,10.361882531241903,0.13516151674915022,0.13516151674915022,tree
41755,test,,10.691571969696968,10.361882531241903,-0.3296894384550644,0.3296894384550644,tree
41761,test,,10.691571969696968,10.361882531241903,-0.3296894384550644,0.3296894384550644,tree
41762,test,,11.200694444444443,10.361882531241903,-0.8388119132025391,0.8388119132025391,tree
41949,test,,8.711651234567901,9.34058733782203,0.6289361032541283,0.6289361032541283,tree
41950,test,,9.800607638888888,9.34058733782203,-0.46002030106685865,0.46002030106685865,tree
42094,test,,7.1277146464646455,8.831406522658474,1.7036918761938287,1.7036918761938287,tree
47728,test,,10.691571969696968,10.361882531241903,-0.3296894384550644,0.3296894384550644,tree
47753,test,,11.200694444444443,10.361882531241903,-0.8388119132025391,0.8388119132025391,tree
47754,test,,11.200694444444443,10.361882531241903,-0.8388119132025391,0.8388119132025391,tree
47755,test,,11.760729166666666,10.361882531241903,-1.3988466354247624,1.3988466354247624,tree
47966,test,,8.711651234567901,10.981628739282282,2.2699775047143813,2.2699775047143813,tree
47967,test,,9.046714743589742,10.361882531241903,1.315167787652161,1.315167787652161,tree
47968,test,,11.200694444444443,10.361882531241903,-0.8388119132025391,0.8388119132025391,tree
48493,test,,6.720416666666666,8.831406522658474,2.110989855991808,2.110989855991808,tree
48494,test,,6.918075980392156,8.831406522658474,1.9133305422663183,1.9133305422663183,tree
48495,test,,6.918075980392156,8.831406522658474,1.9133305422663183,1.9133305422663183,tree
48496,test,,6.918075980392156,8.831406522658474,1.9133305422663183,1.9133305422663183,tree
48595,test,,10.691571969696968,10.981628739282282,0.29005676958531446,0.29005676958531446,tree
48596,test,,9.800607638888888,10.981628739282282,1.1810211003933944,1.1810211003933944,tree
48821,test,,10.691571969696968,10.981628739282282,0.29005676958531446,0.29005676958531446,tree
48822,test,,9.800607638888888,10.981628739282282,1.1810211003933944,1.1810211003933944,tree
34836,train_oof,2,6.918075980392156,7.39356118627224,0.47548520588008447,0.47548520588008447,tree
34837,train_oof,2,7.350455729166666,7.39356118627224,0.04310545710557445,0.04310545710557445,tree
34855,train_oof,2,6.533738425925925,7.39356118627224,0.8598227603463151,0.8598227603463151,tree
35027,train_oof,3,11.760729166666666,12.240089606027595,0.47936043936092965,0.47936043936092965,tree
35032,train_oof,3,11.200694444444443,12.240089606027595,1.039395161583153,1.039395161583153,tree
35180,train_oof,4,7.84048611111111,7.2246549452305,-0.6158311658806097,0.6158311658806097,tree
35297,train_oof,0,7.350455729166666,7.427323240059911,0.07686751089324506,0.07686751089324506,tree
35298,train_oof,0,7.1277146464646455,7.427323240059911,0.2996085935952655,0.2996085935952655,tree
35416,train_oof,4,7.84048611111111,7.2246549452305,-0.6158311658806097,0.6158311658806097,tree
35514,train_oof,2,10.691571969696968,8.676768729967947,-2.014803239729021,2.014803239729021,tree
35515,train_oof,2,11.200694444444443,12.042815481964125,0.8421210375196821,0.8421210375196821,tree
35516,train_oof,1,10.691571969696968,10.279097242586472,-0.4124747271104958,0.4124747271104958,tree
35517,train_oof,1,11.200694444444443,10.279097242586472,-0.9215972018579706,0.9215972018579706,tree
35548,train_oof,2,11.200694444444443,12.042815481964125,0.8421210375196821,0.8421210375196821,tree
35549,train_oof,2,9.408583333333333,12.042815481964125,2.634232148630792,2.634232148630792,tree
35550,train_oof,2,9.800607638888888,12.042815481964125,2.242207843075237,2.242207843075237,tree
35551,train_oof,2,8.711651234567901,8.008004663957207,-0.7036465706106938,0.7036465706106938,tree
35552,train_oof,2,7.84048611111111,8.008004663957207,0.16751855284609718,0.16751855284609718,tree
35553,train_oof,2,8.110847701149424,8.008004663957207,-0.10284303719221732,0.10284303719221732,tree
35577,train_oof,3,9.046714743589742,11.132117472325273,2.085402728735531,2.085402728735531,tree
35579,train_oof,3,9.800607638888888,11.132117472325273,1.3315098334363853,1.3315098334363853,tree
35595,train_oof,3,13.06747685185185,12.240089606027595,-0.827387245824255,0.827387245824255,tree
35596,train_oof,0,15.68097222222222,15.294638109031485,-0.38633411319073474,0.38633411319073474,tree
35597,train_oof,3,13.06747685185185,12.240089606027595,-0.827387245824255,0.827387245824255,tree
35648,train_oof,4,15.68097222222222,12.92755136124315,-2.7534208609790696,2.7534208609790696,tree
35651,train_oof,4,16.801041666666666,12.92755136124315,-3.873490305423516,3.873490305423516,tree
35668,train_oof,0,7.1277146464646455,7.427323240059911,0.2996085935952655,0.2996085935952655,tree
35669,train_oof,0,7.350455729166666,7.427323240059911,0.07686751089324506,0.07686751089324506,tree
35670,train_oof,0,7.587567204301075,7.427323240059911,-0.16024396424116372,0.16024396424116372,tree
35671,train_oof,0,6.918075980392156,7.427323240059911,0.5092472596677551,0.5092472596677551,tree
35672,train_oof,0,9.408583333333333,8.677663699822368,-0.7309196335109647,0.7309196335109647,tree
35696,train_oof,1,9.408583333333333,10.279097242586472,0.8705139092531393,0.8705139092531393,tree
35697,train_oof,1,10.226721014492753,10.279097242586472,0.05237622809371878,0.05237622809371878,tree
35702,train_oof,4,13.06747685185185,12.92755136124315,-0.1399254906087002,0.1399254906087002,tree
35706,train_oof,4,13.836151960784312,12.92755136124315,-0.9086005995411615,0.9086005995411615,tree
35734,train_oof,3,8.400520833333333,11.132117472325273,2.73159663899194,2.73159663899194,tree
35735,train_oof,3,9.408583333333333,12.240089606027595,2.831506272694263,2.831506272694263,tree
35784,train_oof,4,8.110847701149424,8.870577948960761,0.759730247811337,0.759730247811337,tree
35786,train_oof,3,9.046714743589742,11.132117472325273,2.085402728735531,2.085402728735531,tree
35787,train_oof,4,8.400520833333333,9.620034842911803,1.2195140095784698,1.2195140095784698,tree
35891,train_oof,2,9.800607638888888,12.042815481964125,2.242207843075237,2.242207843075237,tree
35969,train_oof,3,6.918075980392156,8.984655627513758,2.0665796471216025,2.0665796471216025,tree
36024,train_oof,1,9.800607638888888,8.015668751145666,-1.7849388877432215,1.7849388877432215,tree
36025,train_oof,1,11.200694444444443,9.24394568425468,-1.9567487601897628,1.9567487601897628,tree
36026,train_oof,1,11.200694444444443,9.24394568425468,-1.9567487601897628,1.9567487601897628,tree
36027,train_oof,1,10.226721014492753,10.279097242586472,0.05237622809371878,0.05237622809371878,tree
36028,train_oof,1,11.760729166666666,10.279097242586472,-1.4816319240801938,1.4816319240801938,tree
36029,train_oof,1,11.760729166666666,10.279097242586472,-1.4816319240801938,1.4816319240801938,tree
36123,train_oof,1,9.800607638888888,8.015668751145666,-1.7849388877432215,1.7849388877432215,tree
41630,train_oof,4,9.408583333333333,9.620034842911803,0.21145150957847036,0.21145150957847036,tree
41747,train_oof,0,7.350455729166666,7.427323240059911,0.07686751089324506,0.07686751089324506,tree
41748,train_oof,0,6.918075980392156,7.427323240059911,0.5092472596677551,0.5092472596677551,tree
41749,train_oof,0,7.350455729166666,7.427323240059911,0.07686751089324506,0.07686751089324506,tree
41880,train_oof,4,15.68097222222222,12.92755136124315,-2.7534208609790696,2.7534208609790696,tree
41882,train_oof,4,16.801041666666666,12.92755136124315,-3.873490305423516,3.873490305423516,tree
41884,train_oof,0,7.84048611111111,7.427323240059911,-0.413162871051199,0.413162871051199,tree
41940,train_oof,3,13.836151960784312,13.722121782944148,-0.11403017784016356,0.11403017784016356,tree
41942,train_oof,3,13.836151960784312,13.722121782944148,-0.11403017784016356,0.11403017784016356,tree
41954,train_oof,2,10.226721014492753,9.312501823057596,-0.9142191914351567,0.9142191914351567,tree
41955,train_oof,2,10.226721014492753,9.312501823057596,-0.9142191914351567,0.9142191914351567,tree
41957,train_oof,2,13.06747685185185,12.042815481964125,-1.0246613698877258,1.0246613698877258,tree
42012,train_oof,3,9.046714743589742,13.722121782944148,4.675407039354406,4.675407039354406,tree
42064,train_oof,2,9.046714743589742,8.008004663957207,-1.0387100796325353,1.0387100796325353,tree
42075,train_oof,1,9.800607638888888,8.015668751145666,-1.7849388877432215,1.7849388877432215,tree
42078,train_oof,1,10.226721014492753,10.279097242586472,0.05237622809371878,0.05237622809371878,tree
42079,train_oof,1,11.200694444444443,10.279097242586472,-0.9215972018579706,0.9215972018579706,tree
42080,train_oof,1,10.226721014492753,10.279097242586472,0.05237622809371878,0.05237622809371878,tree
42139,train_oof,2,16.801041666666666,12.042815481964125,-4.758226184702542,4.758226184702542,tree
42140,train_oof,0,7.1277146464646455,7.427323240059911,0.2996085935952655,0.2996085935952655,tree
42141,train_oof,0,6.720416666666666,7.427323240059911,0.7069065733932449,0.7069065733932449,tree
42142,train_oof,0,8.110847701149424,8.677663699822368,0.5668159986729435,0.5668159986729435,tree
42143,train_oof,0,7.350455729166666,8.677663699822368,1.327207970655702,1.327207970655702,tree
42144,train_oof,0,7.1277146464646455,8.677663699822368,1.5499490533577225,1.5499490533577225,tree
42181,train_oof,3,7.84048611111111,11.132117472325273,3.291631361214163,3.291631361214163,tree
42182,train_oof,3,7.84048611111111,11.132117472325273,3.291631361214163,3.291631361214163,tree
42188,train_oof,3,8.711651234567901,11.132117472325273,2.4204662377573722,2.4204662377573722,tree
42203,train_oof,1,8.110847701149424,10.279097242586472,2.1682495414370475,2.1682495414370475,tree
42204,train_oof,1,8.400520833333333,10.279097242586472,1.8785764092531387,1.8785764092531387,tree
42254,train_oof,2,10.691571969696968,12.042815481964125,1.3512435122671569,1.3512435122671569,tree
42256,train_oof,1,9.046714743589742,10.279097242586472,1.2323824989967296,1.2323824989967296,tree
42257,train_oof,1,8.400520833333333,10.279097242586472,1.8785764092531387,1.8785764092531387,tree
42265,train_oof,4,12.3797149122807,12.92755136124315,0.5478364489624497,0.5478364489624497,tree
42270,train_oof,4,13.06747685185185,12.92755136124315,-0.1399254906087002,0.1399254906087002,tree
42298,train_oof,4,7.84048611111111,7.2246549452305,-0.6158311658806097,0.6158311658806097,tree
42501,train_oof,0,9.408583333333333,8.677663699822368,-0.7309196335109647,0.7309196335109647,tree
42511,train_oof,3,8.400520833333333,11.132117472325273,2.73159663899194,2.73159663899194,tree
47782,train_oof,1,8.711651234567901,10.279097242586472,1.567446008018571,1.567446008018571,tree
47783,train_oof,1,8.400520833333333,7.0910902723621,-1.309430560971233,1.309430560971233,tree
47949,train_oof,4,7.84048611111111,7.2246549452305,-0.6158311658806097,0.6158311658806097,tree
47956,train_oof,4,8.400520833333333,9.620034842911803,1.2195140095784698,1.2195140095784698,tree
48016,train_oof,0,6.533738425925925,8.677663699822368,2.1439252738964427,2.1439252738964427,tree
48017,train_oof,0,6.918075980392156,8.677663699822368,1.759587719430212,1.759587719430212,tree
48042,train_oof,0,9.800607638888888,8.677663699822368,-1.12294393906652,1.12294393906652,tree
48092,train_oof,2,11.200694444444443,12.042815481964125,0.8421210375196821,0.8421210375196821,tree
48118,train_oof,3,11.760729166666666,13.722121782944148,1.9613926162774824,1.9613926162774824,tree
48119,train_oof,3,11.200694444444443,13.722121782944148,2.5214273384997057,2.5214273384997057,tree
48120,train_oof,3,10.226721014492753,11.132117472325273,0.90539645783252,0.90539645783252,tree
48178,train_oof,0,7.587567204301075,7.427323240059911,-0.16024396424116372,0.16024396424116372,tree
48502,train_oof,0,6.918075980392156,8.677663699822368,1.759587719430212,1.759587719430212,tree
48504,train_oof,2,7.350455729166666,7.39356118627224,0.04310545710557445,0.04310545710557445,tree
48602,train_oof,1,7.84048611111111,7.2921457485792445,-0.5483403625318655,0.5483403625318655,tree
48828,train_oof,2,19.601215277777776,12.042815481964125,-7.558399795813651,7.558399795813651,tree
48910,train_oof,3,7.84048611111111,11.132117472325273,3.291631361214163,3.291631361214163,tree
48911,train_oof,1,7.350455729166666,8.015668751145666,0.6652130219790005,0.6652130219790005,tree
48912,train_oof,2,9.408583333333333,8.676768729967947,-0.7318146033653861,0.7318146033653861,tree
48913,train_oof,2,9.800607638888888,8.676768729967947,-1.1238389089209413,1.1238389089209413,tree
48958,train_oof,4,11.760729166666666,12.92755136124315,1.1668221945764845,1.1668221945764845,tree
48976,train_oof,3,11.200694444444443,11.132117472325273,-0.06857697211916935,0.06857697211916935,tree
48982,train_oof,3,11.200694444444443,11.132117472325273,-0.06857697211916935,0.06857697211916935,tree
49053,train_oof,4,11.760729166666666,9.620034842911803,-2.140694323754863,2.140694323754863,tree
49054,train_oof,4,13.06747685185185,12.92755136124315,-0.1399254906087002,0.1399254906087002,tree
49055,train_oof,4,12.3797149122807,9.620034842911803,-2.7596800693688976,2.7596800693688976,tree
49057,train_oof,0,9.800607638888888,10.897119840863725,1.0965122019748375,1.0965122019748375,tree
49058,train_oof,4,13.06747685185185,12.92755136124315,-0.1399254906087002,0.1399254906087002,tree
49146,train_oof,4,13.06747685185185,9.620034842911803,-3.4474420089400475,3.4474420089400475,tree
49147,train_oof,4,13.06747685185185,9.620034842911803,-3.4474420089400475,3.4474420089400475,tree
