vehicle_id,model_year,manufacturer,model_name,base_model,displacement_l,cylinders,transmission,drivetrain,vehicle_class,engine_description,engine_id,atv_type,fuel_type_primary,fuel_type_secondary,electric_motor,phev_blended,combined_mpg,combined_mpg_unrounded,target_l100km,source_url,fetched_at_utc,raw_sha256,snapshot_id,model_group,audit_flags
34836,2015,Honda,Fit,Fit,1.5,4,Automatic (AV-S7),Front-Wheel Drive,Small Station Wagons,SIDI,1,,Regular Gasoline,,,False,34.0,34.1256,6.918075980392156,https://www.fueleconomy.gov/ws/rest/vehicle/34836,2026-10-09T00:33:44.560204+00:00,ca14f435655c3ce4a3c259aa65c7bf8bbb563ff1602cd2e2365c6cea99c6ab3a,smoke_20261009,honda::fit,
34837,2015,Honda,Fit,Fit,1.5,4,Manual 6-spd,Front-Wheel Drive,Small Station Wagons,SIDI,2,,Regular Gasoline,,,False,32.0,31.5146,7.350455729166666,https://www.fueleconomy.gov/ws/rest/vehicle/34837,2026-10-09T00:33:57.571105+00:00,76a50957b5991942ec02a7f5fbb373099d4264f41623809649e4cd6d4fbab61d,smoke_20261009,honda::fit,
34855,2015,Honda,Fit,Fit,1.5,4,Automatic (variable gear ratios),Front-Wheel Drive,Small Station Wagons,SIDI,3,,Regular Gasoline,,,False,36.0,36.0,6.533738425925925,https://www.fueleconomy.gov/ws/rest/vehicle/34855,2026-10-09T00:33:29.663759+00:00,4350f45eabe22af7a289cee4bc337cf5340fe83d6a612a1c5c15a20069f0d5fe,smoke_20261009,honda::fit,
35027,2015,Ford,Taurus AWD,Taurus,3.5,6,Automatic (S6),All-Wheel Drive,Large Cars,SIDI,125,,Regular Gasoline,,,False,20.0,19.7744,11.760729166666666,https://www.fueleconomy.gov/ws/rest/vehicle/35027,2026-10-09T00:34:24.409688+00:00,49b08fda7e0be895356388a3eef9663f7b8129614ebb946e0fb592a6dcb94210,smoke_20261009,ford::taurus,
35032,2015,Ford,Taurus AWD,Taurus,3.5,6,Automatic (S6),All-Wheel Drive,Large Cars,,154,,Regular Gasoline,,,False,21.0,20.844,11.200694444444443,https://www.fueleconomy.gov/ws/rest/vehicle/35032,2026-10-09T00:34:36.460227+00:00,b036a0da7204196f59389b0634947a974572d61c3e558dc1733349219877889c,smoke_20261009,ford::taurus,missing_optional:engine_description
35048,2015,Honda,Pilot 2WD,Pilot,3.5,6,Automatic 5-spd,Front-Wheel Drive,Small Sport Utility Vehicle 2WD,,6,,Regular Gasoline,,,False,20.0,20.4735,11.760729166666666,https://www.fueleconomy.gov/ws/rest/vehicle/35048,2026-10-09T00:37:45.909395+00:00,39dc22922beb4be86481a4c3e0e121e901e808dd9d0e6a891f38d37fbc20d3d8,smoke_20261009,honda::pilot,missing_optional:engine_description
35054,2015,Honda,Pilot 4WD,Pilot,3.5,6,Automatic 5-spd,All-Wheel Drive,Small Sport Utility Vehicle 4WD,,7,,Regular Gasoline,,,False,20.0,19.8343,11.760729166666666,https://www.fueleconomy.gov/ws/rest/vehicle/35054,2026-10-09T00:35:57.512731+00:00,125c3826869f33178e27a40f68ae8324b91317bc31271c2de0db9dfa466a6890,smoke_20261009,honda::pilot,missing_optional:engine_description
35180,2015,Ford,Fiesta FWD,Fiesta,1.6,4,Automatic (AM6),Front-Wheel Drive,Subcompact Cars,,82,,Regular Gasoline,,,False,30.0,30.309,7.84048611111111,https://www.fueleconomy.gov/ws/rest/vehicle/35180,2026-10-09T00:37:11.413082+00:00,58cea5ab238939aa84621022c9d6632c44349aceba367668ea9f2c98906af591,smoke_20261009,ford::fiesta,missing_optional:engine_description
35297,2015,Toyota,Yaris,Yaris,1.5,4,Automatic 4-spd,Front-Wheel Drive,Compact Cars,,13,,Regular Gasoline,,,False,32.0,31.8498,7.350455729166666,https://www.fueleconomy.gov/ws/rest/vehicle/35297,2026-10-09T00:36:33.308669+00:00,5486a90f64d87c576d60f62905eab06ba5e3a02ab9e7445b539aad4d905e2e2a,smoke_20261009,toyota::yaris,missing_optional:engine_description
35298,2015,Toyota,Yaris,Yaris,1.5,4,Manual 5-spd,Front-Wheel Drive,Compact Cars,,14,,Regular Gasoline,,,False,33.0,32.5961,7.1277146464646455,https://www.fueleconomy.gov/ws/rest/vehicle/35298,2026-10-09T00:36:18.299300+00:00,2df984681d9e20d3594d32c7db10ef64e6abdf8aea907e95ae0f68369f7cb2c6,smoke_20261009,toyota::yaris,missing_optional:engine_description
35416,2015,Ford,Fiesta FWD,Fiesta,1.6,4,Manual 5-spd,Front-Wheel Drive,Subcompact Cars,,83,,Regular Gasoline,,,False,30.0,30.3873,7.84048611111111,https://www.fueleconomy.gov/ws/rest/vehicle/35416,2026-10-09T00:37:25.905830+00:00,c53cee33c6bc31ff67053a277e0b2450f5628f349389fdf6a6c51f75c313ebc8,smoke_20261009,ford::fiesta,missing_optional:engine_description
35514,2015,Toyota,Highlander 2WD,Highlander,2.7,4,Automatic (S6),Front-Wheel Drive,Small Sport Utility Vehicle 2WD,,47,,Regular Gasoline,,,False,22.0,21.968,10.691571969696968,https://www.fueleconomy.gov/ws/rest/vehicle/35514,2026-10-09T00:35:17.541917+00:00,cd7274babdfdfed54a8d10bf74728dec9efcc443ea7864a6ab44d4178540db7e,smoke_20261009,toyota::highlander,missing_optional:engine_description
35515,2015,Toyota,Highlander 2WD,Highlander,3.5,6,Automatic (S6),Front-Wheel Drive,Small Sport Utility Vehicle 2WD,,51,,Regular Gasoline,,,False,21.0,20.8845,11.200694444444443,https://www.fueleconomy.gov/ws/rest/vehicle/35515,2026-10-09T00:35:01.451610+00:00,90c184328d3c470a0247434943dbd2d8b16913307c6d3bc85f68a810cd417f8b,smoke_20261009,toyota::highlander,missing_optional:engine_description
35516,2015,Toyota,Venza 4WD,Venza,2.7,4,Automatic (S6),All-Wheel Drive,Small Sport Utility Vehicle 4WD,,12,,Regular Gasoline,,,False,22.0,22.4236,10.691571969696968,https://www.fueleconomy.gov/ws/rest/vehicle/35516,2026-10-09T00:38:03.966835+00:00,3d6ecc8e263722e9f50a021f47b9a791bc810a33f36163980cf5b4b0d0ddc26b,smoke_20261009,toyota::venza,missing_optional:engine_description
35517,2015,Toyota,Venza 4WD,Venza,3.5,6,Automatic (S6),All-Wheel Drive,Small Sport Utility Vehicle 4WD,,21,,Regular Gasoline,,,False,21.0,20.8231,11.200694444444443,https://www.fueleconomy.gov/ws/rest/vehicle/35517,2026-10-09T00:37:50.929095+00:00,960777f7e9b7c1535b47c0d244e3162a76ff9a8eb4fad95f26c40ecbee5519eb,smoke_20261009,toyota::venza,missing_optional:engine_description
35548,2015,Honda,Accord,Accord,3.5,6,Manual 6-spd,Front-Wheel Drive,Midsize Cars,,14,,Regular Gasoline,,,False,21.0,21.4712,11.200694444444443,https://www.fueleconomy.gov/ws/rest/vehicle/35548,2026-10-09T00:31:25.557691+00:00,b88cbf7ab23cefc5eef6f491ee660bb77675268f5c3798aea95dde06c90f2d44,smoke_20261009,honda::accord,missing_optional:engine_description
35549,2015,Honda,Accord,Accord,3.5,6,Automatic 6-spd,Front-Wheel Drive,Midsize Cars,,15,,Regular Gasoline,,,False,25.0,25.4456,9.408583333333333,https://www.fueleconomy.gov/ws/rest/vehicle/35549,2026-10-09T00:31:26.536096+00:00,c74f40b07eadfc3fad8800760b2dee2f72cac198885b59d1729734237b8539b7,smoke_20261009,honda::accord,missing_optional:engine_description
35550,2015,Honda,Accord,Accord,3.5,6,Automatic (S6),Front-Wheel Drive,Midsize Cars,,16,,Regular Gasoline,,,False,24.0,24.3411,9.800607638888888,https://www.fueleconomy.gov/ws/rest/vehicle/35550,2026-10-09T00:31:21.541349+00:00,bd96504aa5bf53d5953fbca628b10b3f088bebe465868f9994f565f761fc1a14,smoke_20261009,honda::accord,missing_optional:engine_description
35551,2015,Honda,Accord,Accord,2.4,4,Manual 6-spd,Front-Wheel Drive,Midsize Cars,SIDI,21,,Regular Gasoline,,,False,27.0,27.1584,8.711651234567901,https://www.fueleconomy.gov/ws/rest/vehicle/35551,2026-10-09T00:31:24.530336+00:00,05dfee848b158a49c6b7b3a791129674cb66e940c033654b7513c36dedb6d9ea,smoke_20261009,honda::accord,
35552,2015,Honda,Accord,Accord,2.4,4,Automatic (variable gear ratios),Front-Wheel Drive,Midsize Cars,SIDI,22,,Regular Gasoline,,,False,30.0,30.0537,7.84048611111111,https://www.fueleconomy.gov/ws/rest/vehicle/35552,2026-10-09T00:31:05.574049+00:00,3ceafe314d891fc1976955b7fd3dd1cd457fcee58e911e6097f197a99a1eb3a1,smoke_20261009,honda::accord,
35553,2015,Honda,Accord,Accord,2.4,4,Automatic (AV-S7),Front-Wheel Drive,Midsize Cars,SIDI,23,,Regular Gasoline,,,False,29.0,29.0641,8.110847701149424,https://www.fueleconomy.gov/ws/rest/vehicle/35553,2026-10-09T00:31:16.514565+00:00,f1169e598e9f1b60c6e9dfe42f353ed74e1df8c69f9bc4162c10f2c32c08dca2,smoke_20261009,honda::accord,
35577,2015,Toyota,RAV4,RAV4,2.5,4,Automatic (S6),Front-Wheel Drive,Small Sport Utility Vehicle 2WD,,114,,Regular Gasoline,,,False,26.0,25.6979,9.046714743589742,https://www.fueleconomy.gov/ws/rest/vehicle/35577,2026-10-09T00:38:14.029725+00:00,b86f459be0cecdf2cab9506cbd790ac786fa7e4328c2ea99c7c63c853fdfd775,smoke_20261009,toyota::rav4,missing_optional:engine_description
35579,2015,Toyota,RAV4 Limited AWD,RAV4,2.5,4,Automatic (S6),All-Wheel Drive,Small Sport Utility Vehicle 4WD,,103,,Regular Gasoline,,,False,24.0,24.3351,9.800607638888888,https://www.fueleconomy.gov/ws/rest/vehicle/35579,2026-10-09T00:37:05.072641+00:00,c5d36d46d992411e8e23ef9f38f68afe37d719e29920bf30a23528fb934bbad4,smoke_20261009,toyota::rav4,missing_optional:engine_description
35595,2015,Toyota,4Runner 4WD,4Runner,4.0,6,Automatic (S5),Part-time 4-Wheel Drive,Standard Sport Utility Vehicle 4WD,Part-time 4WD,105,,Regular Gasoline,,,False,18.0,18.4246,13.06747685185185,https://www.fueleconomy.gov/ws/rest/vehicle/35595,2026-10-09T00:38:50.006715+00:00,c598f5f490fd5a0148ac6e81831c3f5a4bb261db1be64c8321f1515b8a7d1599,smoke_20261009,toyota::4runner,
35596,2015,Toyota,Land Cruiser Wagon 4WD,Land Cruiser,5.7,8,Automatic (S6),4-Wheel Drive,Standard Sport Utility Vehicle 4WD,,136,,Regular Gasoline,,,False,15.0,14.9148,15.68097222222222,https://www.fueleconomy.gov/ws/rest/vehicle/35596,2026-10-09T00:36:03.486503+00:00,19879ea3a1f56afff7d67e0c0b51f322483ce073ead864f0290a40b683fc926e,smoke_20261009,toyota::land cruiser,missing_optional:engine_description
35597,2015,Toyota,4Runner 4WD,4Runner,4.0,6,Automatic (S5),All-Wheel Drive,Standard Sport Utility Vehicle 4WD,,202,,Regular Gasoline,,,False,18.0,18.4246,13.06747685185185,https://www.fueleconomy.gov/ws/rest/vehicle/35597,2026-10-09T00:38:38.036365+00:00,268271f3596dc333e86d49dc782915867a84c65635ac52d13bba868498e923a1,smoke_20261009,toyota::4runner,missing_optional:engine_description
35648,2015,Toyota,Sequoia 2WD,Sequoia,5.7,8,Automatic (S6),Rear-Wheel Drive,Standard Sport Utility Vehicle 2WD,,138,,Regular Gasoline,,,False,15.0,14.6715,15.68097222222222,https://www.fueleconomy.gov/ws/rest/vehicle/35648,2026-10-09T00:31:10.526957+00:00,8f7497c5c05b0887044dead0ed3722223a5c16b30699105e8a0a293dc6c14ab7,smoke_20261009,toyota::sequoia,missing_optional:engine_description
35651,2015,Toyota,Sequoia 4WD,Sequoia,5.7,8,Automatic (S6),Part-time 4-Wheel Drive,Standard Sport Utility Vehicle 4WD,,88,,Regular Gasoline,,,False,14.0,14.3726,16.801041666666666,https://www.fueleconomy.gov/ws/rest/vehicle/35651,2026-10-09T00:34:46.422943+00:00,0061fe51ff8a8fac94b4b454225ceebcc175b27e78532301c9b6e8145d86233a,smoke_20261009,toyota::sequoia,missing_optional:engine_description
35668,2015,Honda,Civic,Civic,1.8,4,Automatic (variable gear ratios),Front-Wheel Drive,Compact Cars,,26,,Regular Gasoline,,,False,33.0,32.584,7.1277146464646455,https://www.fueleconomy.gov/ws/rest/vehicle/35668,2026-10-09T00:35:12.492014+00:00,2677a50d78abd0679c81e844a5816f015a1048de9a46b4d686f8e2e77ad99814,smoke_20261009,honda::civic,missing_optional:engine_description
35669,2015,Honda,Civic,Civic,1.8,4,Automatic (AV-S7),Front-Wheel Drive,Compact Cars,,27,,Regular Gasoline,,,False,32.0,32.1813,7.350455729166666,https://www.fueleconomy.gov/ws/rest/vehicle/35669,2026-10-09T00:35:26.475768+00:00,b818cd31fe180000d6f6792019c26dd152822b0a5c96c928294fe5f654f226c4,smoke_20261009,honda::civic,missing_optional:engine_description
35670,2015,Honda,Civic,Civic,1.8,4,Manual 5-spd,Front-Wheel Drive,Compact Cars,,28,,Regular Gasoline,,,False,31.0,30.5578,7.587567204301075,https://www.fueleconomy.gov/ws/rest/vehicle/35670,2026-10-09T00:34:42.457167+00:00,8941e12004cd9e4a487d393df4bbc6bb7ae4a21386a327cdddfc30c7d20f7cfa,smoke_20261009,honda::civic,missing_optional:engine_description
35671,2015,Honda,Civic HF,Civic,1.8,4,Automatic (variable gear ratios),Front-Wheel Drive,Compact Cars,,29,,Regular Gasoline,,,False,34.0,34.3383,6.918075980392156,https://www.fueleconomy.gov/ws/rest/vehicle/35671,2026-10-09T00:31:28.533694+00:00,4e14272997e64cba551b40539141f2e54dbf69f69020134c6eceba22410c548d,smoke_20261009,honda::civic,missing_optional:engine_description
35672,2015,Honda,Civic,Civic,2.4,4,Manual 6-spd,Front-Wheel Drive,Compact Cars,,30,,Premium Gasoline,,,False,25.0,25.2034,9.408583333333333,https://www.fueleconomy.gov/ws/rest/vehicle/35672,2026-10-09T00:34:57.444451+00:00,8004eb3492056bee205e2fbcdf63dfa4b43682749566d12f4ee436d70022009b,smoke_20261009,honda::civic,missing_optional:engine_description
35691,2015,Honda,Crosstour 2WD,Crosstour,2.4,4,Automatic 5-spd,Front-Wheel Drive,Small Sport Utility Vehicle 2WD,,31,,Regular Gasoline,,,False,25.0,24.9111,9.408583333333333,https://www.fueleconomy.gov/ws/rest/vehicle/35691,2026-10-09T00:30:32.147421+00:00,ba14c47b0021fb5d98db359bbae3f7e7b09be07dde9c3fa91f3f1b80253e02ff,smoke_20261009,honda::crosstour,missing_optional:engine_description
35692,2015,Honda,Crosstour 2WD,Crosstour,3.5,6,Automatic (S6),Front-Wheel Drive,Small Sport Utility Vehicle 2WD,,32,,Regular Gasoline,,,False,23.0,23.1781,10.226721014492753,https://www.fueleconomy.gov/ws/rest/vehicle/35692,2026-10-09T00:30:48.183225+00:00,cf511367682f04cbc58165f545335e488d664bf2c502a07b7ad330cdf8589e84,smoke_20261009,honda::crosstour,missing_optional:engine_description
35696,2015,Ford,Escape AWD,Escape,1.6,4,Automatic (S6),All-Wheel Drive,Small Sport Utility Vehicle 4WD,SIDI,169,,Regular Gasoline,,,False,25.0,24.735,9.408583333333333,https://www.fueleconomy.gov/ws/rest/vehicle/35696,2026-10-09T00:38:17.993555+00:00,84e7a76e08521a87eaf1ec45ec6789ce9597d7f424c5c913d4e4a524a42dc1be,smoke_20261009,ford::escape,
35697,2015,Ford,Escape AWD,Escape,2.0,4,Automatic (S6),All-Wheel Drive,Small Sport Utility Vehicle 4WD,SIDI,171,,Regular Gasoline,,,False,23.0,23.2535,10.226721014492753,https://www.fueleconomy.gov/ws/rest/vehicle/35697,2026-10-09T00:38:30.997011+00:00,575330e2f858100a62b90338058ffd23f3fce074c1c55ea3932f86711c2a15a0,smoke_20261009,ford::escape,
35698,2015,Honda,Crosstour 4WD,Crosstour,3.5,6,Automatic (S6),All-Wheel Drive,Small Sport Utility Vehicle 4WD,,33,,Regular Gasoline,,,False,22.0,21.8832,10.691571969696968,https://www.fueleconomy.gov/ws/rest/vehicle/35698,2026-10-09T00:36:29.250888+00:00,ad05b38c878080f2b9eebef6c64b4dc37162ec2b1c19b52ad8eeb9253dbe8e80,smoke_20261009,honda::crosstour,missing_optional:engine_description
35702,2015,Ford,Expedition 2WD,Expedition,3.5,6,Automatic (S6),Rear-Wheel Drive,Standard Sport Utility Vehicle 2WD,SIDI,59,,Regular Gasoline,,,False,18.0,18.0704,13.06747685185185,https://www.fueleconomy.gov/ws/rest/vehicle/35702,2026-10-09T00:37:39.930592+00:00,b77295ec8dff2c1699bfb309a7405584dcd289d41a1a25a1eeb52e6df4e5681f,smoke_20261009,ford::expedition,
35706,2015,Ford,Expedition 4WD,Expedition,3.5,6,Automatic (S6),Part-time 4-Wheel Drive,Standard Sport Utility Vehicle 4WD,SIDI,62,,Regular Gasoline,,,False,17.0,16.572,13.836151960784312,https://www.fueleconomy.gov/ws/rest/vehicle/35706,2026-10-09T00:35:07.460216+00:00,c7392998fbbb88db4862db75932735d6668a0e8473e1912592c94a82daf2db61,smoke_20261009,ford::expedition,
35734,2015,Toyota,Camry,Camry,2.5,4,Automatic (S6),Front-Wheel Drive,Midsize Cars,,62,,Regular Gasoline,,,False,28.0,28.3481,8.400520833333333,https://www.fueleconomy.gov/ws/rest/vehicle/35734,2026-10-09T00:37:35.945453+00:00,875a464e833a8a586a9d58f5d92e2de6eae767c607e52f6fe4a812b7131a9b4b,smoke_20261009,toyota::camry,missing_optional:engine_description
35735,2015,Toyota,Camry,Camry,3.5,6,Automatic (S6),Front-Wheel Drive,Midsize Cars,,65,,Regular Gasoline,,,False,25.0,24.5611,9.408583333333333,https://www.fueleconomy.gov/ws/rest/vehicle/35735,2026-10-09T00:37:21.422383+00:00,7a8e60de0c56866a6e6601bebc0030ae76b97850fdb0badf64334619605e5999,smoke_20261009,toyota::camry,missing_optional:engine_description
35784,2015,Honda,CR-V 2WD,CR-V,2.4,4,Automatic (variable gear ratios),Front-Wheel Drive,Small Sport Utility Vehicle 2WD,SIDI,37,,Regular Gasoline,,,False,29.0,29.0682,8.110847701149424,https://www.fueleconomy.gov/ws/rest/vehicle/35784,2026-10-09T00:37:31.979908+00:00,7a6e92629e463685f0eab6eb81de507f5a66e04d5fdc86f20f455032bac181d0,smoke_20261009,honda::cr-v,
35786,2015,Toyota,RAV4 LE/XLE,RAV4,2.5,4,Automatic (S6),Front-Wheel Drive,Small Sport Utility Vehicle 2WD,,149,,Regular Gasoline,,,False,26.0,26.1055,9.046714743589742,https://www.fueleconomy.gov/ws/rest/vehicle/35786,2026-10-09T00:35:46.503595+00:00,ea1113d6ec58faa9e5b47489e1ddddb30edc912eeb19629a277136b5a4f48709,smoke_20261009,toyota::rav4,missing_optional:engine_description
35787,2015,Honda,CR-V 4WD,CR-V,2.4,4,Automatic (variable gear ratios),All-Wheel Drive,Small Sport Utility Vehicle 4WD,SIDI,38,,Regular Gasoline,,,False,28.0,28.1428,8.400520833333333,https://www.fueleconomy.gov/ws/rest/vehicle/35787,2026-10-09T00:37:16.431058+00:00,c9ab7ffdb7c83d7fc956bbebb6354f3a987f81e9f6ebdaa7a3a649173c0b3692,smoke_20261009,honda::cr-v,
35891,2015,Toyota,Avalon,Avalon,3.5,6,Automatic (S6),Front-Wheel Drive,Midsize Cars,,118,,Regular Gasoline,,,False,24.0,24.0971,9.800607638888888,https://www.fueleconomy.gov/ws/rest/vehicle/35891,2026-10-09T00:35:31.452889+00:00,12330b869057c187667a685feb078ec018e7deb8bfef47fc9a6e0fa81d5035e4,smoke_20261009,toyota::avalon,missing_optional:engine_description
35951,2015,Ford,Flex AWD,Flex,3.5,6,Automatic (S6),All-Wheel Drive,Standard Sport Utility Vehicle 4WD,,180,,Regular Gasoline,,,False,19.0,19.4038,12.3797149122807,https://www.fueleconomy.gov/ws/rest/vehicle/35951,2026-10-09T00:37:56.950444+00:00,b8c9372547e02790b9e0a87fd90c52c2807e921ea161f8faccbba65aedebc766,smoke_20261009,ford::flex,missing_optional:engine_description
35952,2015,Ford,Flex AWD,Flex,3.5,6,Automatic (S6),All-Wheel Drive,Standard Sport Utility Vehicle 4WD,SIDI,182,,Regular Gasoline,,,False,18.0,18.4503,13.06747685185185,https://www.fueleconomy.gov/ws/rest/vehicle/35952,2026-10-09T00:38:08.040546+00:00,516959209b1e30731f63200cb5dfbd07dab6f84492877632cb36ea3b7b2419dc,smoke_20261009,ford::flex,
35969,2015,Ford,Focus SFE FWD,Focus,1.0,3,Manual 6-spd,Front-Wheel Drive,Compact Cars,SIDI; Stop-Start,270,,Regular Gasoline,,,False,34.0,34.0391,6.918075980392156,https://www.fueleconomy.gov/ws/rest/vehicle/35969,2026-10-09T00:31:13.520215+00:00,20a733359daac71fbec552f0bb8e4134544a6e02b69bc0780956f5156cf2affc,smoke_20261009,ford::focus,
36024,2015,Ford,Edge FWD,Edge,2.0,4,Automatic (S6),Front-Wheel Drive,Small Sport Utility Vehicle 2WD,SIDI,106,,Regular Gasoline,,,False,24.0,23.7755,9.800607638888888,https://www.fueleconomy.gov/ws/rest/vehicle/36024,2026-10-09T00:35:36.477799+00:00,3c06f4c4268942faaa41a349c78f725ab0580d27be02d71b866ce9f2d84ef381,smoke_20261009,ford::edge,
36025,2015,Ford,Edge FWD,Edge,3.5,6,Automatic (S6),Front-Wheel Drive,Small Sport Utility Vehicle 2WD,,119,,Regular Gasoline,,,False,21.0,20.731,11.200694444444443,https://www.fueleconomy.gov/ws/rest/vehicle/36025,2026-10-09T00:35:51.488820+00:00,811e26b5281d60a4538b718da829e8b88b61eed9fd6475c01b6a06c1933c2fa0,smoke_20261009,ford::edge,missing_optional:engine_description
36026,2015,Ford,Edge FWD,Edge,2.7,6,Automatic (S6),Front-Wheel Drive,Small Sport Utility Vehicle 2WD,SIDI,127,,Regular Gasoline,,,False,21.0,21.3486,11.200694444444443,https://www.fueleconomy.gov/ws/rest/vehicle/36026,2026-10-09T00:36:08.300359+00:00,3b2d3bf51e65e7ec5a60555f0a18bf5371f1df82865d84fc363c65f20b1548ef,smoke_20261009,ford::edge,
36027,2015,Ford,Edge AWD,Edge,2.0,4,Automatic (S6),All-Wheel Drive,Small Sport Utility Vehicle 4WD,SIDI,108,,Regular Gasoline,,,False,23.0,22.7882,10.226721014492753,https://www.fueleconomy.gov/ws/rest/vehicle/36027,2026-10-09T00:33:39.548223+00:00,e032128428cb470b618abbb5baada6c5606526ebaee3f416f8980c6c804e0134,smoke_20261009,ford::edge,
36028,2015,Ford,Edge AWD,Edge,3.5,6,Automatic (S6),All-Wheel Drive,Small Sport Utility Vehicle 4WD,,117,,Regular Gasoline,,,False,20.0,19.8318,11.760729166666666,https://www.fueleconomy.gov/ws/rest/vehicle/36028,2026-10-09T00:33:53.581356+00:00,954342052b5ea14bcdbfc95b0711d2cf94b69c6d3d0fcb6e9b57c4a0f9799b27,smoke_20261009,ford::edge,missing_optional:engine_description
36029,2015,Ford,Edge AWD,Edge,2.7,6,Automatic (S6),All-Wheel Drive,Small Sport Utility Vehicle 4WD,SIDI,128,,Regular Gasoline,,,False,20.0,19.7698,11.760729166666666,https://www.fueleconomy.gov/ws/rest/vehicle/36029,2026-10-09T00:34:06.651153+00:00,3dab5f1018177723ea9bad54e3f1fa4f9a643ad5f6ac8e466b51c6e49807dcb0,smoke_20261009,ford::edge,
36123,2015,Ford,Edge FWD,Edge,2.0,4,Automatic (S6),Front-Wheel Drive,Small Sport Utility Vehicle 2WD,SIDI; Stop-Start,131,,Regular Gasoline,,,False,24.0,23.8952,9.800607638888888,https://www.fueleconomy.gov/ws/rest/vehicle/36123,2026-10-09T00:36:23.264184+00:00,615b8bce19a82e694c54d2cc69141a940ece7fab31ed5dbf01440e8d5f526939,smoke_20261009,ford::edge,
41309,2020,Toyota,GR Supra,GR Supra,3.0,6,Automatic (S8),Rear-Wheel Drive,Two Seaters,SIDI,21,,Premium Gasoline,,,False,26.0,26.4025,9.046714743589742,https://www.fueleconomy.gov/ws/rest/vehicle/41309,2026-10-09T00:35:38.454662+00:00,ddd9897906c68b0eda350db32d65383f041e15b6abcd1b30d371aaaf88b28561,smoke_20261009,toyota::gr supra,
41630,2020,Ford,EcoSport AWD,EcoSport,2.0,4,Automatic (S6),All-Wheel Drive,Small Sport Utility Vehicle 4WD,SIDI,34,,Regular Gasoline,,,False,25.0,25.0,9.408583333333333,https://www.fueleconomy.gov/ws/rest/vehicle/41630,2026-10-09T00:38:27.981635+00:00,b12b8dbd480e16e374c696e9a8325be42e34e815052011108da2d3a7831ef69a,smoke_20261009,ford::ecosport,
41747,2020,Honda,Civic 5Dr,Civic,1.5,4,Manual 6-spd,Front-Wheel Drive,Large Cars,SIDI,13,,Premium Gasoline,,,False,32.0,32.0168,7.350455729166666,https://www.fueleconomy.gov/ws/rest/vehicle/41747,2026-10-09T00:34:28.432220+00:00,7cb8d5d68c2b17fa4bd25ac9acc0d1d16f7a662c3bc9fc935eafca84ce7c03b8,smoke_20261009,honda::civic,
41748,2020,Honda,Civic 5Dr,Civic,1.5,4,Automatic (variable gear ratios),Front-Wheel Drive,Large Cars,SIDI,14,,Regular Gasoline,,,False,34.0,34.2168,6.918075980392156,https://www.fueleconomy.gov/ws/rest/vehicle/41748,2026-10-09T00:34:43.424509+00:00,8075d855447a0ff2b22b5823972a3b3d926a97a6f457cbfb61d78deac28407d6,smoke_20261009,honda::civic,
41749,2020,Honda,Civic 5Dr,Civic,1.5,4,Automatic (AV-S7),Front-Wheel Drive,Large Cars,SIDI,15,,Premium Gasoline,,,False,32.0,31.9837,7.350455729166666,https://www.fueleconomy.gov/ws/rest/vehicle/41749,2026-10-09T00:34:58.475988+00:00,85bcdf446522e47acb4761f410448c1c80f57606ef1ae0648ae3427db2ce1f88,smoke_20261009,honda::civic,
41754,2020,Honda,Pilot FWD,Pilot,3.5,6,Automatic (S9),Front-Wheel Drive,Small Sport Utility Vehicle 2WD,SIDI,16,,Regular Gasoline,,,False,23.0,22.7022,10.226721014492753,https://www.fueleconomy.gov/ws/rest/vehicle/41754,2026-10-09T00:33:46.547306+00:00,9b437a474c09cbb8eac0f855921b717820717bc7b19df3abe484c193821f0082,smoke_20261009,honda::pilot,
41755,2020,Honda,Pilot FWD,Pilot,3.5,6,Automatic 6-spd,Front-Wheel Drive,Small Sport Utility Vehicle 2WD,SIDI,17,,Regular Gasoline,,,False,22.0,22.3536,10.691571969696968,https://www.fueleconomy.gov/ws/rest/vehicle/41755,2026-10-09T00:33:58.556319+00:00,fd62f343286aca23131a83597af12c4e5700039d87c2a5db16f4966af171bc8f,smoke_20261009,honda::pilot,
41761,2020,Honda,Pilot AWD,Pilot,3.5,6,Automatic (S9),All-Wheel Drive,Small Sport Utility Vehicle 4WD,SIDI,18,,Regular Gasoline,,,False,22.0,22.0581,10.691571969696968,https://www.fueleconomy.gov/ws/rest/vehicle/41761,2026-10-09T00:37:33.961625+00:00,b694a12fe62245ad8fd3f618f445dce568dc8613a0f7ff2bd26cbc601f9eb081,smoke_20261009,honda::pilot,
41762,2020,Honda,Pilot AWD,Pilot,3.5,6,Automatic 6-spd,All-Wheel Drive,Small Sport Utility Vehicle 4WD,SIDI,19,,Regular Gasoline,,,False,21.0,21.1417,11.200694444444443,https://www.fueleconomy.gov/ws/rest/vehicle/41762,2026-10-09T00:37:46.936933+00:00,78736cd4d610c0485dafda3ddae0bef08aedd1371f025a84039e18194f3747ad,smoke_20261009,honda::pilot,
41880,2020,Toyota,Sequoia 2WD,Sequoia,5.7,8,Automatic (S6),Rear-Wheel Drive,Standard Sport Utility Vehicle 2WD,,56,,Regular Gasoline,,,False,15.0,14.8192,15.68097222222222,https://www.fueleconomy.gov/ws/rest/vehicle/41880,2026-10-09T00:33:25.569748+00:00,eb54640d8f0e16072038e9a8e91ab86d4e14b13cd31346f9a6cf735db072f997,smoke_20261009,toyota::sequoia,missing_optional:engine_description
41882,2020,Toyota,Sequoia 4WD,Sequoia,5.7,8,Automatic (S6),Part-time 4-Wheel Drive,Standard Sport Utility Vehicle 4WD,,57,,Regular Gasoline,,,False,14.0,14.3605,16.801041666666666,https://www.fueleconomy.gov/ws/rest/vehicle/41882,2026-10-09T00:37:13.388780+00:00,068c8dc59e6efd9bd7b3978f24cb78cc463b75d46070bca4085ccfa5fd5678df,smoke_20261009,toyota::sequoia,missing_optional:engine_description
41884,2020,Honda,Civic 2Dr,Civic,1.5,4,Manual 6-spd,Front-Wheel Drive,Compact Cars,SIDI,28,,Premium Gasoline,,,False,30.0,30.0,7.84048611111111,https://www.fueleconomy.gov/ws/rest/vehicle/41884,2026-10-09T00:36:15.246881+00:00,b23abcb929b836296a84024c2344514f19e3cf295e0a8d1c18635a26ab186eac,smoke_20261009,honda::civic,
41940,2020,Toyota,4Runner 4WD,4Runner,4.0,6,Automatic (S5),Part-time 4-Wheel Drive,Standard Sport Utility Vehicle 4WD,Part-time 4WD,29,,Regular Gasoline,,,False,17.0,17.0999,13.836151960784312,https://www.fueleconomy.gov/ws/rest/vehicle/41940,2026-10-09T00:34:08.644443+00:00,748e815ec1aca0b772767069f2b5d158c0bcdcc81093be383f4b7bfbd0e898c6,smoke_20261009,toyota::4runner,
41942,2020,Toyota,4Runner 4WD,4Runner,4.0,6,Automatic (S5),All-Wheel Drive,Standard Sport Utility Vehicle 4WD,AWD,207,,Regular Gasoline,,,False,17.0,17.0999,13.836151960784312,https://www.fueleconomy.gov/ws/rest/vehicle/41942,2026-10-09T00:34:25.398445+00:00,f7f480460345165a820bd537a664b78336b1b119c437bd50eccb3925b37a2e76,smoke_20261009,toyota::4runner,
41949,2020,Toyota,86,86,2.0,4,Automatic (S6),Rear-Wheel Drive,Minicompact Cars,SIDI & PFI,105,,Premium Gasoline,,,False,27.0,26.9993,8.711651234567901,https://www.fueleconomy.gov/ws/rest/vehicle/41949,2026-10-09T00:33:41.557678+00:00,80fd16f7620e063dae51c9c66d9b83c1f773fc8a5317cfced652a4984f2c9f8e,smoke_20261009,toyota::86,
41950,2020,Toyota,86,86,2.0,4,Manual 6-spd,Rear-Wheel Drive,Minicompact Cars,SIDI & PFI,106,,Premium Gasoline,,,False,24.0,23.7198,9.800607638888888,https://www.fueleconomy.gov/ws/rest/vehicle/41950,2026-10-09T00:33:54.555939+00:00,c0038721011d498c5e59304714b7ad1578089c6d7c4cc385769805e0ff37735c,smoke_20261009,toyota::86,
41954,2020,Ford,Mustang Convertible,Mustang,2.3,4,Manual 6-spd,Rear-Wheel Drive,Subcompact Cars,SIDI,61,,Regular Gasoline,,,False,23.0,23.0,10.226721014492753,https://www.fueleconomy.gov/ws/rest/vehicle/41954,2026-10-09T00:37:37.011285+00:00,0de076240e93dc9f801f89e55887b73a80cd4836309e853f8aea7dc3e6455824,smoke_20261009,ford::mustang,
41955,2020,Ford,Mustang Convertible,Mustang,2.3,4,Automatic (S10),Rear-Wheel Drive,Subcompact Cars,SIDI,62,,Regular Gasoline,,,False,23.0,23.043,10.226721014492753,https://www.fueleconomy.gov/ws/rest/vehicle/41955,2026-10-09T00:37:22.387498+00:00,ee0650dd73ec538e60c422e34c74fc6c0963bd2b2f93047b80f39f4012350b84,smoke_20261009,ford::mustang,
41957,2020,Ford,Mustang Convertible,Mustang,5.0,8,Automatic (S10),Rear-Wheel Drive,Subcompact Cars,,64,,Regular Gasoline,,,False,18.0,18.3437,13.06747685185185,https://www.fueleconomy.gov/ws/rest/vehicle/41957,2026-10-09T00:37:07.052324+00:00,04b9070234ec6a428516fa48624bae02c172697701461eeeefbdd54fd9978f58,smoke_20261009,ford::mustang,missing_optional:engine_description
42012,2020,Toyota,Camry XSE,Camry,3.5,6,Automatic (S8),Front-Wheel Drive,Midsize Cars,SIDI & PFI,48,,Regular Gasoline,,,False,26.0,25.6327,9.046714743589742,https://www.fueleconomy.gov/ws/rest/vehicle/42012,2026-10-09T00:31:23.579749+00:00,c6f691463e954551fb8dd9743f9b77c05340727671e6daa1a40b2d466db5a1a0,smoke_20261009,toyota::camry,
42064,2020,Honda,Accord 2.0T Sport/Touring,Accord,2.0,4,Automatic (S10),Front-Wheel Drive,Midsize Cars,SIDI,38,,Regular Gasoline,,,False,26.0,25.9525,9.046714743589742,https://www.fueleconomy.gov/ws/rest/vehicle/42064,2026-10-09T00:33:31.633217+00:00,9a16257d515b52f72c3411ffb94d3ca9d081982c82634adeca33b5c34e6dd68e,smoke_20261009,honda::accord,
42075,2020,Ford,Edge FWD,Edge,2.0,4,Automatic 8-spd,Front-Wheel Drive,Small Sport Utility Vehicle 2WD,SIDI,459,,Regular Gasoline,,,False,24.0,23.9752,9.800607638888888,https://www.fueleconomy.gov/ws/rest/vehicle/42075,2026-10-09T00:36:35.264719+00:00,b4e8f2f04d23721139427f6be5119619ff1deca5da1d4169d6afff65c36df962,smoke_20261009,ford::edge,
42078,2020,Ford,Edge AWD,Edge,2.0,4,Automatic (S8),All-Wheel Drive,Small Sport Utility Vehicle 4WD,SIDI,40,,Regular Gasoline,,,False,23.0,23.0,10.226721014492753,https://www.fueleconomy.gov/ws/rest/vehicle/42078,2026-10-09T00:38:15.027520+00:00,c94b559229add69662bbf84d85c676781657148c470fcc7b23022f6b73cd9776,smoke_20261009,ford::edge,
42079,2020,Ford,Edge AWD,Edge,2.7,6,Automatic (S8),All-Wheel Drive,Small Sport Utility Vehicle 4WD,SIDI,42,,Regular Gasoline,,,False,21.0,21.2789,11.200694444444443,https://www.fueleconomy.gov/ws/rest/vehicle/42079,2026-10-09T00:38:04.953751+00:00,ded449305413c4628e221f70bf7351fee8c7310eb06c5594c5aa5fe7f94f7d60,smoke_20261009,ford::edge,
42080,2020,Ford,Edge AWD,Edge,2.0,4,Automatic 8-spd,All-Wheel Drive,Small Sport Utility Vehicle 4WD,SIDI,460,,Regular Gasoline,,,False,23.0,23.0,10.226721014492753,https://www.fueleconomy.gov/ws/rest/vehicle/42080,2026-10-09T00:37:52.963368+00:00,0290158ec07b8c9fdfc44dfd96db0d5c3e72622c3b35ad4421b16cd6d3b6ed9b,smoke_20261009,ford::edge,
42094,2020,Toyota,Corolla Hatchback XSE,Corolla,2.0,4,Automatic (AV-S10),Front-Wheel Drive,Compact Cars,SIDI & PFI,72,,Regular Gasoline,,,False,33.0,33.1681,7.1277146464646455,https://www.fueleconomy.gov/ws/rest/vehicle/42094,2026-10-09T00:35:53.466304+00:00,73f7a84abcd054a9000499ff14f50ddec18de1ad1f89340082a780512d0ba5c7,smoke_20261009,toyota::corolla,
42139,2020,Ford,Shelby GT500 Mustang,Mustang,5.2,8,Automatic (AM7),Rear-Wheel Drive,Subcompact Cars,,183,,Premium Gasoline,,,False,14.0,14.0853,16.801041666666666,https://www.fueleconomy.gov/ws/rest/vehicle/42139,2026-10-09T00:35:48.473065+00:00,d6a43adfd64909ae41f79bac8eb094db21f93000946f9d4e9cd7edaa078798f4,smoke_20261009,ford::mustang,missing_optional:engine_description
42140,2020,Honda,Civic 2Dr,Civic,1.5,4,Automatic (AV-S7),Front-Wheel Drive,Compact Cars,SIDI,31,,Regular Gasoline,,,False,33.0,32.7794,7.1277146464646455,https://www.fueleconomy.gov/ws/rest/vehicle/42140,2026-10-09T00:36:30.262626+00:00,92dfee23a49097ed41591c0daf5c062a3208b8663e132d68a9899290285e4e86,smoke_20261009,honda::civic,
42141,2020,Honda,Civic 2Dr,Civic,1.5,4,Automatic (variable gear ratios),Front-Wheel Drive,Compact Cars,SIDI,32,,Regular Gasoline,,,False,35.0,34.5202,6.720416666666666,https://www.fueleconomy.gov/ws/rest/vehicle/42141,2026-10-09T00:36:45.256661+00:00,de27c27a00f26012f48c1711bdc67263ca5129e1ea0869d97e4348d05f667164,smoke_20261009,honda::civic,
42142,2020,Honda,Civic 2Dr,Civic,2.0,4,Manual 6-spd,Front-Wheel Drive,Compact Cars,,43,,Regular Gasoline,,,False,29.0,29.0774,8.110847701149424,https://www.fueleconomy.gov/ws/rest/vehicle/42142,2026-10-09T00:35:58.502263+00:00,cc04d948ee298409ae953ed95656127efb402572faa889ca242d3ef9471f5bca,smoke_20261009,honda::civic,missing_optional:engine_description
42143,2020,Honda,Civic 2Dr,Civic,2.0,4,Automatic (AV-S7),Front-Wheel Drive,Compact Cars,,44,,Regular Gasoline,,,False,32.0,31.5556,7.350455729166666,https://www.fueleconomy.gov/ws/rest/vehicle/42143,2026-10-09T00:35:28.451320+00:00,f97bf6474a79eb7d69e418c7989c9d9666cc94a3222d385ced5659782d3d1c3c,smoke_20261009,honda::civic,missing_optional:engine_description
42144,2020,Honda,Civic 2Dr,Civic,2.0,4,Automatic (variable gear ratios),Front-Wheel Drive,Compact Cars,,45,,Regular Gasoline,,,False,33.0,33.3494,7.1277146464646455,https://www.fueleconomy.gov/ws/rest/vehicle/42144,2026-10-09T00:35:43.462737+00:00,625d7797ae714335ceade86328aab60365f80bca06f40dafa73ab41904e9b9e7,smoke_20261009,honda::civic,missing_optional:engine_description
42181,2020,Toyota,RAV4,RAV4,2.5,4,Automatic (S8),Front-Wheel Drive,Small Sport Utility Vehicle 2WD,SIDI & PFI,84,,Regular Gasoline,,,False,30.0,29.8882,7.84048611111111,https://www.fueleconomy.gov/ws/rest/vehicle/42181,2026-10-09T00:31:15.562261+00:00,98d624aafb1177cb8cba0abb7ca0cbd636a596159fea46b2378e86e1a0e8e925,smoke_20261009,toyota::rav4,
42182,2020,Toyota,RAV4,RAV4,2.5,4,Automatic (S8),Front-Wheel Drive,Small Sport Utility Vehicle 2WD,SIDI & PFI; Stop-Start,85,,Regular Gasoline,,,False,30.0,30.3957,7.84048611111111,https://www.fueleconomy.gov/ws/rest/vehicle/42182,2026-10-09T00:31:20.538314+00:00,9790cd9746dfcb04f6f67c4c878a21e7f93c5186bd6eaf1fb21776cb49433d39,smoke_20261009,toyota::rav4,
42188,2020,Toyota,RAV4 AWD TRD OFFROAD,RAV4,2.5,4,Automatic (S8),All-Wheel Drive,Small Sport Utility Vehicle 4WD,SIDI & PFI,101,,Regular Gasoline,,,False,27.0,27.4302,8.711651234567901,https://www.fueleconomy.gov/ws/rest/vehicle/42188,2026-10-09T00:37:59.002209+00:00,8ef6f09fc7e322e4de83dfaf2ff880ae4c8513c6b3196c8a12e1aaa2afe09749,smoke_20261009,toyota::rav4,
42203,2020,Honda,HR-V AWD,HR-V,1.8,4,Automatic (variable gear ratios),4-Wheel Drive,Small Station Wagons,,48,,Regular Gasoline,,,False,29.0,28.5595,8.110847701149424,https://www.fueleconomy.gov/ws/rest/vehicle/42203,2026-10-09T00:38:57.083504+00:00,41aa9857f2fbe7ae1f56c5d2b07ec3ba34df364e49be4b171a3464384d97c159,smoke_20261009,honda::hr-v,missing_optional:engine_description
42204,2020,Honda,HR-V AWD,HR-V,1.8,4,Automatic (AV-S7),4-Wheel Drive,Small Station Wagons,,49,,Regular Gasoline,,,False,28.0,28.2825,8.400520833333333,https://www.fueleconomy.gov/ws/rest/vehicle/42204,2026-10-09T00:39:04.000696+00:00,5a644eafc6ec61acf6290f53275da4f73d8e415e1d32b6cc181e7f745a02df02,smoke_20261009,honda::hr-v,missing_optional:engine_description
42254,2020,Honda,Passport FWD,Passport,3.5,6,Automatic (S9),Front-Wheel Drive,Small Sport Utility Vehicle 2WD,SIDI,52,,Regular Gasoline,,,False,22.0,21.8669,10.691571969696968,https://www.fueleconomy.gov/ws/rest/vehicle/42254,2026-10-09T00:38:21.984297+00:00,692a152657f18dc03889d85fd7b12e1a9cea048aaa1939013e1a8c3d19291bcc,smoke_20261009,honda::passport,
42256,2020,Ford,Escape AWD,Escape,2.0,4,Automatic (S8),All-Wheel Drive,Small Sport Utility Vehicle 4WD,SIDI,70,,Regular Gasoline,,,False,26.0,25.9423,9.046714743589742,https://www.fueleconomy.gov/ws/rest/vehicle/42256,2026-10-09T00:34:20.423899+00:00,3d65f5b2b74b36e028e7f8f24a1a291966e16228dc4d9159319322d43421084f,smoke_20261009,ford::escape,
42257,2020,Ford,Escape AWD,Escape,1.5,3,Automatic 8-spd,All-Wheel Drive,Small Sport Utility Vehicle 4WD,SIDI,155,,Regular Gasoline,,,False,28.0,28.0,8.400520833333333,https://www.fueleconomy.gov/ws/rest/vehicle/42257,2026-10-09T00:34:03.653201+00:00,96c2012ec7beca2cc8787ffaf2792177e0dbd246f037f018986b87e924e3987f,smoke_20261009,ford::escape,
42265,2020,Ford,Expedition 2WD,Expedition,3.5,6,Automatic (S10),Rear-Wheel Drive,Standard Sport Utility Vehicle 2WD,SIDI,115,,Regular Gasoline,,,False,19.0,19.0,12.3797149122807,https://www.fueleconomy.gov/ws/rest/vehicle/42265,2026-10-09T00:34:33.403587+00:00,f8f081b3740ff4ffd0de7afb78c7562020a4989a03dcd69d4d533b375fdfce08,smoke_20261009,ford::expedition,
42270,2020,Ford,Expedition MAX 4WD,Expedition,3.5,6,Automatic (S10),Part-time 4-Wheel Drive,Standard Sport Utility Vehicle 4WD,SIDI,116,,Regular Gasoline,,,False,18.0,18.0,13.06747685185185,https://www.fueleconomy.gov/ws/rest/vehicle/42270,2026-10-09T00:30:41.188848+00:00,d4a6e5dafc9868c1508d23e242e2daa588e12a6b9ee6d3168347f20f8b0dd38f,smoke_20261009,ford::expedition,
42298,2020,Honda,CR-V FWD,CR-V,1.5,4,Automatic (variable gear ratios),Front-Wheel Drive,Small Sport Utility Vehicle 2WD,SIDI,54,,Regular Gasoline,,,False,30.0,30.0,7.84048611111111,https://www.fueleconomy.gov/ws/rest/vehicle/42298,2026-10-09T00:38:35.024211+00:00,e8165dc39b6b1cc1e058626df8c2f09ba76c5d5fc5d54ceead71a4930477edbe,smoke_20261009,honda::cr-v,
42501,2020,Honda,Civic 5Dr,Civic,2.0,4,Manual 6-spd,Front-Wheel Drive,Large Cars,SIDI,64,,Premium Gasoline,,,False,25.0,24.5785,9.408583333333333,https://www.fueleconomy.gov/ws/rest/vehicle/42501,2026-10-09T00:34:15.397889+00:00,d834080fd845e4b9b9ef51a9be2601a627b51319b7556bdec5a1b1b0c8cbf8eb,smoke_20261009,honda::civic,
42511,2020,Toyota,Camry AWD XLE/XSE,Camry,2.5,4,Automatic (S8),All-Wheel Drive,Midsize Cars,SIDI & PFI,111,,Regular Gasoline,,,False,28.0,28.0,8.400520833333333,https://www.fueleconomy.gov/ws/rest/vehicle/42511,2026-10-09T00:34:38.416422+00:00,01ac9845e3bb7185bf455dfdc171a613dba50ebe17e302318263f363ba6a4092,smoke_20261009,toyota::camry,
47728,2025,Honda,Pilot FWD,Pilot,3.5,6,Automatic (S10),Front-Wheel Drive,Small Sport Utility Vehicle 2WD,SIDI,362,,Regular Gasoline,,,False,22.0,22.4495,10.691571969696968,https://www.fueleconomy.gov/ws/rest/vehicle/47728,2026-10-09T00:33:27.772237+00:00,5a6f5b340b2e61dbd83b465fe9378591f984d625c213d689c9708521a663b2c4,smoke_20261009,honda::pilot,
47753,2025,Honda,Pilot AWD,Pilot,3.5,6,Automatic (S10),All-Wheel Drive,Standard Sport Utility Vehicle 4WD,SIDI,361,,Regular Gasoline,,,False,21.0,21.3922,11.200694444444443,https://www.fueleconomy.gov/ws/rest/vehicle/47753,2026-10-09T00:30:29.155846+00:00,aaa34cec0a3c856463d9ab3639fcce54b5592a4d22c5055257e01f7089f81583,smoke_20261009,honda::pilot,
47754,2025,Honda,Pilot AWD Touring/Elite/Black,Pilot,3.5,6,Automatic (S10),All-Wheel Drive,Standard Sport Utility Vehicle 4WD,SIDI,364,,Regular Gasoline,,,False,21.0,20.9582,11.200694444444443,https://www.fueleconomy.gov/ws/rest/vehicle/47754,2026-10-09T00:38:20.016126+00:00,a0f3cae74d1f45a6952b772a46e91db25132e432b48e2678b3d915b45ace0320,smoke_20261009,honda::pilot,
47755,2025,Honda,Pilot AWD TrailSport,Pilot,3.5,6,Automatic (S10),All-Wheel Drive,Standard Sport Utility Vehicle 4WD,SIDI,365,,Regular Gasoline,,,False,20.0,19.8896,11.760729166666666,https://www.fueleconomy.gov/ws/rest/vehicle/47755,2026-10-09T00:38:55.191501+00:00,62733dd0c793abba0903a68cc8369523631528985dd22d001ffeb8089f9b56d9,smoke_20261009,honda::pilot,
47782,2025,Honda,HR-V AWD,HR-V,2.0,4,Automatic (variable gear ratios),All-Wheel Drive,Small Station Wagons,,321,,Regular Gasoline,,,False,27.0,27.0636,8.711651234567901,https://www.fueleconomy.gov/ws/rest/vehicle/47782,2026-10-09T00:33:56.545555+00:00,4ff51fe6180246e8aea758b0466bdf4fdb8b6f7e1f0497be4f77c52fc4679ebf,smoke_20261009,honda::hr-v,missing_optional:engine_description
47783,2025,Honda,HR-V FWD,HR-V,2.0,4,Automatic (variable gear ratios),Front-Wheel Drive,Small Station Wagons,,323,,Regular Gasoline,,,False,28.0,28.3474,8.400520833333333,https://www.fueleconomy.gov/ws/rest/vehicle/47783,2026-10-09T00:36:12.246797+00:00,fa1c6834efd0325de6134588c9ba13306a44eeceaf99a8bab635791fb2f287dc,smoke_20261009,honda::hr-v,missing_optional:engine_description
47949,2025,Honda,CR-V FWD,CR-V,1.5,4,Automatic (variable gear ratios),Front-Wheel Drive,Small Sport Utility Vehicle 2WD,SIDI,202,,Regular Gasoline,,,False,30.0,30.3127,7.84048611111111,https://www.fueleconomy.gov/ws/rest/vehicle/47949,2026-10-09T00:35:11.506874+00:00,c012b4096d9dff5889b84a8460a8640baaea8b7bed2a1e82f37d29576af82730,smoke_20261009,honda::cr-v,
47956,2025,Honda,CR-V AWD,CR-V,1.5,4,Automatic (variable gear ratios),All-Wheel Drive,Small Sport Utility Vehicle 4WD,SIDI,201,,Regular Gasoline,,,False,28.0,28.3206,8.400520833333333,https://www.fueleconomy.gov/ws/rest/vehicle/47956,2026-10-09T00:34:10.598015+00:00,3fc54ff42e46856a567e2032b8eb679e406aa8a6cfdc95714f2cc1397efc1e58,smoke_20261009,honda::cr-v,
47966,2025,Toyota,GR Supra,GR Supra,2.0,4,Automatic (S8),Rear-Wheel Drive,Two Seaters,SIDI,20,,Premium Gasoline,,,False,27.0,27.374,8.711651234567901,https://www.fueleconomy.gov/ws/rest/vehicle/47966,2026-10-09T00:35:44.474535+00:00,bd2034261979da8e5d7610e5b2a3ca3b8a7728f4d8fb152dccf3f4e5f783bc2c,smoke_20261009,toyota::gr supra,
47967,2025,Toyota,GR Supra,GR Supra,3.0,6,Automatic (S8),Rear-Wheel Drive,Two Seaters,SIDI,21,,Premium Gasoline,,,False,26.0,25.8679,9.046714743589742,https://www.fueleconomy.gov/ws/rest/vehicle/47967,2026-10-09T00:35:16.574610+00:00,5935852de1c78189c9c8eaa02c94c93ecd7cc911aa73259e625442ada1cf15ba,smoke_20261009,toyota::gr supra,
47968,2025,Toyota,GR Supra,GR Supra,3.0,6,Manual 6-spd,Rear-Wheel Drive,Two Seaters,SIDI,22,,Premium Gasoline,,,False,21.0,21.4952,11.200694444444443,https://www.fueleconomy.gov/ws/rest/vehicle/47968,2026-10-09T00:35:29.476807+00:00,beea14135b8b8432594658504b92c57342ebf5f15a563efea30b432f8f9ad851,smoke_20261009,toyota::gr supra,
48016,2025,Honda,Civic 4Dr,Civic,2.0,4,Automatic (variable gear ratios),Front-Wheel Drive,Midsize Cars,SIDI,5,,Regular Gasoline,,,False,36.0,36.1001,6.533738425925925,https://www.fueleconomy.gov/ws/rest/vehicle/48016,2026-10-09T00:36:57.057506+00:00,7b591683241a7c1ad9d5ff1da3b87990f9c7accbb12fdcfbe5cb4057973a9e1b,smoke_20261009,honda::civic,
48017,2025,Honda,Civic 4Dr,Civic,2.0,4,Automatic (AV-S7),Front-Wheel Drive,Midsize Cars,SIDI,6,,Regular Gasoline,,,False,34.0,34.0,6.918075980392156,https://www.fueleconomy.gov/ws/rest/vehicle/48017,2026-10-09T00:36:27.256332+00:00,964f6917064c790b499d4ec7c91e4a0458d1081b559f71d586392ca3c193b6e4,smoke_20261009,honda::civic,
48042,2025,Honda,Civic 5Dr,Civic,2.0,4,Manual 6-spd,Front-Wheel Drive,Large Cars,SIDI,41,,Premium Gasoline,,,False,24.0,24.334,9.800607638888888,https://www.fueleconomy.gov/ws/rest/vehicle/48042,2026-10-09T00:37:59.963350+00:00,8e5256836ce57835722e832f3fa525237d8844c1d8d28f5f0b1c89280201f1f2,smoke_20261009,honda::civic,
48092,2025,Honda,Passport AWD,Passport,3.5,6,Automatic (S9),All-Wheel Drive,Small Sport Utility Vehicle 4WD,SIDI,381,,Regular Gasoline,,,False,21.0,21.3814,11.200694444444443,https://www.fueleconomy.gov/ws/rest/vehicle/48092,2026-10-09T00:38:33.046621+00:00,1e4878bb344341457764aa756ed0c4f7ee5393ddc390f08e91cdc8cc42bd6cd4,smoke_20261009,honda::passport,
48118,2025,Ford,Explorer AWD,Explorer,3.0,6,Automatic (S10),Part-time 4-Wheel Drive,Standard Sport Utility Vehicle 4WD,SIDI,11,,Regular Gasoline,,,False,20.0,20.2257,11.760729166666666,https://www.fueleconomy.gov/ws/rest/vehicle/48118,2026-10-09T00:31:19.574977+00:00,4819a2a60fb770de3015dfd8e1c241e39691f323475b347c75049a61c6ac1aea,smoke_20261009,ford::explorer,
48119,2025,Ford,Explorer AWD,Explorer,3.0,6,Automatic 10-spd,Part-time 4-Wheel Drive,Standard Sport Utility Vehicle 4WD,SIDI,12,,Regular Gasoline,,,False,21.0,20.7455,11.200694444444443,https://www.fueleconomy.gov/ws/rest/vehicle/48119,2026-10-09T00:30:58.161325+00:00,6a62fcd8c51ef3ec91d6fdac675ef53408c7518b9f84d86a9dc814cc0d9fc65f,smoke_20261009,ford::explorer,
48120,2025,Ford,Explorer AWD,Explorer,2.3,4,Automatic 10-spd,Part-time 4-Wheel Drive,Standard Sport Utility Vehicle 4WD,SIDI & PFI,49,,Regular Gasoline,,,False,23.0,22.5135,10.226721014492753,https://www.fueleconomy.gov/ws/rest/vehicle/48120,2026-10-09T00:31:11.552018+00:00,103e8bcfc0a2a16059fe33be0d90a0a57ea1fd00d86e1e3fa0f02b82d6ff9594,smoke_20261009,ford::explorer,
48178,2025,Honda,Civic 4Dr,Civic,1.5,4,Manual 6-spd,Front-Wheel Drive,Midsize Cars,SIDI,4,,Premium Gasoline,,,False,31.0,31.3917,7.587567204301075,https://www.fueleconomy.gov/ws/rest/vehicle/48178,2026-10-09T00:36:42.232554+00:00,1e090361b152aaec6b5560f7c8a4217ddc897cac142e49a754ecd53129c7d458,smoke_20261009,honda::civic,
48493,2025,Toyota,Corolla,Corolla,2.0,4,Automatic (variable gear ratios),Front-Wheel Drive,Compact Cars,SIDI & PFI; 1-mode,50,,Regular Gasoline,,,False,35.0,35.0,6.720416666666666,https://www.fueleconomy.gov/ws/rest/vehicle/48493,2026-10-09T00:37:34.962902+00:00,22d8d3cf8b3a09ae4290d53ffc5baa9bdfffc3c044383c6c829b834e31ee45a1,smoke_20261009,toyota::corolla,
48494,2025,Toyota,Corolla,Corolla,2.0,4,Automatic (variable gear ratios),Front-Wheel Drive,Compact Cars,SIDI & PFI,51,,Regular Gasoline,,,False,34.0,34.2793,6.918075980392156,https://www.fueleconomy.gov/ws/rest/vehicle/48494,2026-10-09T00:37:03.064540+00:00,55cbe49a38e3373e9be2b2ef0b811a46d83f04eecc996f4de75c926f87551885,smoke_20261009,toyota::corolla,
48495,2025,Toyota,Corolla,Corolla,2.0,4,Automatic (AV-S10),Front-Wheel Drive,Compact Cars,SIDI & PFI; 3-mode,52,,Regular Gasoline,,,False,34.0,33.6743,6.918075980392156,https://www.fueleconomy.gov/ws/rest/vehicle/48495,2026-10-09T00:37:19.432617+00:00,a15426d7491cf48104f155caa973ae3957a8e1e451330be634120bb93be94816,smoke_20261009,toyota::corolla,
48496,2025,Toyota,Corolla FX,Corolla,2.0,4,Automatic (variable gear ratios),Front-Wheel Drive,Compact Cars,SIDI & PFI,128,,Regular Gasoline,,,False,34.0,34.0304,6.918075980392156,https://www.fueleconomy.gov/ws/rest/vehicle/48496,2026-10-09T00:31:18.547292+00:00,d1ee13d7e5a932ff58941ae66a91bd5655110fb9060667438b55c7e0d4ebf7fb,smoke_20261009,toyota::corolla,
48502,2025,Honda,Civic 5Dr,Civic,2.0,4,Automatic (AV-S7),Front-Wheel Drive,Large Cars,SIDI,25,,Regular Gasoline,,,False,34.0,34.1459,6.918075980392156,https://www.fueleconomy.gov/ws/rest/vehicle/48502,2026-10-09T00:38:08.990273+00:00,54796170bdd527a5c42ed3875f49869c819403be7e6c7cce72971909de0ea19b,smoke_20261009,honda::civic,
48504,2025,Honda,Accord,Accord,1.5,4,Automatic (variable gear ratios),Front-Wheel Drive,Large Cars,SIDI,101,,Regular Gasoline,,,False,32.0,32.0,7.350455729166666,https://www.fueleconomy.gov/ws/rest/vehicle/48504,2026-10-09T00:33:43.534687+00:00,4069ebf2cded7832cdd4c8aaee91a6b190cb248cd6eafc6415d5e6e17afdad76,smoke_20261009,honda::accord,
48595,2025,Toyota,GR Corolla,Corolla,1.6,3,Automatic (S8),All-Wheel Drive,Subcompact Cars,SIDI & PFI,48,,Premium Gasoline,,,False,22.0,22.3352,10.691571969696968,https://www.fueleconomy.gov/ws/rest/vehicle/48595,2026-10-09T00:36:46.267658+00:00,9480ba750413c9025f57649741f2a366d5609e556207a4accab9840aa218de37,smoke_20261009,toyota::corolla,
48596,2025,Toyota,GR Corolla,Corolla,1.6,3,Manual 6-spd,All-Wheel Drive,Subcompact Cars,SIDI & PFI,49,,Premium Gasoline,,,False,24.0,23.889,9.800607638888888,https://www.fueleconomy.gov/ws/rest/vehicle/48596,2026-10-09T00:36:32.279148+00:00,318daea201aaa2cca501aa78931dbc5b9f8f3dd8d302c343fbe1762d421eaf96,smoke_20261009,toyota::corolla,
48602,2025,Ford,Escape FWD,Escape,1.5,3,Automatic 8-spd,Front-Wheel Drive,Small Sport Utility Vehicle 2WD,SIDI & PFI,34,,Regular Gasoline,,,False,30.0,29.636,7.84048611111111,https://www.fueleconomy.gov/ws/rest/vehicle/48602,2026-10-09T00:36:22.338198+00:00,e63369ace95340a8611d778195ce063657a1352193a7704330c4c186d54f7421,smoke_20261009,ford::escape,
48821,2025,Toyota,GR 86,GR 86,2.4,4,Manual 6-spd,Rear-Wheel Drive,Minicompact Cars,SIDI & PFI,161,,Premium Gasoline,,,False,22.0,22.176,10.691571969696968,https://www.fueleconomy.gov/ws/rest/vehicle/48821,2026-10-09T00:31:08.570013+00:00,b76002615e3f88555d0706ef9d9ae59649c8185f61161819f881e0a0155686bc,smoke_20261009,toyota::gr 86,
48822,2025,Toyota,GR 86,GR 86,2.4,4,Automatic (S6),Rear-Wheel Drive,Minicompact Cars,SIDI & PFI,162,,Premium Gasoline,,,False,24.0,24.2943,9.800607638888888,https://www.fueleconomy.gov/ws/rest/vehicle/48822,2026-10-09T00:30:52.166549+00:00,7364faedd69aa29d283c3adbba435cac217cb180f6b19d4ae324e1452a825695,smoke_20261009,toyota::gr 86,
48828,2025,Ford,Mustang GTD,Mustang,5.2,8,Automatic (AM-S8),Rear-Wheel Drive,Subcompact Cars,,92,,Regular Gasoline,,,False,12.0,12.0,19.601215277777776,https://www.fueleconomy.gov/ws/rest/vehicle/48828,2026-10-09T00:35:50.503908+00:00,250a8bd4d634b705dc77b9d20bcb2a965ba7f90cd49fa9da2cdd46805c8e33ea,smoke_20261009,ford::mustang,missing_optional:engine_description
48910,2025,Toyota,RAV4,RAV4,2.5,4,Automatic (S8),Front-Wheel Drive,Small Sport Utility Vehicle 2WD,SIDI & PFI,81,,Regular Gasoline,,,False,30.0,30.2643,7.84048611111111,https://www.fueleconomy.gov/ws/rest/vehicle/48910,2026-10-09T00:33:48.623449+00:00,9187a3542e37544b02648b2190131bb13d75c365a903a50a1d56f3fe8a89d5db,smoke_20261009,toyota::rav4,
48911,2025,Toyota,Corolla Cross,Corolla Cross,2.0,4,Automatic (AV-S10),Front-Wheel Drive,Small Sport Utility Vehicle 2WD,SIDI & PFI,93,,Regular Gasoline,,,False,32.0,31.7443,7.350455729166666,https://www.fueleconomy.gov/ws/rest/vehicle/48911,2026-10-09T00:38:59.069251+00:00,be77639a415898544c36c7877eb5759538cfa97a04a8e2c202d214c5112a19d8,smoke_20261009,toyota::corolla cross,
48912,2025,Toyota,Highlander,Highlander,2.4,4,Automatic (S8),Front-Wheel Drive,Small Sport Utility Vehicle 2WD,SIDI & PFI; with Stop-Start,154,,Regular Gasoline,,,False,25.0,24.7345,9.408583333333333,https://www.fueleconomy.gov/ws/rest/vehicle/48912,2026-10-09T00:38:36.006037+00:00,bb6cae14ddc4c14c4ab098f0ef026d7237f6c466aca1fb9342969197030b4a94,smoke_20261009,toyota::highlander,
48913,2025,Toyota,Highlander,Highlander,2.4,4,Automatic (S8),Front-Wheel Drive,Small Sport Utility Vehicle 2WD,SIDI & PFI,155,,Regular Gasoline,,,False,24.0,23.7575,9.800607638888888,https://www.fueleconomy.gov/ws/rest/vehicle/48913,2026-10-09T00:38:24.016038+00:00,8545ce610cce3ddc345ad3705dce85aa68bae63a5695a9c209c63856bbf87364,smoke_20261009,toyota::highlander,
48958,2025,Ford,Bronco Outer Banks 4WD,Bronco,2.7,6,Automatic (S10),Part-time 4-Wheel Drive,Standard Sport Utility Vehicle 4WD,SIDI & PFI,75,,Regular Gasoline,,,False,20.0,19.6495,11.760729166666666,https://www.fueleconomy.gov/ws/rest/vehicle/48958,2026-10-09T00:34:35.415665+00:00,1d44928c1a2e0d6ccab0412549e3c574b7583b3c10ddef52493ff34e87426abb,smoke_20261009,ford::bronco,
48976,2025,Toyota,4Runner 4WD,4Runner,2.4,4,Automatic (S8),Part-time 4-Wheel Drive,Standard Sport Utility Vehicle 4WD,SIDI & PFI,68,,Regular Gasoline,,,False,21.0,21.178,11.200694444444443,https://www.fueleconomy.gov/ws/rest/vehicle/48976,2026-10-09T00:34:59.465526+00:00,0d23804848a23e467d8cbfb076173fed5c837c0939e5a4e1c89cafd203a5ac8f,smoke_20261009,toyota::4runner,
48982,2025,Toyota,4Runner 4WD,4Runner,2.4,4,Automatic (S8),4-Wheel Drive,Standard Sport Utility Vehicle 4WD,SIDI & PFI; with Stop-Start,158,,Regular Gasoline,,,False,21.0,21.2714,11.200694444444443,https://www.fueleconomy.gov/ws/rest/vehicle/48982,2026-10-09T00:34:17.431775+00:00,75a0e23021287684325ed09e2556badcdd729e2189a11ab3bfc891b4133eaa92,smoke_20261009,toyota::4runner,
49053,2025,Ford,Bronco 4WD,Bronco,2.3,4,Automatic (S10),Part-time 4-Wheel Drive,Small Sport Utility Vehicle 4WD,SIDI & PFI,36,,Regular Gasoline,,,False,20.0,19.6218,11.760729166666666,https://www.fueleconomy.gov/ws/rest/vehicle/49053,2026-10-09T00:39:02.040175+00:00,3969a460473a64e2ad40ba882eaf20cb3a862c63a11586fca6078780138a046a,smoke_20261009,ford::bronco,
49054,2025,Ford,Bronco 4WD,Bronco,2.7,6,Automatic (S10),Part-time 4-Wheel Drive,Small Sport Utility Vehicle 4WD,SIDI & PFI,37,,Regular Gasoline,,,False,18.0,17.9775,13.06747685185185,https://www.fueleconomy.gov/ws/rest/vehicle/49054,2026-10-09T00:38:29.996130+00:00,a10d37d1b869eee9df65d4dd4b3a53444fc838649777db0428fdc20e2b994964,smoke_20261009,ford::bronco,
49055,2025,Ford,Bronco 4WD,Bronco,2.3,4,Manual 7-spd,Part-time 4-Wheel Drive,Small Sport Utility Vehicle 4WD,SIDI & PFI,38,,Regular Gasoline,,,False,19.0,19.4539,12.3797149122807,https://www.fueleconomy.gov/ws/rest/vehicle/49055,2026-10-09T00:38:40.983423+00:00,7661369e7f3534580c78cfb909f27edad71112d87099d6d640e3abefbe2ea008,smoke_20261009,ford::bronco,
49057,2025,Ford,Bronco Sport Sasquatch 4WD,Bronco Sport,1.5,3,Automatic 8-spd,4-Wheel Drive,Small Sport Utility Vehicle 4WD,SIDI & PFI,121,,Regular Gasoline,,,False,24.0,24.0,9.800607638888888,https://www.fueleconomy.gov/ws/rest/vehicle/49057,2026-10-09T00:36:37.272408+00:00,07fc98a991539261df7cb8194515b3ef3f01872b481344b86668f9f65fd5f60e,smoke_20261009,ford::bronco sport,
49058,2025,Ford,Bronco 4WD,Bronco,2.7,6,Automatic (S10),Part-time 4-Wheel Drive,Small Sport Utility Vehicle 4WD,SIDI & PFI,125,,Regular Gasoline,,,False,18.0,17.5548,13.06747685185185,https://www.fueleconomy.gov/ws/rest/vehicle/49058,2026-10-09T00:38:50.997515+00:00,ded8241582bd50363b1531e431c10fb7a7307e972f1020ca55ebc8652f188933,smoke_20261009,ford::bronco,
49146,2025,Ford,Bronco Sasquatch 4WD,Bronco,2.3,4,Automatic (S10),Part-time 4-Wheel Drive,Small Sport Utility Vehicle 4WD,SIDI & PFI,39,,Regular Gasoline,,,False,18.0,19.6218,13.06747685185185,https://www.fueleconomy.gov/ws/rest/vehicle/49146,2026-10-09T00:33:37.566145+00:00,4a8b6d47e400f67b1f85e165856a42fed4d006f35f134e7d98ff147c5e9429cd,smoke_20261009,ford::bronco,
49147,2025,Ford,Bronco Sasquatch 4WD,Bronco,2.3,4,Manual 7-spd,Part-time 4-Wheel Drive,Small Sport Utility Vehicle 4WD,SIDI & PFI,40,,Regular Gasoline,,,False,18.0,19.4539,13.06747685185185,https://www.fueleconomy.gov/ws/rest/vehicle/49147,2026-10-09T00:33:21.482910+00:00,d3e6d2af032470c08e95713b5c40d663fda111624d5793fee44c16f11dd11b26,smoke_20261009,ford::bronco,
