vehicle_id,model_group,split,cv_fold
34836,5:honda|fit,train,2
34837,5:honda|fit,train,2
34855,5:honda|fit,train,2
35027,4:ford|taurus,train,3
35032,4:ford|taurus,train,3
35048,5:honda|pilot,test,
35054,5:honda|pilot,test,
35180,4:ford|fiesta,train,4
35297,6:toyota|yaris,train,0
35298,6:toyota|yaris,train,0
35416,4:ford|fiesta,train,4
35514,6:toyota|highlander,train,2
35515,6:toyota|highlander,train,2
35516,6:toyota|venza,train,1
35517,6:toyota|venza,train,1
35548,5:honda|accord,train,2
35549,5:honda|accord,train,2
35550,5:honda|accord,train,2
35551,5:honda|accord,train,2
35552,5:honda|accord,train,2
35553,5:honda|accord,train,2
35577,6:toyota|rav4,train,3
35579,6:toyota|rav4,train,3
35595,6:toyota|4runner,train,3
35596,6:toyota|land cruiser,train,0
35597,6:toyota|4runner,train,3
35648,6:toyota|sequoia,train,4
35651,6:toyota|sequoia,train,4
35668,5:honda|civic,train,0
35669,5:honda|civic,train,0
35670,5:honda|civic,train,0
35671,5:honda|civic,train,0
35672,5:honda|civic,train,0
35691,5:honda|crosstour,test,
35692,5:honda|crosstour,test,
35696,4:ford|escape,train,1
35697,4:ford|escape,train,1
35698,5:honda|crosstour,test,
35702,4:ford|expedition,train,4
35706,4:ford|expedition,train,4
35734,6:toyota|camry,train,3
35735,6:toyota|camry,train,3
35784,5:honda|cr-v,train,4
35786,6:toyota|rav4,train,3
35787,5:honda|cr-v,train,4
35891,6:toyota|avalon,train,2
35951,4:ford|flex,test,
35952,4:ford|flex,test,
35969,4:ford|focus,train,3
36024,4:ford|edge,train,1
36025,4:ford|edge,train,1
36026,4:ford|edge,train,1
36027,4:ford|edge,train,1
36028,4:ford|edge,train,1
36029,4:ford|edge,train,1
36123,4:ford|edge,train,1
41309,6:toyota|gr supra,test,
41630,4:ford|ecosport,train,4
41747,5:honda|civic,train,0
41748,5:honda|civic,train,0
41749,5:honda|civic,train,0
41754,5:honda|pilot,test,
41755,5:honda|pilot,test,
41761,5:honda|pilot,test,
41762,5:honda|pilot,test,
41880,6:toyota|sequoia,train,4
41882,6:toyota|sequoia,train,4
41884,5:honda|civic,train,0
41940,6:toyota|4runner,train,3
41942,6:toyota|4runner,train,3
41949,6:toyota|86,test,
41950,6:toyota|86,test,
41954,4:ford|mustang,train,2
41955,4:ford|mustang,train,2
41957,4:ford|mustang,train,2
42012,6:toyota|camry,train,3
42064,5:honda|accord,train,2
42075,4:ford|edge,train,1
42078,4:ford|edge,train,1
42079,4:ford|edge,train,1
42080,4:ford|edge,train,1
42094,6:toyota|corolla,test,
42139,4:ford|mustang,train,2
42140,5:honda|civic,train,0
42141,5:honda|civic,train,0
42142,5:honda|civic,train,0
42143,5:honda|civic,train,0
42144,5:honda|civic,train,0
42181,6:toyota|rav4,train,3
42182,6:toyota|rav4,train,3
42188,6:toyota|rav4,train,3
42203,5:honda|hr-v,train,1
42204,5:honda|hr-v,train,1
42254,5:honda|passport,train,2
42256,4:ford|escape,train,1
42257,4:ford|escape,train,1
42265,4:ford|expedition,train,4
42270,4:ford|expedition,train,4
42298,5:honda|cr-v,train,4
42501,5:honda|civic,train,0
42511,6:toyota|camry,train,3
47728,5:honda|pilot,test,
47753,5:honda|pilot,test,
47754,5:honda|pilot,test,
47755,5:honda|pilot,test,
47782,5:honda|hr-v,train,1
47783,5:honda|hr-v,train,1
47949,5:honda|cr-v,train,4
47956,5:honda|cr-v,train,4
47966,6:toyota|gr supra,test,
47967,6:toyota|gr supra,test,
47968,6:toyota|gr supra,test,
48016,5:honda|civic,train,0
48017,5:honda|civic,train,0
48042,5:honda|civic,train,0
48092,5:honda|passport,train,2
48118,4:ford|explorer,train,3
48119,4:ford|explorer,train,3
48120,4:ford|explorer,train,3
48178,5:honda|civic,train,0
48493,6:toyota|corolla,test,
48494,6:toyota|corolla,test,
48495,6:toyota|corolla,test,
48496,6:toyota|corolla,test,
48502,5:honda|civic,train,0
48504,5:honda|accord,train,2
48595,6:toyota|corolla,test,
48596,6:toyota|corolla,test,
48602,4:ford|escape,train,1
48821,6:toyota|gr 86,test,
48822,6:toyota|gr 86,test,
48828,4:ford|mustang,train,2
48910,6:toyota|rav4,train,3
48911,6:toyota|corolla cross,train,1
48912,6:toyota|highlander,train,2
48913,6:toyota|highlander,train,2
48958,4:ford|bronco,train,4
48976,6:toyota|4runner,train,3
48982,6:toyota|4runner,train,3
49053,4:ford|bronco,train,4
49054,4:ford|bronco,train,4
49055,4:ford|bronco,train,4
49057,4:ford|bronco sport,train,0
49058,4:ford|bronco,train,4
49146,4:ford|bronco,train,4
49147,4:ford|bronco,train,4
