run_id,model,fold,n_train,n_valid,group_overlap,mae,rmse,r2,fit_seconds,selected_parameters,cv_role
endterm_v1,random_forest,0,2102,526,0,0.8505423737507225,1.1626318827578612,0.8025317007139325,1.033468500001618,"{""criterion"": ""squared_error"", ""max_depth"": null, ""max_features"": 0.8, ""min_samples_leaf"": 1, ""n_estimators"": 120, ""n_jobs"": 1, ""random_state"": 42}",outer_group_cv_of_search_procedure
endterm_v1,random_forest,1,2102,526,0,0.7309528966743954,1.0500402498057864,0.9272545611981257,1.1868632000005164,"{""criterion"": ""squared_error"", ""max_depth"": null, ""max_features"": 0.8, ""min_samples_leaf"": 1, ""n_estimators"": 120, ""n_jobs"": 1, ""random_state"": 42}",outer_group_cv_of_search_procedure
endterm_v1,random_forest,2,2102,526,0,0.615184795518634,0.8598675570387415,0.8583734970312141,0.9509658999995736,"{""criterion"": ""squared_error"", ""max_depth"": null, ""max_features"": 0.8, ""min_samples_leaf"": 1, ""n_estimators"": 120, ""n_jobs"": 1, ""random_state"": 42}",outer_group_cv_of_search_procedure
endterm_v1,random_forest,3,2103,525,0,0.7072455675983097,0.926153329279354,0.872336260579772,1.142545799999425,"{""criterion"": ""squared_error"", ""max_depth"": null, ""max_features"": 0.8, ""min_samples_leaf"": 1, ""n_estimators"": 120, ""n_jobs"": 1, ""random_state"": 42}",outer_group_cv_of_search_procedure
endterm_v1,random_forest,4,2103,525,0,0.7968798840216195,0.9898506525285264,0.8478964489065198,1.3470708999993803,"{""criterion"": ""squared_error"", ""max_depth"": null, ""max_features"": 0.8, ""min_samples_leaf"": 3, ""n_estimators"": 120, ""n_jobs"": 1, ""random_state"": 42}",outer_group_cv_of_search_procedure
endterm_v1,extra_trees,0,2102,526,0,0.8329643931470118,1.1276427914464147,0.8142383649785024,1.395672900000136,"{""bootstrap"": false, ""criterion"": ""squared_error"", ""max_depth"": null, ""max_features"": 1.0, ""min_samples_leaf"": 3, ""n_estimators"": 120, ""n_jobs"": 1, ""random_state"": 42}",outer_group_cv_of_search_procedure
endterm_v1,extra_trees,1,2102,526,0,0.8259462786099291,1.2411113262811881,0.8983715381465907,1.3750789999994595,"{""bootstrap"": false, ""criterion"": ""squared_error"", ""max_depth"": null, ""max_features"": 1.0, ""min_samples_leaf"": 3, ""n_estimators"": 120, ""n_jobs"": 1, ""random_state"": 42}",outer_group_cv_of_search_procedure
endterm_v1,extra_trees,2,2102,526,0,0.6623731029892433,0.8987105523654237,0.8452890377321931,1.6961527000003116,"{""bootstrap"": false, ""criterion"": ""squared_error"", ""max_depth"": 12, ""max_features"": 1.0, ""min_samples_leaf"": 3, ""n_estimators"": 120, ""n_jobs"": 1, ""random_state"": 42}",outer_group_cv_of_search_procedure
endterm_v1,extra_trees,3,2103,525,0,0.8174448193633995,1.1122916637500835,0.8158638148133536,1.3682552999998734,"{""bootstrap"": false, ""criterion"": ""squared_error"", ""max_depth"": 12, ""max_features"": 1.0, ""min_samples_leaf"": 1, ""n_estimators"": 120, ""n_jobs"": 1, ""random_state"": 42}",outer_group_cv_of_search_procedure
endterm_v1,extra_trees,4,2103,525,0,0.8160969060338599,1.010607923474968,0.8414503075771936,1.1519747000002099,"{""bootstrap"": false, ""criterion"": ""squared_error"", ""max_depth"": 12, ""max_features"": 1.0, ""min_samples_leaf"": 3, ""n_estimators"": 120, ""n_jobs"": 1, ""random_state"": 42}",outer_group_cv_of_search_procedure
endterm_v1,mlp,0,2102,526,0,0.8859386297380206,1.220763733447193,0.7822911085312411,4.828289200000654,"{""activation"": ""relu"", ""alpha"": 0.01, ""batch_size"": 128, ""early_stopping"": false, ""hidden_layer_sizes"": [64, 32], ""learning_rate_init"": 0.005, ""max_iter"": 300, ""n_iter_no_change"": 25, ""random_state"": 42, ""solver"": ""adam"", ""tol"": 0.0001}",outer_group_cv_of_search_procedure
endterm_v1,mlp,1,2102,526,0,0.8349184100358922,1.1981926393018103,0.9052788048211218,2.215629700000136,"{""activation"": ""relu"", ""alpha"": 0.01, ""batch_size"": 128, ""early_stopping"": false, ""hidden_layer_sizes"": [64, 32], ""learning_rate_init"": 0.005, ""max_iter"": 300, ""n_iter_no_change"": 25, ""random_state"": 42, ""solver"": ""adam"", ""tol"": 0.0001}",outer_group_cv_of_search_procedure
endterm_v1,mlp,2,2102,526,0,0.7154206209272799,0.9518872056480401,0.8264389038948602,2.032801199999085,"{""activation"": ""relu"", ""alpha"": 0.01, ""batch_size"": 128, ""early_stopping"": false, ""hidden_layer_sizes"": [64, 32], ""learning_rate_init"": 0.005, ""max_iter"": 300, ""n_iter_no_change"": 25, ""random_state"": 42, ""solver"": ""adam"", ""tol"": 0.0001}",outer_group_cv_of_search_procedure
endterm_v1,mlp,3,2103,525,0,0.8259168607559247,1.1579736840557222,0.8004282082750733,2.366288799999893,"{""activation"": ""relu"", ""alpha"": 0.01, ""batch_size"": 128, ""early_stopping"": false, ""hidden_layer_sizes"": [64, 32], ""learning_rate_init"": 0.005, ""max_iter"": 300, ""n_iter_no_change"": 25, ""random_state"": 42, ""solver"": ""adam"", ""tol"": 0.0001}",outer_group_cv_of_search_procedure
endterm_v1,mlp,4,2103,525,0,0.7221660087585767,1.018733391082433,0.8388905227151432,2.562379499999224,"{""activation"": ""relu"", ""alpha"": 0.01, ""batch_size"": 128, ""early_stopping"": false, ""hidden_layer_sizes"": [64, 32], ""learning_rate_init"": 0.005, ""max_iter"": 300, ""n_iter_no_change"": 25, ""random_state"": 42, ""solver"": ""adam"", ""tol"": 0.0001}",outer_group_cv_of_search_procedure
