model,context,candidate,fold,n_train,n_valid,train_groups,valid_groups,group_overlap,mae,rmse,r2,fit_seconds,parameters
random_forest,outer_0,0,0,1681,421,199,50,0,0.911036364620103,1.280019434806725,0.9088799561745713,0.8391250999993645,"{""criterion"": ""squared_error"", ""max_depth"": 12, ""max_features"": 0.8, ""min_samples_leaf"": 1, ""n_estimators"": 120, ""n_jobs"": 1, ""random_state"": 42}"
random_forest,outer_0,0,1,1681,421,199,50,0,0.7622862886892932,1.0810646504556787,0.8047436391968406,0.7146811000002344,"{""criterion"": ""squared_error"", ""max_depth"": 12, ""max_features"": 0.8, ""min_samples_leaf"": 1, ""n_estimators"": 120, ""n_jobs"": 1, ""random_state"": 42}"
random_forest,outer_0,0,2,1682,420,200,49,0,0.7709507111864123,0.9413448558866248,0.7890624355307527,0.7300033000010444,"{""criterion"": ""squared_error"", ""max_depth"": 12, ""max_features"": 0.8, ""min_samples_leaf"": 1, ""n_estimators"": 120, ""n_jobs"": 1, ""random_state"": 42}"
random_forest,outer_0,0,3,1682,420,199,50,0,0.7703066690760723,1.0216888210780581,0.8595475847798433,0.6410491999995429,"{""criterion"": ""squared_error"", ""max_depth"": 12, ""max_features"": 0.8, ""min_samples_leaf"": 1, ""n_estimators"": 120, ""n_jobs"": 1, ""random_state"": 42}"
random_forest,outer_0,0,4,1682,420,199,50,0,0.7273420165173933,0.9230653940531325,0.8731982263733897,0.627772100000584,"{""criterion"": ""squared_error"", ""max_depth"": 12, ""max_features"": 0.8, ""min_samples_leaf"": 1, ""n_estimators"": 120, ""n_jobs"": 1, ""random_state"": 42}"
random_forest,outer_0,1,0,1681,421,199,50,0,0.930316269146741,1.3531845930198716,0.8981655126663926,0.5468189000002894,"{""criterion"": ""squared_error"", ""max_depth"": 12, ""max_features"": 0.8, ""min_samples_leaf"": 3, ""n_estimators"": 120, ""n_jobs"": 1, ""random_state"": 42}"
random_forest,outer_0,1,1,1681,421,199,50,0,0.7440006824800465,1.053938947056099,0.8144193187634806,0.5981618000005255,"{""criterion"": ""squared_error"", ""max_depth"": 12, ""max_features"": 0.8, ""min_samples_leaf"": 3, ""n_estimators"": 120, ""n_jobs"": 1, ""random_state"": 42}"
random_forest,outer_0,1,2,1682,420,200,49,0,0.7585374934666331,0.9232404719137683,0.797098111839657,0.5796869000005245,"{""criterion"": ""squared_error"", ""max_depth"": 12, ""max_features"": 0.8, ""min_samples_leaf"": 3, ""n_estimators"": 120, ""n_jobs"": 1, ""random_state"": 42}"
random_forest,outer_0,1,3,1682,420,199,50,0,0.789514616358342,1.0302434053202283,0.8571857264260474,0.5983945999996649,"{""criterion"": ""squared_error"", ""max_depth"": 12, ""max_features"": 0.8, ""min_samples_leaf"": 3, ""n_estimators"": 120, ""n_jobs"": 1, ""random_state"": 42}"
random_forest,outer_0,1,4,1682,420,199,50,0,0.7431831597456295,0.9348279063158654,0.869945996406835,0.6355364999999438,"{""criterion"": ""squared_error"", ""max_depth"": 12, ""max_features"": 0.8, ""min_samples_leaf"": 3, ""n_estimators"": 120, ""n_jobs"": 1, ""random_state"": 42}"
random_forest,outer_0,2,0,1681,421,199,50,0,0.9188363922139353,1.3268453262865878,0.9020912760084858,0.8307408000000578,"{""criterion"": ""squared_error"", ""max_depth"": null, ""max_features"": 0.8, ""min_samples_leaf"": 1, ""n_estimators"": 120, ""n_jobs"": 1, ""random_state"": 42}"
random_forest,outer_0,2,1,1681,421,199,50,0,0.7246676809093436,1.0655722497820592,0.8102998558049533,0.7777922999994189,"{""criterion"": ""squared_error"", ""max_depth"": null, ""max_features"": 0.8, ""min_samples_leaf"": 1, ""n_estimators"": 120, ""n_jobs"": 1, ""random_state"": 42}"
random_forest,outer_0,2,2,1682,420,200,49,0,0.7319987115345836,0.9197833652542593,0.7986148134605268,0.7782585999993898,"{""criterion"": ""squared_error"", ""max_depth"": null, ""max_features"": 0.8, ""min_samples_leaf"": 1, ""n_estimators"": 120, ""n_jobs"": 1, ""random_state"": 42}"
random_forest,outer_0,2,3,1682,420,199,50,0,0.7347819297791454,0.9874429415781993,0.8688054034984245,0.8456873000013729,"{""criterion"": ""squared_error"", ""max_depth"": null, ""max_features"": 0.8, ""min_samples_leaf"": 1, ""n_estimators"": 120, ""n_jobs"": 1, ""random_state"": 42}"
random_forest,outer_0,2,4,1682,420,199,50,0,0.6878725051574478,0.8944092986057106,0.8809490129172981,0.8294115000007878,"{""criterion"": ""squared_error"", ""max_depth"": null, ""max_features"": 0.8, ""min_samples_leaf"": 1, ""n_estimators"": 120, ""n_jobs"": 1, ""random_state"": 42}"
random_forest,outer_0,3,0,1681,421,199,50,0,0.9144727621287597,1.3396053634160723,0.9001990792792809,0.6387421999988874,"{""criterion"": ""squared_error"", ""max_depth"": null, ""max_features"": 0.8, ""min_samples_leaf"": 3, ""n_estimators"": 120, ""n_jobs"": 1, ""random_state"": 42}"
random_forest,outer_0,3,1,1681,421,199,50,0,0.715566239367235,1.041368619350939,0.8188197601275657,1.0155431000002864,"{""criterion"": ""squared_error"", ""max_depth"": null, ""max_features"": 0.8, ""min_samples_leaf"": 3, ""n_estimators"": 120, ""n_jobs"": 1, ""random_state"": 42}"
random_forest,outer_0,3,2,1682,420,200,49,0,0.7101329502017446,0.891109125451304,0.8109754546765295,0.785584100000051,"{""criterion"": ""squared_error"", ""max_depth"": null, ""max_features"": 0.8, ""min_samples_leaf"": 3, ""n_estimators"": 120, ""n_jobs"": 1, ""random_state"": 42}"
random_forest,outer_0,3,3,1682,420,199,50,0,0.7489280659185729,0.9885015990452222,0.8685239399589612,0.713794000001144,"{""criterion"": ""squared_error"", ""max_depth"": null, ""max_features"": 0.8, ""min_samples_leaf"": 3, ""n_estimators"": 120, ""n_jobs"": 1, ""random_state"": 42}"
random_forest,outer_0,3,4,1682,420,199,50,0,0.7192223398018992,0.9182301134812845,0.8745231949007006,0.8344446999999491,"{""criterion"": ""squared_error"", ""max_depth"": null, ""max_features"": 0.8, ""min_samples_leaf"": 3, ""n_estimators"": 120, ""n_jobs"": 1, ""random_state"": 42}"
random_forest,outer_1,0,0,1681,421,199,50,0,0.8137360674459573,1.0328749924740082,0.8187562295917282,0.8057152999990649,"{""criterion"": ""squared_error"", ""max_depth"": 12, ""max_features"": 0.8, ""min_samples_leaf"": 1, ""n_estimators"": 120, ""n_jobs"": 1, ""random_state"": 42}"
random_forest,outer_1,0,1,1681,421,199,50,0,0.7020952268718653,0.9881441184707558,0.8431405825036408,0.6387421999988874,"{""criterion"": ""squared_error"", ""max_depth"": 12, ""max_features"": 0.8, ""min_samples_leaf"": 1, ""n_estimators"": 120, ""n_jobs"": 1, ""random_state"": 42}"
random_forest,outer_1,0,2,1682,420,200,49,0,0.7960740238236551,1.1119643590992114,0.7710403452876415,0.7365484999991168,"{""criterion"": ""squared_error"", ""max_depth"": 12, ""max_features"": 0.8, ""min_samples_leaf"": 1, ""n_estimators"": 120, ""n_jobs"": 1, ""random_state"": 42}"
random_forest,outer_1,0,3,1682,420,199,50,0,0.7514585990199684,0.9864290871667056,0.8729172957664892,0.6246596000000864,"{""criterion"": ""squared_error"", ""max_depth"": 12, ""max_features"": 0.8, ""min_samples_leaf"": 1, ""n_estimators"": 120, ""n_jobs"": 1, ""random_state"": 42}"
random_forest,outer_1,0,4,1682,420,199,50,0,0.8266195253596672,1.0549422975255711,0.8549326430707352,0.633881100000508,"{""criterion"": ""squared_error"", ""max_depth"": 12, ""max_features"": 0.8, ""min_samples_leaf"": 1, ""n_estimators"": 120, ""n_jobs"": 1, ""random_state"": 42}"
random_forest,outer_1,1,0,1681,421,199,50,0,0.7858626578596754,0.9970892053270906,0.8310976889061361,0.7302173999996739,"{""criterion"": ""squared_error"", ""max_depth"": 12, ""max_features"": 0.8, ""min_samples_leaf"": 3, ""n_estimators"": 120, ""n_jobs"": 1, ""random_state"": 42}"
random_forest,outer_1,1,1,1681,421,199,50,0,0.6986785609254678,0.9881903386035242,0.8431259080598489,0.8189271000010194,"{""criterion"": ""squared_error"", ""max_depth"": 12, ""max_features"": 0.8, ""min_samples_leaf"": 3, ""n_estimators"": 120, ""n_jobs"": 1, ""random_state"": 42}"
random_forest,outer_1,1,2,1682,420,200,49,0,0.7893778619585345,1.0805961899857435,0.7837759037248473,0.7024067000002105,"{""criterion"": ""squared_error"", ""max_depth"": 12, ""max_features"": 0.8, ""min_samples_leaf"": 3, ""n_estimators"": 120, ""n_jobs"": 1, ""random_state"": 42}"
random_forest,outer_1,1,3,1682,420,199,50,0,0.7602825676662379,0.9755069673960686,0.8757159322460901,0.64113449999968,"{""criterion"": ""squared_error"", ""max_depth"": 12, ""max_features"": 0.8, ""min_samples_leaf"": 3, ""n_estimators"": 120, ""n_jobs"": 1, ""random_state"": 42}"
random_forest,outer_1,1,4,1682,420,199,50,0,0.8781028125223548,1.1338865197461325,0.8324086992489806,0.6944389000000228,"{""criterion"": ""squared_error"", ""max_depth"": 12, ""max_features"": 0.8, ""min_samples_leaf"": 3, ""n_estimators"": 120, ""n_jobs"": 1, ""random_state"": 42}"
random_forest,outer_1,2,0,1681,421,199,50,0,0.7917551352238528,1.0247294445204467,0.8216036379499401,0.9415447999999742,"{""criterion"": ""squared_error"", ""max_depth"": null, ""max_features"": 0.8, ""min_samples_leaf"": 1, ""n_estimators"": 120, ""n_jobs"": 1, ""random_state"": 42}"
random_forest,outer_1,2,1,1681,421,199,50,0,0.7135527813719805,1.0136616050931182,0.8349346141028491,1.11978900000031,"{""criterion"": ""squared_error"", ""max_depth"": null, ""max_features"": 0.8, ""min_samples_leaf"": 1, ""n_estimators"": 120, ""n_jobs"": 1, ""random_state"": 42}"
random_forest,outer_1,2,2,1682,420,200,49,0,0.8032070091882276,1.123497183488901,0.7662663706355776,0.9107106999999814,"{""criterion"": ""squared_error"", ""max_depth"": null, ""max_features"": 0.8, ""min_samples_leaf"": 1, ""n_estimators"": 120, ""n_jobs"": 1, ""random_state"": 42}"
random_forest,outer_1,2,3,1682,420,199,50,0,0.7437671726088885,0.9790431063473188,0.8748132584590534,0.9261941999993724,"{""criterion"": ""squared_error"", ""max_depth"": null, ""max_features"": 0.8, ""min_samples_leaf"": 1, ""n_estimators"": 120, ""n_jobs"": 1, ""random_state"": 42}"
random_forest,outer_1,2,4,1682,420,199,50,0,0.8222555403376891,1.072529968729836,0.8500552862101575,0.9041302000005089,"{""criterion"": ""squared_error"", ""max_depth"": null, ""max_features"": 0.8, ""min_samples_leaf"": 1, ""n_estimators"": 120, ""n_jobs"": 1, ""random_state"": 42}"
random_forest,outer_1,3,0,1681,421,199,50,0,0.7686040888555787,0.9958541293022237,0.8315158621145484,0.7141148000009707,"{""criterion"": ""squared_error"", ""max_depth"": null, ""max_features"": 0.8, ""min_samples_leaf"": 3, ""n_estimators"": 120, ""n_jobs"": 1, ""random_state"": 42}"
random_forest,outer_1,3,1,1681,421,199,50,0,0.7030057215999062,0.9850231902080455,0.8441298590556441,0.6627356000008149,"{""criterion"": ""squared_error"", ""max_depth"": null, ""max_features"": 0.8, ""min_samples_leaf"": 3, ""n_estimators"": 120, ""n_jobs"": 1, ""random_state"": 42}"
random_forest,outer_1,3,2,1682,420,200,49,0,0.8014618422446242,1.0866766113351796,0.7813357090070391,0.7146106000000145,"{""criterion"": ""squared_error"", ""max_depth"": null, ""max_features"": 0.8, ""min_samples_leaf"": 3, ""n_estimators"": 120, ""n_jobs"": 1, ""random_state"": 42}"
random_forest,outer_1,3,3,1682,420,199,50,0,0.7454603494270116,0.9567986990340405,0.8804372597408061,0.6730963999998494,"{""criterion"": ""squared_error"", ""max_depth"": null, ""max_features"": 0.8, ""min_samples_leaf"": 3, ""n_estimators"": 120, ""n_jobs"": 1, ""random_state"": 42}"
random_forest,outer_1,3,4,1682,420,199,50,0,0.8600306437887664,1.1223908316162863,0.8357896570051813,0.6902841999999509,"{""criterion"": ""squared_error"", ""max_depth"": null, ""max_features"": 0.8, ""min_samples_leaf"": 3, ""n_estimators"": 120, ""n_jobs"": 1, ""random_state"": 42}"
random_forest,outer_2,0,0,1681,421,198,50,0,0.7684021947067649,0.9587329505334531,0.8365680103806197,0.7008224999990489,"{""criterion"": ""squared_error"", ""max_depth"": 12, ""max_features"": 0.8, ""min_samples_leaf"": 1, ""n_estimators"": 120, ""n_jobs"": 1, ""random_state"": 42}"
random_forest,outer_2,0,1,1681,421,198,50,0,0.8267689920819979,1.055533275864416,0.797344570565942,0.5932935000000725,"{""criterion"": ""squared_error"", ""max_depth"": 12, ""max_features"": 0.8, ""min_samples_leaf"": 1, ""n_estimators"": 120, ""n_jobs"": 1, ""random_state"": 42}"
random_forest,outer_2,0,2,1682,420,199,49,0,0.9055213926312361,1.2446266989240946,0.7764045916482756,0.597756400000435,"{""criterion"": ""squared_error"", ""max_depth"": 12, ""max_features"": 0.8, ""min_samples_leaf"": 1, ""n_estimators"": 120, ""n_jobs"": 1, ""random_state"": 42}"
random_forest,outer_2,0,3,1682,420,199,49,0,0.944610470678545,1.3205830341240503,0.8987245159332188,0.6233563000005233,"{""criterion"": ""squared_error"", ""max_depth"": 12, ""max_features"": 0.8, ""min_samples_leaf"": 1, ""n_estimators"": 120, ""n_jobs"": 1, ""random_state"": 42}"
random_forest,outer_2,0,4,1682,420,198,50,0,0.7737923862148456,0.9927794254038607,0.8848644293105588,0.6067738000001555,"{""criterion"": ""squared_error"", ""max_depth"": 12, ""max_features"": 0.8, ""min_samples_leaf"": 1, ""n_estimators"": 120, ""n_jobs"": 1, ""random_state"": 42}"
random_forest,outer_2,1,0,1681,421,198,50,0,0.7422595375822767,0.9190153921401333,0.8498285650471016,0.5883702999999514,"{""criterion"": ""squared_error"", ""max_depth"": 12, ""max_features"": 0.8, ""min_samples_leaf"": 3, ""n_estimators"": 120, ""n_jobs"": 1, ""random_state"": 42}"
random_forest,outer_2,1,1,1681,421,198,50,0,0.8043666011218998,1.028138485092369,0.8077273034075213,0.9510369999989052,"{""criterion"": ""squared_error"", ""max_depth"": 12, ""max_features"": 0.8, ""min_samples_leaf"": 3, ""n_estimators"": 120, ""n_jobs"": 1, ""random_state"": 42}"
random_forest,outer_2,1,2,1682,420,199,49,0,0.9030971903039796,1.2387474319262706,0.7785120062807667,0.91512800000055,"{""criterion"": ""squared_error"", ""max_depth"": 12, ""max_features"": 0.8, ""min_samples_leaf"": 3, ""n_estimators"": 120, ""n_jobs"": 1, ""random_state"": 42}"
random_forest,outer_2,1,3,1682,420,199,49,0,1.0199909612082847,1.5471230738942578,0.8609974948758885,0.5959763000009843,"{""criterion"": ""squared_error"", ""max_depth"": 12, ""max_features"": 0.8, ""min_samples_leaf"": 3, ""n_estimators"": 120, ""n_jobs"": 1, ""random_state"": 42}"
random_forest,outer_2,1,4,1682,420,198,50,0,0.7755604771448118,1.0100760310351131,0.8808176038560942,0.653729800000292,"{""criterion"": ""squared_error"", ""max_depth"": 12, ""max_features"": 0.8, ""min_samples_leaf"": 3, ""n_estimators"": 120, ""n_jobs"": 1, ""random_state"": 42}"
random_forest,outer_2,2,0,1681,421,198,50,0,0.7556385912614727,0.9526783398910403,0.8386257107100981,0.7457581999988179,"{""criterion"": ""squared_error"", ""max_depth"": null, ""max_features"": 0.8, ""min_samples_leaf"": 1, ""n_estimators"": 120, ""n_jobs"": 1, ""random_state"": 42}"
random_forest,outer_2,2,1,1681,421,198,50,0,0.8326793381609219,1.0827933931534581,0.7867418782638591,0.8852530000003753,"{""criterion"": ""squared_error"", ""max_depth"": null, ""max_features"": 0.8, ""min_samples_leaf"": 1, ""n_estimators"": 120, ""n_jobs"": 1, ""random_state"": 42}"
random_forest,outer_2,2,2,1682,420,199,49,0,0.9121135678141653,1.257944010606432,0.7715941209193178,0.7786023999997269,"{""criterion"": ""squared_error"", ""max_depth"": null, ""max_features"": 0.8, ""min_samples_leaf"": 1, ""n_estimators"": 120, ""n_jobs"": 1, ""random_state"": 42}"
random_forest,outer_2,2,3,1682,420,199,49,0,0.9134741489811685,1.2960706393379697,0.9024493324874732,0.9878886999995302,"{""criterion"": ""squared_error"", ""max_depth"": null, ""max_features"": 0.8, ""min_samples_leaf"": 1, ""n_estimators"": 120, ""n_jobs"": 1, ""random_state"": 42}"
random_forest,outer_2,2,4,1682,420,198,50,0,0.7450656941145584,0.9869374330847822,0.8862154688046077,1.0848010999998223,"{""criterion"": ""squared_error"", ""max_depth"": null, ""max_features"": 0.8, ""min_samples_leaf"": 1, ""n_estimators"": 120, ""n_jobs"": 1, ""random_state"": 42}"
random_forest,outer_2,3,0,1681,421,198,50,0,0.7402807133018209,0.9185231320408475,0.8499893971898446,0.7015502999984164,"{""criterion"": ""squared_error"", ""max_depth"": null, ""max_features"": 0.8, ""min_samples_leaf"": 3, ""n_estimators"": 120, ""n_jobs"": 1, ""random_state"": 42}"
random_forest,outer_2,3,1,1681,421,198,50,0,0.7955247496455942,1.0212778854410711,0.8102847505319574,0.6653728000001138,"{""criterion"": ""squared_error"", ""max_depth"": null, ""max_features"": 0.8, ""min_samples_leaf"": 3, ""n_estimators"": 120, ""n_jobs"": 1, ""random_state"": 42}"
random_forest,outer_2,3,2,1682,420,199,49,0,0.9082989306628787,1.2500635470660346,0.774446881073537,0.6766860000007,"{""criterion"": ""squared_error"", ""max_depth"": null, ""max_features"": 0.8, ""min_samples_leaf"": 3, ""n_estimators"": 120, ""n_jobs"": 1, ""random_state"": 42}"
random_forest,outer_2,3,3,1682,420,199,49,0,1.0165083899809748,1.5393902159391557,0.8623835518572994,0.6500224000010348,"{""criterion"": ""squared_error"", ""max_depth"": null, ""max_features"": 0.8, ""min_samples_leaf"": 3, ""n_estimators"": 120, ""n_jobs"": 1, ""random_state"": 42}"
random_forest,outer_2,3,4,1682,420,198,50,0,0.7679862370815985,1.0076741058123149,0.881383752993314,0.6723716000014974,"{""criterion"": ""squared_error"", ""max_depth"": null, ""max_features"": 0.8, ""min_samples_leaf"": 3, ""n_estimators"": 120, ""n_jobs"": 1, ""random_state"": 42}"
random_forest,outer_3,0,0,1682,421,199,50,0,0.7671738976803034,0.9799838650473591,0.8265344718571338,0.6587297999994917,"{""criterion"": ""squared_error"", ""max_depth"": 12, ""max_features"": 0.8, ""min_samples_leaf"": 1, ""n_estimators"": 120, ""n_jobs"": 1, ""random_state"": 42}"
random_forest,outer_3,0,1,1682,421,199,50,0,0.6787810547219237,0.8994334434091328,0.8651110297863005,0.6124548000007053,"{""criterion"": ""squared_error"", ""max_depth"": 12, ""max_features"": 0.8, ""min_samples_leaf"": 1, ""n_estimators"": 120, ""n_jobs"": 1, ""random_state"": 42}"
random_forest,outer_3,0,2,1682,421,199,50,0,0.8356311675359468,1.2541179102088271,0.7403318099318175,0.5883209000003262,"{""criterion"": ""squared_error"", ""max_depth"": 12, ""max_features"": 0.8, ""min_samples_leaf"": 1, ""n_estimators"": 120, ""n_jobs"": 1, ""random_state"": 42}"
random_forest,outer_3,0,3,1683,420,200,49,0,1.0024359618480876,1.4785078911165543,0.8725856545466474,0.6196620999999141,"{""criterion"": ""squared_error"", ""max_depth"": 12, ""max_features"": 0.8, ""min_samples_leaf"": 1, ""n_estimators"": 120, ""n_jobs"": 1, ""random_state"": 42}"
random_forest,outer_3,0,4,1683,420,199,50,0,0.9297216135020788,1.1761572306033994,0.8312676812130212,0.6913206999997783,"{""criterion"": ""squared_error"", ""max_depth"": 12, ""max_features"": 0.8, ""min_samples_leaf"": 1, ""n_estimators"": 120, ""n_jobs"": 1, ""random_state"": 42}"
random_forest,outer_3,1,0,1682,421,199,50,0,0.776750769378163,0.9529243992189778,0.8359817302539153,0.6912796999986313,"{""criterion"": ""squared_error"", ""max_depth"": 12, ""max_features"": 0.8, ""min_samples_leaf"": 3, ""n_estimators"": 120, ""n_jobs"": 1, ""random_state"": 42}"
random_forest,outer_3,1,1,1682,421,199,50,0,0.6552195810509792,0.8669638711702425,0.8746742319890001,0.5720820000005915,"{""criterion"": ""squared_error"", ""max_depth"": 12, ""max_features"": 0.8, ""min_samples_leaf"": 3, ""n_estimators"": 120, ""n_jobs"": 1, ""random_state"": 42}"
random_forest,outer_3,1,2,1682,421,199,50,0,0.8358128790542426,1.2529356783186947,0.7408211472053234,0.5484317000009469,"{""criterion"": ""squared_error"", ""max_depth"": 12, ""max_features"": 0.8, ""min_samples_leaf"": 3, ""n_estimators"": 120, ""n_jobs"": 1, ""random_state"": 42}"
random_forest,outer_3,1,3,1683,420,200,49,0,1.0396702674540166,1.6898159561117967,0.8335630122257717,0.6815542000003916,"{""criterion"": ""squared_error"", ""max_depth"": 12, ""max_features"": 0.8, ""min_samples_leaf"": 3, ""n_estimators"": 120, ""n_jobs"": 1, ""random_state"": 42}"
random_forest,outer_3,1,4,1683,420,199,50,0,0.9613257916404773,1.2088934228696817,0.8217442537359246,0.6199679000001197,"{""criterion"": ""squared_error"", ""max_depth"": 12, ""max_features"": 0.8, ""min_samples_leaf"": 3, ""n_estimators"": 120, ""n_jobs"": 1, ""random_state"": 42}"
random_forest,outer_3,2,0,1682,421,199,50,0,0.7430020405485959,0.971452458750366,0.8295415889684435,0.7763369999993301,"{""criterion"": ""squared_error"", ""max_depth"": null, ""max_features"": 0.8, ""min_samples_leaf"": 1, ""n_estimators"": 120, ""n_jobs"": 1, ""random_state"": 42}"
random_forest,outer_3,2,1,1682,421,199,50,0,0.6815005016383013,0.9062022653025894,0.8630731357557316,0.8110016000009637,"{""criterion"": ""squared_error"", ""max_depth"": null, ""max_features"": 0.8, ""min_samples_leaf"": 1, ""n_estimators"": 120, ""n_jobs"": 1, ""random_state"": 42}"
random_forest,outer_3,2,2,1682,421,199,50,0,0.8343946475359664,1.2678121742018076,0.7346299867040444,0.930385200001183,"{""criterion"": ""squared_error"", ""max_depth"": null, ""max_features"": 0.8, ""min_samples_leaf"": 1, ""n_estimators"": 120, ""n_jobs"": 1, ""random_state"": 42}"
random_forest,outer_3,2,3,1683,420,200,49,0,0.9749299413786028,1.4232512400055521,0.8819314646884069,0.9110062999989168,"{""criterion"": ""squared_error"", ""max_depth"": null, ""max_features"": 0.8, ""min_samples_leaf"": 1, ""n_estimators"": 120, ""n_jobs"": 1, ""random_state"": 42}"
random_forest,outer_3,2,4,1683,420,199,50,0,0.9339919277560058,1.190021906648115,0.8272661624600525,0.8903657999999268,"{""criterion"": ""squared_error"", ""max_depth"": null, ""max_features"": 0.8, ""min_samples_leaf"": 1, ""n_estimators"": 120, ""n_jobs"": 1, ""random_state"": 42}"
random_forest,outer_3,3,0,1682,421,199,50,0,0.7526606481243201,0.9385214932325568,0.8409023451859329,0.8421522999997251,"{""criterion"": ""squared_error"", ""max_depth"": null, ""max_features"": 0.8, ""min_samples_leaf"": 3, ""n_estimators"": 120, ""n_jobs"": 1, ""random_state"": 42}"
random_forest,outer_3,3,1,1682,421,199,50,0,0.6555644415832954,0.8718743109676237,0.8732505337937815,0.7893036999994365,"{""criterion"": ""squared_error"", ""max_depth"": null, ""max_features"": 0.8, ""min_samples_leaf"": 3, ""n_estimators"": 120, ""n_jobs"": 1, ""random_state"": 42}"
random_forest,outer_3,3,2,1682,421,199,50,0,0.8313535164835236,1.2594612487692498,0.7381143934568212,0.728382799999963,"{""criterion"": ""squared_error"", ""max_depth"": null, ""max_features"": 0.8, ""min_samples_leaf"": 3, ""n_estimators"": 120, ""n_jobs"": 1, ""random_state"": 42}"
random_forest,outer_3,3,3,1683,420,200,49,0,1.0418584232594892,1.69452947355844,0.8326332094537897,0.8845443000009254,"{""criterion"": ""squared_error"", ""max_depth"": null, ""max_features"": 0.8, ""min_samples_leaf"": 3, ""n_estimators"": 120, ""n_jobs"": 1, ""random_state"": 42}"
random_forest,outer_3,3,4,1683,420,199,50,0,0.9541512938188519,1.2052938652102918,0.8228042091626393,0.7997727999991184,"{""criterion"": ""squared_error"", ""max_depth"": null, ""max_features"": 0.8, ""min_samples_leaf"": 3, ""n_estimators"": 120, ""n_jobs"": 1, ""random_state"": 42}"
random_forest,outer_4,0,0,1682,421,199,50,0,0.7299693650482064,0.9768831654352093,0.8473843335390436,0.7655458999997791,"{""criterion"": ""squared_error"", ""max_depth"": 12, ""max_features"": 0.8, ""min_samples_leaf"": 1, ""n_estimators"": 120, ""n_jobs"": 1, ""random_state"": 42}"
random_forest,outer_4,0,1,1682,421,199,50,0,1.0117080061053352,1.4833108100014853,0.8030402061058385,0.7935546999997314,"{""criterion"": ""squared_error"", ""max_depth"": 12, ""max_features"": 0.8, ""min_samples_leaf"": 1, ""n_estimators"": 120, ""n_jobs"": 1, ""random_state"": 42}"
random_forest,outer_4,0,2,1682,421,199,50,0,0.8119635887709914,1.1861119687545316,0.832792288005227,0.7993182000009256,"{""criterion"": ""squared_error"", ""max_depth"": 12, ""max_features"": 0.8, ""min_samples_leaf"": 1, ""n_estimators"": 120, ""n_jobs"": 1, ""random_state"": 42}"
random_forest,outer_4,0,3,1683,420,200,49,0,0.8647753423257997,1.158318900361136,0.8631789054806722,1.206727700000556,"{""criterion"": ""squared_error"", ""max_depth"": 12, ""max_features"": 0.8, ""min_samples_leaf"": 1, ""n_estimators"": 120, ""n_jobs"": 1, ""random_state"": 42}"
random_forest,outer_4,0,4,1683,420,199,50,0,0.8294997038482607,1.0649714120184002,0.8515182776985908,0.8384052000001248,"{""criterion"": ""squared_error"", ""max_depth"": 12, ""max_features"": 0.8, ""min_samples_leaf"": 1, ""n_estimators"": 120, ""n_jobs"": 1, ""random_state"": 42}"
random_forest,outer_4,1,0,1682,421,199,50,0,0.7280054699285805,0.9752805213691509,0.8478846757881041,0.692902700000559,"{""criterion"": ""squared_error"", ""max_depth"": 12, ""max_features"": 0.8, ""min_samples_leaf"": 3, ""n_estimators"": 120, ""n_jobs"": 1, ""random_state"": 42}"
random_forest,outer_4,1,1,1682,421,199,50,0,0.9717318520299131,1.3866711754927692,0.827868547426823,0.7591171999993094,"{""criterion"": ""squared_error"", ""max_depth"": 12, ""max_features"": 0.8, ""min_samples_leaf"": 3, ""n_estimators"": 120, ""n_jobs"": 1, ""random_state"": 42}"
random_forest,outer_4,1,2,1682,421,199,50,0,0.8039750137488055,1.1728984973444228,0.836496976739602,0.6685297999993054,"{""criterion"": ""squared_error"", ""max_depth"": 12, ""max_features"": 0.8, ""min_samples_leaf"": 3, ""n_estimators"": 120, ""n_jobs"": 1, ""random_state"": 42}"
random_forest,outer_4,1,3,1683,420,200,49,0,0.8579745690902585,1.188083834135096,0.8560568680574262,0.7273628000002645,"{""criterion"": ""squared_error"", ""max_depth"": 12, ""max_features"": 0.8, ""min_samples_leaf"": 3, ""n_estimators"": 120, ""n_jobs"": 1, ""random_state"": 42}"
random_forest,outer_4,1,4,1683,420,199,50,0,0.850195971207198,1.0977009582554589,0.8422515198817833,0.733052099998531,"{""criterion"": ""squared_error"", ""max_depth"": 12, ""max_features"": 0.8, ""min_samples_leaf"": 3, ""n_estimators"": 120, ""n_jobs"": 1, ""random_state"": 42}"
random_forest,outer_4,2,0,1682,421,199,50,0,0.7131733894611896,0.9738889836252768,0.8483184447422243,1.334148500000083,"{""criterion"": ""squared_error"", ""max_depth"": null, ""max_features"": 0.8, ""min_samples_leaf"": 1, ""n_estimators"": 120, ""n_jobs"": 1, ""random_state"": 42}"
random_forest,outer_4,2,1,1682,421,199,50,0,1.0119902761625277,1.4692664290664401,0.8067522843834294,1.5059073999982502,"{""criterion"": ""squared_error"", ""max_depth"": null, ""max_features"": 0.8, ""min_samples_leaf"": 1, ""n_estimators"": 120, ""n_jobs"": 1, ""random_state"": 42}"
random_forest,outer_4,2,2,1682,421,199,50,0,0.8359515700920436,1.218049111764342,0.8236666223526308,1.305639100000917,"{""criterion"": ""squared_error"", ""max_depth"": null, ""max_features"": 0.8, ""min_samples_leaf"": 1, ""n_estimators"": 120, ""n_jobs"": 1, ""random_state"": 42}"
random_forest,outer_4,2,3,1683,420,200,49,0,0.8733283748550374,1.1758528846496854,0.8590053114473408,1.1700225999993563,"{""criterion"": ""squared_error"", ""max_depth"": null, ""max_features"": 0.8, ""min_samples_leaf"": 1, ""n_estimators"": 120, ""n_jobs"": 1, ""random_state"": 42}"
random_forest,outer_4,2,4,1683,420,199,50,0,0.8043087524241265,1.054680769296189,0.8543739225838347,0.9892395000006218,"{""criterion"": ""squared_error"", ""max_depth"": null, ""max_features"": 0.8, ""min_samples_leaf"": 1, ""n_estimators"": 120, ""n_jobs"": 1, ""random_state"": 42}"
random_forest,outer_4,3,0,1682,421,199,50,0,0.7179494210849974,0.9685364999596682,0.8499811435459244,0.8089732000007643,"{""criterion"": ""squared_error"", ""max_depth"": null, ""max_features"": 0.8, ""min_samples_leaf"": 3, ""n_estimators"": 120, ""n_jobs"": 1, ""random_state"": 42}"
random_forest,outer_4,3,1,1682,421,199,50,0,0.9815420421436338,1.4018640970783973,0.824076002831222,1.2323648000001413,"{""criterion"": ""squared_error"", ""max_depth"": null, ""max_features"": 0.8, ""min_samples_leaf"": 3, ""n_estimators"": 120, ""n_jobs"": 1, ""random_state"": 42}"
random_forest,outer_4,3,2,1682,421,199,50,0,0.7932358726964351,1.1685194842940159,0.8377155737727819,1.4324178999995638,"{""criterion"": ""squared_error"", ""max_depth"": null, ""max_features"": 0.8, ""min_samples_leaf"": 3, ""n_estimators"": 120, ""n_jobs"": 1, ""random_state"": 42}"
random_forest,outer_4,3,3,1683,420,200,49,0,0.8743475855705929,1.2080744727519532,0.8511721562031821,1.5212092000001576,"{""criterion"": ""squared_error"", ""max_depth"": null, ""max_features"": 0.8, ""min_samples_leaf"": 3, ""n_estimators"": 120, ""n_jobs"": 1, ""random_state"": 42}"
random_forest,outer_4,3,4,1683,420,199,50,0,0.8353574282956848,1.083712575153735,0.8462463895760977,1.165803699999742,"{""criterion"": ""squared_error"", ""max_depth"": null, ""max_features"": 0.8, ""min_samples_leaf"": 3, ""n_estimators"": 120, ""n_jobs"": 1, ""random_state"": 42}"
random_forest,full_train_selection,0,0,2102,526,249,62,0,0.8392455028616607,1.1379214203962258,0.8108364418697769,1.2818994999997813,"{""criterion"": ""squared_error"", ""max_depth"": 12, ""max_features"": 0.8, ""min_samples_leaf"": 1, ""n_estimators"": 120, ""n_jobs"": 1, ""random_state"": 42}"
random_forest,full_train_selection,0,1,2102,526,249,62,0,0.7643763045298285,1.1008055568243433,0.9200506198418474,0.9674414000000979,"{""criterion"": ""squared_error"", ""max_depth"": 12, ""max_features"": 0.8, ""min_samples_leaf"": 1, ""n_estimators"": 120, ""n_jobs"": 1, ""random_state"": 42}"
random_forest,full_train_selection,0,2,2102,526,248,63,0,0.6359178494614249,0.8744022319491778,0.8535450954159305,0.9964287000002514,"{""criterion"": ""squared_error"", ""max_depth"": 12, ""max_features"": 0.8, ""min_samples_leaf"": 1, ""n_estimators"": 120, ""n_jobs"": 1, ""random_state"": 42}"
random_forest,full_train_selection,0,3,2103,525,249,62,0,0.6970516931689211,0.896881665270332,0.8802785222898959,0.9377464999997756,"{""criterion"": ""squared_error"", ""max_depth"": 12, ""max_features"": 0.8, ""min_samples_leaf"": 1, ""n_estimators"": 120, ""n_jobs"": 1, ""random_state"": 42}"
random_forest,full_train_selection,0,4,2103,525,249,62,0,0.8049066388633265,0.9876913404284766,0.848559338404913,0.9937981000002765,"{""criterion"": ""squared_error"", ""max_depth"": 12, ""max_features"": 0.8, ""min_samples_leaf"": 1, ""n_estimators"": 120, ""n_jobs"": 1, ""random_state"": 42}"
random_forest,full_train_selection,1,0,2102,526,249,62,0,0.8514928005369303,1.1589210401324357,0.803790232109417,0.9817396999987977,"{""criterion"": ""squared_error"", ""max_depth"": 12, ""max_features"": 0.8, ""min_samples_leaf"": 3, ""n_estimators"": 120, ""n_jobs"": 1, ""random_state"": 42}"
random_forest,full_train_selection,1,1,2102,526,249,62,0,0.7823591054534605,1.2074116811954767,0.9038156042625458,1.124301199999536,"{""criterion"": ""squared_error"", ""max_depth"": 12, ""max_features"": 0.8, ""min_samples_leaf"": 3, ""n_estimators"": 120, ""n_jobs"": 1, ""random_state"": 42}"
random_forest,full_train_selection,1,2,2102,526,248,63,0,0.64287091909986,0.884933633124119,0.8499960110913303,0.9373369000004459,"{""criterion"": ""squared_error"", ""max_depth"": 12, ""max_features"": 0.8, ""min_samples_leaf"": 3, ""n_estimators"": 120, ""n_jobs"": 1, ""random_state"": 42}"
random_forest,full_train_selection,1,3,2103,525,249,62,0,0.670681039857336,0.8782090052601719,0.8852117198488989,0.9265395999991597,"{""criterion"": ""squared_error"", ""max_depth"": 12, ""max_features"": 0.8, ""min_samples_leaf"": 3, ""n_estimators"": 120, ""n_jobs"": 1, ""random_state"": 42}"
random_forest,full_train_selection,1,4,2103,525,249,62,0,0.817991228238655,1.001011789483719,0.8444470001557043,1.165740200000073,"{""criterion"": ""squared_error"", ""max_depth"": 12, ""max_features"": 0.8, ""min_samples_leaf"": 3, ""n_estimators"": 120, ""n_jobs"": 1, ""random_state"": 42}"
random_forest,full_train_selection,2,0,2102,526,249,62,0,0.8505423737507225,1.1626318827578612,0.8025317007139325,1.4606587999987823,"{""criterion"": ""squared_error"", ""max_depth"": null, ""max_features"": 0.8, ""min_samples_leaf"": 1, ""n_estimators"": 120, ""n_jobs"": 1, ""random_state"": 42}"
random_forest,full_train_selection,2,1,2102,526,249,62,0,0.7309528966743954,1.0500402498057864,0.9272545611981257,1.127884699999413,"{""criterion"": ""squared_error"", ""max_depth"": null, ""max_features"": 0.8, ""min_samples_leaf"": 1, ""n_estimators"": 120, ""n_jobs"": 1, ""random_state"": 42}"
random_forest,full_train_selection,2,2,2102,526,248,63,0,0.615184795518634,0.8598675570387415,0.8583734970312141,1.1078305000010005,"{""criterion"": ""squared_error"", ""max_depth"": null, ""max_features"": 0.8, ""min_samples_leaf"": 1, ""n_estimators"": 120, ""n_jobs"": 1, ""random_state"": 42}"
random_forest,full_train_selection,2,3,2103,525,249,62,0,0.7072455675983097,0.926153329279354,0.872336260579772,1.1207809999996243,"{""criterion"": ""squared_error"", ""max_depth"": null, ""max_features"": 0.8, ""min_samples_leaf"": 1, ""n_estimators"": 120, ""n_jobs"": 1, ""random_state"": 42}"
random_forest,full_train_selection,2,4,2103,525,249,62,0,0.7743295130468273,0.9757077879408733,0.8522118716900055,1.3834628000004159,"{""criterion"": ""squared_error"", ""max_depth"": null, ""max_features"": 0.8, ""min_samples_leaf"": 1, ""n_estimators"": 120, ""n_jobs"": 1, ""random_state"": 42}"
random_forest,full_train_selection,3,0,2102,526,249,62,0,0.8556624616514926,1.1575129605806078,0.8042667289787264,0.9534600999995746,"{""criterion"": ""squared_error"", ""max_depth"": null, ""max_features"": 0.8, ""min_samples_leaf"": 3, ""n_estimators"": 120, ""n_jobs"": 1, ""random_state"": 42}"
random_forest,full_train_selection,3,1,2102,526,249,62,0,0.7904343499222508,1.2391734063197677,0.8986886637092588,0.9962046000000555,"{""criterion"": ""squared_error"", ""max_depth"": null, ""max_features"": 0.8, ""min_samples_leaf"": 3, ""n_estimators"": 120, ""n_jobs"": 1, ""random_state"": 42}"
random_forest,full_train_selection,3,2,2102,526,248,63,0,0.6308494603843587,0.8680377704959983,0.8556693222888117,0.9240755999999237,"{""criterion"": ""squared_error"", ""max_depth"": null, ""max_features"": 0.8, ""min_samples_leaf"": 3, ""n_estimators"": 120, ""n_jobs"": 1, ""random_state"": 42}"
random_forest,full_train_selection,3,3,2103,525,249,62,0,0.6610273777854895,0.8776464720854062,0.8853587270750575,1.0978610000001936,"{""criterion"": ""squared_error"", ""max_depth"": null, ""max_features"": 0.8, ""min_samples_leaf"": 3, ""n_estimators"": 120, ""n_jobs"": 1, ""random_state"": 42}"
random_forest,full_train_selection,3,4,2103,525,249,62,0,0.7968798840216195,0.9898506525285264,0.8478964489065198,1.0075262000009388,"{""criterion"": ""squared_error"", ""max_depth"": null, ""max_features"": 0.8, ""min_samples_leaf"": 3, ""n_estimators"": 120, ""n_jobs"": 1, ""random_state"": 42}"
extra_trees,outer_0,0,0,1681,421,199,50,0,1.070507151493202,1.6171963111057028,0.854552494717857,1.4986621999996714,"{""bootstrap"": false, ""criterion"": ""squared_error"", ""max_depth"": 12, ""max_features"": 1.0, ""min_samples_leaf"": 1, ""n_estimators"": 120, ""n_jobs"": 1, ""random_state"": 42}"
extra_trees,outer_0,0,1,1681,421,199,50,0,0.7706158812670489,1.0743806167111873,0.8071506469571831,1.0999369000001025,"{""bootstrap"": false, ""criterion"": ""squared_error"", ""max_depth"": 12, ""max_features"": 1.0, ""min_samples_leaf"": 1, ""n_estimators"": 120, ""n_jobs"": 1, ""random_state"": 42}"
extra_trees,outer_0,0,2,1682,420,200,49,0,0.7611393650331865,0.9414851898741105,0.7889995384620919,1.1517942999998922,"{""bootstrap"": false, ""criterion"": ""squared_error"", ""max_depth"": 12, ""max_features"": 1.0, ""min_samples_leaf"": 1, ""n_estimators"": 120, ""n_jobs"": 1, ""random_state"": 42}"
extra_trees,outer_0,0,3,1682,420,199,50,0,0.8334892125798709,1.0909061864535041,0.8398721996304843,1.299201699999685,"{""bootstrap"": false, ""criterion"": ""squared_error"", ""max_depth"": 12, ""max_features"": 1.0, ""min_samples_leaf"": 1, ""n_estimators"": 120, ""n_jobs"": 1, ""random_state"": 42}"
extra_trees,outer_0,0,4,1682,420,199,50,0,0.7681548243544685,0.9857216558879183,0.8553997695302348,1.1567623999999341,"{""bootstrap"": false, ""criterion"": ""squared_error"", ""max_depth"": 12, ""max_features"": 1.0, ""min_samples_leaf"": 1, ""n_estimators"": 120, ""n_jobs"": 1, ""random_state"": 42}"
extra_trees,outer_0,1,0,1681,421,199,50,0,0.9470240505229036,1.3528505812048963,0.8982157788669132,1.262923199999932,"{""bootstrap"": false, ""criterion"": ""squared_error"", ""max_depth"": 12, ""max_features"": 1.0, ""min_samples_leaf"": 3, ""n_estimators"": 120, ""n_jobs"": 1, ""random_state"": 42}"
extra_trees,outer_0,1,1,1681,421,199,50,0,0.7617199685905759,1.0576705418760723,0.8131028518643975,1.1118643000008888,"{""bootstrap"": false, ""criterion"": ""squared_error"", ""max_depth"": 12, ""max_features"": 1.0, ""min_samples_leaf"": 3, ""n_estimators"": 120, ""n_jobs"": 1, ""random_state"": 42}"
extra_trees,outer_0,1,2,1682,420,200,49,0,0.7306644664377444,0.8996138336035454,0.8073501522926834,1.2881103000017902,"{""bootstrap"": false, ""criterion"": ""squared_error"", ""max_depth"": 12, ""max_features"": 1.0, ""min_samples_leaf"": 3, ""n_estimators"": 120, ""n_jobs"": 1, ""random_state"": 42}"
extra_trees,outer_0,1,3,1682,420,199,50,0,0.8992486291773466,1.1609137911671505,0.8186607272846386,1.0242753000002267,"{""bootstrap"": false, ""criterion"": ""squared_error"", ""max_depth"": 12, ""max_features"": 1.0, ""min_samples_leaf"": 3, ""n_estimators"": 120, ""n_jobs"": 1, ""random_state"": 42}"
extra_trees,outer_0,1,4,1682,420,199,50,0,0.7330003607842656,0.9493803449412462,0.8658653866189305,1.1178930999994918,"{""bootstrap"": false, ""criterion"": ""squared_error"", ""max_depth"": 12, ""max_features"": 1.0, ""min_samples_leaf"": 3, ""n_estimators"": 120, ""n_jobs"": 1, ""random_state"": 42}"
extra_trees,outer_0,2,0,1681,421,199,50,0,1.046475990742888,1.5467458392090825,0.8669488276954841,1.4116772999987006,"{""bootstrap"": false, ""criterion"": ""squared_error"", ""max_depth"": null, ""max_features"": 1.0, ""min_samples_leaf"": 1, ""n_estimators"": 120, ""n_jobs"": 1, ""random_state"": 42}"
extra_trees,outer_0,2,1,1681,421,199,50,0,0.788018632134503,1.107389348787206,0.7951185961017578,1.5802175000007992,"{""bootstrap"": false, ""criterion"": ""squared_error"", ""max_depth"": null, ""max_features"": 1.0, ""min_samples_leaf"": 1, ""n_estimators"": 120, ""n_jobs"": 1, ""random_state"": 42}"
extra_trees,outer_0,2,2,1682,420,200,49,0,0.7033341446145596,0.9175456798174073,0.79959349725218,1.667295600000216,"{""bootstrap"": false, ""criterion"": ""squared_error"", ""max_depth"": null, ""max_features"": 1.0, ""min_samples_leaf"": 1, ""n_estimators"": 120, ""n_jobs"": 1, ""random_state"": 42}"
extra_trees,outer_0,2,3,1682,420,199,50,0,0.829400284896647,1.107860791735076,0.834856184727939,1.4842927000008785,"{""bootstrap"": false, ""criterion"": ""squared_error"", ""max_depth"": null, ""max_features"": 1.0, ""min_samples_leaf"": 1, ""n_estimators"": 120, ""n_jobs"": 1, ""random_state"": 42}"
extra_trees,outer_0,2,4,1682,420,199,50,0,0.7347551239421346,0.9751799132227442,0.8584760688806533,1.5018976999999722,"{""bootstrap"": false, ""criterion"": ""squared_error"", ""max_depth"": null, ""max_features"": 1.0, ""min_samples_leaf"": 1, ""n_estimators"": 120, ""n_jobs"": 1, ""random_state"": 42}"
extra_trees,outer_0,3,0,1681,421,199,50,0,0.9139437215647797,1.3597132721342906,0.8971805051151768,1.0737293000001955,"{""bootstrap"": false, ""criterion"": ""squared_error"", ""max_depth"": null, ""max_features"": 1.0, ""min_samples_leaf"": 3, ""n_estimators"": 120, ""n_jobs"": 1, ""random_state"": 42}"
extra_trees,outer_0,3,1,1681,421,199,50,0,0.7581380328011138,1.0776649527114026,0.8059697801879524,1.0663283000012598,"{""bootstrap"": false, ""criterion"": ""squared_error"", ""max_depth"": null, ""max_features"": 1.0, ""min_samples_leaf"": 3, ""n_estimators"": 120, ""n_jobs"": 1, ""random_state"": 42}"
extra_trees,outer_0,3,2,1682,420,200,49,0,0.6978662487854298,0.8806498549950825,0.8153867126437643,1.0954043000001548,"{""bootstrap"": false, ""criterion"": ""squared_error"", ""max_depth"": null, ""max_features"": 1.0, ""min_samples_leaf"": 3, ""n_estimators"": 120, ""n_jobs"": 1, ""random_state"": 42}"
extra_trees,outer_0,3,3,1682,420,199,50,0,0.9048253317133853,1.1898002576797577,0.8095240948786016,1.097002500000599,"{""bootstrap"": false, ""criterion"": ""squared_error"", ""max_depth"": null, ""max_features"": 1.0, ""min_samples_leaf"": 3, ""n_estimators"": 120, ""n_jobs"": 1, ""random_state"": 42}"
extra_trees,outer_0,3,4,1682,420,199,50,0,0.7168428912159779,0.9484755568811224,0.8661209334412276,1.153924399999596,"{""bootstrap"": false, ""criterion"": ""squared_error"", ""max_depth"": null, ""max_features"": 1.0, ""min_samples_leaf"": 3, ""n_estimators"": 120, ""n_jobs"": 1, ""random_state"": 42}"
extra_trees,outer_1,0,0,1681,421,199,50,0,0.8204334131495394,1.0697380434671817,0.8055882788676072,1.0104592999996385,"{""bootstrap"": false, ""criterion"": ""squared_error"", ""max_depth"": 12, ""max_features"": 1.0, ""min_samples_leaf"": 1, ""n_estimators"": 120, ""n_jobs"": 1, ""random_state"": 42}"
extra_trees,outer_1,0,1,1681,421,199,50,0,0.7278685662380127,1.0322347596451407,0.828830265582815,0.9159899999995105,"{""bootstrap"": false, ""criterion"": ""squared_error"", ""max_depth"": 12, ""max_features"": 1.0, ""min_samples_leaf"": 1, ""n_estimators"": 120, ""n_jobs"": 1, ""random_state"": 42}"
extra_trees,outer_1,0,2,1682,420,200,49,0,0.778748012120104,1.0611296099527248,0.7914961428927955,1.1472241999999824,"{""bootstrap"": false, ""criterion"": ""squared_error"", ""max_depth"": 12, ""max_features"": 1.0, ""min_samples_leaf"": 1, ""n_estimators"": 120, ""n_jobs"": 1, ""random_state"": 42}"
extra_trees,outer_1,0,3,1682,420,199,50,0,0.6914136977510831,0.9276833328430383,0.8876031304057301,0.8993790000004083,"{""bootstrap"": false, ""criterion"": ""squared_error"", ""max_depth"": 12, ""max_features"": 1.0, ""min_samples_leaf"": 1, ""n_estimators"": 120, ""n_jobs"": 1, ""random_state"": 42}"
extra_trees,outer_1,0,4,1682,420,199,50,0,0.8130533797675569,1.0449217825632475,0.8576754391048078,1.2371508999985963,"{""bootstrap"": false, ""criterion"": ""squared_error"", ""max_depth"": 12, ""max_features"": 1.0, ""min_samples_leaf"": 1, ""n_estimators"": 120, ""n_jobs"": 1, ""random_state"": 42}"
extra_trees,outer_1,1,0,1681,421,199,50,0,0.7782896657131243,1.0028852902789243,0.8291283214240639,0.802435699999478,"{""bootstrap"": false, ""criterion"": ""squared_error"", ""max_depth"": 12, ""max_features"": 1.0, ""min_samples_leaf"": 3, ""n_estimators"": 120, ""n_jobs"": 1, ""random_state"": 42}"
extra_trees,outer_1,1,1,1681,421,199,50,0,0.7376617994516786,1.0406254396135737,0.826036196192931,0.899057200000243,"{""bootstrap"": false, ""criterion"": ""squared_error"", ""max_depth"": 12, ""max_features"": 1.0, ""min_samples_leaf"": 3, ""n_estimators"": 120, ""n_jobs"": 1, ""random_state"": 42}"
extra_trees,outer_1,1,2,1682,420,200,49,0,0.779840243369299,1.0398726553764193,0.7997661292267445,0.9053109999986191,"{""bootstrap"": false, ""criterion"": ""squared_error"", ""max_depth"": 12, ""max_features"": 1.0, ""min_samples_leaf"": 3, ""n_estimators"": 120, ""n_jobs"": 1, ""random_state"": 42}"
extra_trees,outer_1,1,3,1682,420,199,50,0,0.7017529746963408,0.9385634801647722,0.884951221737789,0.9726353000005474,"{""bootstrap"": false, ""criterion"": ""squared_error"", ""max_depth"": 12, ""max_features"": 1.0, ""min_samples_leaf"": 3, ""n_estimators"": 120, ""n_jobs"": 1, ""random_state"": 42}"
extra_trees,outer_1,1,4,1682,420,199,50,0,0.8196801361412943,1.0311505100823573,0.8614021768420859,0.9180718999996316,"{""bootstrap"": false, ""criterion"": ""squared_error"", ""max_depth"": 12, ""max_features"": 1.0, ""min_samples_leaf"": 3, ""n_estimators"": 120, ""n_jobs"": 1, ""random_state"": 42}"
extra_trees,outer_1,2,0,1681,421,199,50,0,0.8093812081679278,1.0953519122914477,0.7961668084392997,1.321053200001188,"{""bootstrap"": false, ""criterion"": ""squared_error"", ""max_depth"": null, ""max_features"": 1.0, ""min_samples_leaf"": 1, ""n_estimators"": 120, ""n_jobs"": 1, ""random_state"": 42}"
extra_trees,outer_1,2,1,1681,421,199,50,0,0.7316166195352589,1.052370639484066,0.822087089708693,1.2180545999999595,"{""bootstrap"": false, ""criterion"": ""squared_error"", ""max_depth"": null, ""max_features"": 1.0, ""min_samples_leaf"": 1, ""n_estimators"": 120, ""n_jobs"": 1, ""random_state"": 42}"
extra_trees,outer_1,2,2,1682,420,200,49,0,0.7853109054809568,1.1157264634440371,0.769488447981468,1.2746939000007842,"{""bootstrap"": false, ""criterion"": ""squared_error"", ""max_depth"": null, ""max_features"": 1.0, ""min_samples_leaf"": 1, ""n_estimators"": 120, ""n_jobs"": 1, ""random_state"": 42}"
extra_trees,outer_1,2,3,1682,420,199,50,0,0.7019731671584479,0.9425958651842437,0.8839605214597241,1.2580336999999417,"{""bootstrap"": false, ""criterion"": ""squared_error"", ""max_depth"": null, ""max_features"": 1.0, ""min_samples_leaf"": 1, ""n_estimators"": 120, ""n_jobs"": 1, ""random_state"": 42}"
extra_trees,outer_1,2,4,1682,420,199,50,0,0.7684252221336827,1.0322103077661915,0.8611171338076751,1.260860300000786,"{""bootstrap"": false, ""criterion"": ""squared_error"", ""max_depth"": null, ""max_features"": 1.0, ""min_samples_leaf"": 1, ""n_estimators"": 120, ""n_jobs"": 1, ""random_state"": 42}"
extra_trees,outer_1,3,0,1681,421,199,50,0,0.7591777353583384,1.0117884214280422,0.8260810225338133,1.108961800000543,"{""bootstrap"": false, ""criterion"": ""squared_error"", ""max_depth"": null, ""max_features"": 1.0, ""min_samples_leaf"": 3, ""n_estimators"": 120, ""n_jobs"": 1, ""random_state"": 42}"
extra_trees,outer_1,3,1,1681,421,199,50,0,0.720716054272021,1.020832452772555,0.8325909415115583,1.0154036000003543,"{""bootstrap"": false, ""criterion"": ""squared_error"", ""max_depth"": null, ""max_features"": 1.0, ""min_samples_leaf"": 3, ""n_estimators"": 120, ""n_jobs"": 1, ""random_state"": 42}"
extra_trees,outer_1,3,2,1682,420,200,49,0,0.7913478957995461,1.066379792134427,0.7894277973799982,1.1291583999991417,"{""bootstrap"": false, ""criterion"": ""squared_error"", ""max_depth"": null, ""max_features"": 1.0, ""min_samples_leaf"": 3, ""n_estimators"": 120, ""n_jobs"": 1, ""random_state"": 42}"
extra_trees,outer_1,3,3,1682,420,199,50,0,0.7251108744178073,0.9716727567140682,0.8766910043218289,1.2122611000013421,"{""bootstrap"": false, ""criterion"": ""squared_error"", ""max_depth"": null, ""max_features"": 1.0, ""min_samples_leaf"": 3, ""n_estimators"": 120, ""n_jobs"": 1, ""random_state"": 42}"
extra_trees,outer_1,3,4,1682,420,199,50,0,0.764178162236468,0.9810158617230433,0.8745518254376358,1.1097853999999643,"{""bootstrap"": false, ""criterion"": ""squared_error"", ""max_depth"": null, ""max_features"": 1.0, ""min_samples_leaf"": 3, ""n_estimators"": 120, ""n_jobs"": 1, ""random_state"": 42}"
extra_trees,outer_2,0,0,1681,421,198,50,0,0.820239387211748,1.071697030911106,0.795785857443611,0.9646035999994638,"{""bootstrap"": false, ""criterion"": ""squared_error"", ""max_depth"": 12, ""max_features"": 1.0, ""min_samples_leaf"": 1, ""n_estimators"": 120, ""n_jobs"": 1, ""random_state"": 42}"
extra_trees,outer_2,0,1,1681,421,198,50,0,0.8401971455359917,1.1513221688584194,0.7588939435437037,0.9896261000012601,"{""bootstrap"": false, ""criterion"": ""squared_error"", ""max_depth"": 12, ""max_features"": 1.0, ""min_samples_leaf"": 1, ""n_estimators"": 120, ""n_jobs"": 1, ""random_state"": 42}"
extra_trees,outer_2,0,2,1682,420,199,49,0,0.9109930413830738,1.247745075703783,0.7752827641862824,0.9960941999997885,"{""bootstrap"": false, ""criterion"": ""squared_error"", ""max_depth"": 12, ""max_features"": 1.0, ""min_samples_leaf"": 1, ""n_estimators"": 120, ""n_jobs"": 1, ""random_state"": 42}"
extra_trees,outer_2,0,3,1682,420,199,49,0,0.8725231575471155,1.2332001240313601,0.9116838720149407,1.038038400000005,"{""bootstrap"": false, ""criterion"": ""squared_error"", ""max_depth"": 12, ""max_features"": 1.0, ""min_samples_leaf"": 1, ""n_estimators"": 120, ""n_jobs"": 1, ""random_state"": 42}"
extra_trees,outer_2,0,4,1682,420,198,50,0,0.8735516674996493,1.1422645037719945,0.8475816190821577,1.04147870000088,"{""bootstrap"": false, ""criterion"": ""squared_error"", ""max_depth"": 12, ""max_features"": 1.0, ""min_samples_leaf"": 1, ""n_estimators"": 120, ""n_jobs"": 1, ""random_state"": 42}"
extra_trees,outer_2,1,0,1681,421,198,50,0,0.7879842413600754,1.0351997780870663,0.8094582714829602,1.0053566000005958,"{""bootstrap"": false, ""criterion"": ""squared_error"", ""max_depth"": 12, ""max_features"": 1.0, ""min_samples_leaf"": 3, ""n_estimators"": 120, ""n_jobs"": 1, ""random_state"": 42}"
extra_trees,outer_2,1,1,1681,421,198,50,0,0.8237044338967413,1.1244942249388767,0.7699994660565606,1.003307599999971,"{""bootstrap"": false, ""criterion"": ""squared_error"", ""max_depth"": 12, ""max_features"": 1.0, ""min_samples_leaf"": 3, ""n_estimators"": 120, ""n_jobs"": 1, ""random_state"": 42}"
extra_trees,outer_2,1,2,1682,420,199,49,0,0.930282570511758,1.251065352113102,0.7740852181867204,1.0155996000012237,"{""bootstrap"": false, ""criterion"": ""squared_error"", ""max_depth"": 12, ""max_features"": 1.0, ""min_samples_leaf"": 3, ""n_estimators"": 120, ""n_jobs"": 1, ""random_state"": 42}"
extra_trees,outer_2,1,3,1682,420,199,49,0,0.8260911950362511,1.171572199349986,0.9202903291246151,1.0023271999998542,"{""bootstrap"": false, ""criterion"": ""squared_error"", ""max_depth"": 12, ""max_features"": 1.0, ""min_samples_leaf"": 3, ""n_estimators"": 120, ""n_jobs"": 1, ""random_state"": 42}"
extra_trees,outer_2,1,4,1682,420,198,50,0,0.8420526293309433,1.0835045876802467,0.8628595751123797,0.8476117000009253,"{""bootstrap"": false, ""criterion"": ""squared_error"", ""max_depth"": 12, ""max_features"": 1.0, ""min_samples_leaf"": 3, ""n_estimators"": 120, ""n_jobs"": 1, ""random_state"": 42}"
extra_trees,outer_2,2,0,1681,421,198,50,0,0.8687118146243736,1.138097636559765,0.7696963594831798,1.2277329999997164,"{""bootstrap"": false, ""criterion"": ""squared_error"", ""max_depth"": null, ""max_features"": 1.0, ""min_samples_leaf"": 1, ""n_estimators"": 120, ""n_jobs"": 1, ""random_state"": 42}"
extra_trees,outer_2,2,1,1681,421,198,50,0,0.850355224384205,1.178593296814542,0.7473366099045649,1.2336646999992809,"{""bootstrap"": false, ""criterion"": ""squared_error"", ""max_depth"": null, ""max_features"": 1.0, ""min_samples_leaf"": 1, ""n_estimators"": 120, ""n_jobs"": 1, ""random_state"": 42}"
extra_trees,outer_2,2,2,1682,420,199,49,0,0.9382712121550633,1.2845954176992584,0.7618133633489399,1.237002300000313,"{""bootstrap"": false, ""criterion"": ""squared_error"", ""max_depth"": null, ""max_features"": 1.0, ""min_samples_leaf"": 1, ""n_estimators"": 120, ""n_jobs"": 1, ""random_state"": 42}"
extra_trees,outer_2,2,3,1682,420,199,49,0,0.8437468367138172,1.1957220887230706,0.9169703122080967,1.305229200001122,"{""bootstrap"": false, ""criterion"": ""squared_error"", ""max_depth"": null, ""max_features"": 1.0, ""min_samples_leaf"": 1, ""n_estimators"": 120, ""n_jobs"": 1, ""random_state"": 42}"
extra_trees,outer_2,2,4,1682,420,198,50,0,0.8352093628688256,1.0870045443371703,0.8619721570477104,1.2583053999987897,"{""bootstrap"": false, ""criterion"": ""squared_error"", ""max_depth"": null, ""max_features"": 1.0, ""min_samples_leaf"": 1, ""n_estimators"": 120, ""n_jobs"": 1, ""random_state"": 42}"
extra_trees,outer_2,3,0,1681,421,198,50,0,0.8142240430883072,1.0486529383070677,0.8044736395535728,0.9440290000002278,"{""bootstrap"": false, ""criterion"": ""squared_error"", ""max_depth"": null, ""max_features"": 1.0, ""min_samples_leaf"": 3, ""n_estimators"": 120, ""n_jobs"": 1, ""random_state"": 42}"
extra_trees,outer_2,3,1,1681,421,198,50,0,0.8320333623920145,1.1390084504746476,0.7640237594713738,0.919618799998716,"{""bootstrap"": false, ""criterion"": ""squared_error"", ""max_depth"": null, ""max_features"": 1.0, ""min_samples_leaf"": 3, ""n_estimators"": 120, ""n_jobs"": 1, ""random_state"": 42}"
extra_trees,outer_2,3,2,1682,420,199,49,0,0.9297052203017816,1.2498293899114838,0.7745313726661618,1.083501900000556,"{""bootstrap"": false, ""criterion"": ""squared_error"", ""max_depth"": null, ""max_features"": 1.0, ""min_samples_leaf"": 3, ""n_estimators"": 120, ""n_jobs"": 1, ""random_state"": 42}"
extra_trees,outer_2,3,3,1682,420,199,49,0,0.8148071516806051,1.160067358507244,0.9218481407143481,1.391967300000033,"{""bootstrap"": false, ""criterion"": ""squared_error"", ""max_depth"": null, ""max_features"": 1.0, ""min_samples_leaf"": 3, ""n_estimators"": 120, ""n_jobs"": 1, ""random_state"": 42}"
extra_trees,outer_2,3,4,1682,420,198,50,0,0.8494663603134263,1.109273345866578,0.8562588427503861,1.1400752999998076,"{""bootstrap"": false, ""criterion"": ""squared_error"", ""max_depth"": null, ""max_features"": 1.0, ""min_samples_leaf"": 3, ""n_estimators"": 120, ""n_jobs"": 1, ""random_state"": 42}"
extra_trees,outer_3,0,0,1682,421,199,50,0,0.7454505488896948,1.007504119970473,0.8166550325736993,1.0027348000003258,"{""bootstrap"": false, ""criterion"": ""squared_error"", ""max_depth"": 12, ""max_features"": 1.0, ""min_samples_leaf"": 1, ""n_estimators"": 120, ""n_jobs"": 1, ""random_state"": 42}"
extra_trees,outer_3,0,1,1682,421,199,50,0,0.7118072282937328,0.9522667861049535,0.8487986567395561,0.926217700000052,"{""bootstrap"": false, ""criterion"": ""squared_error"", ""max_depth"": 12, ""max_features"": 1.0, ""min_samples_leaf"": 1, ""n_estimators"": 120, ""n_jobs"": 1, ""random_state"": 42}"
extra_trees,outer_3,0,2,1682,421,199,50,0,0.8625353571530485,1.2807574809712172,0.7291830683566558,0.8770602999993571,"{""bootstrap"": false, ""criterion"": ""squared_error"", ""max_depth"": 12, ""max_features"": 1.0, ""min_samples_leaf"": 1, ""n_estimators"": 120, ""n_jobs"": 1, ""random_state"": 42}"
extra_trees,outer_3,0,3,1683,420,200,49,0,0.9796087166483152,1.359831110233413,0.8922193050694515,0.903154399999039,"{""bootstrap"": false, ""criterion"": ""squared_error"", ""max_depth"": 12, ""max_features"": 1.0, ""min_samples_leaf"": 1, ""n_estimators"": 120, ""n_jobs"": 1, ""random_state"": 42}"
extra_trees,outer_3,0,4,1683,420,199,50,0,0.9044501499951736,1.1725668809870222,0.8322962569041091,1.0076645000008284,"{""bootstrap"": false, ""criterion"": ""squared_error"", ""max_depth"": 12, ""max_features"": 1.0, ""min_samples_leaf"": 1, ""n_estimators"": 120, ""n_jobs"": 1, ""random_state"": 42}"
extra_trees,outer_3,1,0,1682,421,199,50,0,0.7346960153864857,0.9831591301952269,0.8254085525578492,0.9280209999997169,"{""bootstrap"": false, ""criterion"": ""squared_error"", ""max_depth"": 12, ""max_features"": 1.0, ""min_samples_leaf"": 3, ""n_estimators"": 120, ""n_jobs"": 1, ""random_state"": 42}"
extra_trees,outer_3,1,1,1682,421,199,50,0,0.7365028627811949,0.9672160345118824,0.8440140971977323,0.8972426000000269,"{""bootstrap"": false, ""criterion"": ""squared_error"", ""max_depth"": 12, ""max_features"": 1.0, ""min_samples_leaf"": 3, ""n_estimators"": 120, ""n_jobs"": 1, ""random_state"": 42}"
extra_trees,outer_3,1,2,1682,421,199,50,0,0.8363968610252824,1.2297300032563478,0.7503327664805575,0.9752402000012808,"{""bootstrap"": false, ""criterion"": ""squared_error"", ""max_depth"": 12, ""max_features"": 1.0, ""min_samples_leaf"": 3, ""n_estimators"": 120, ""n_jobs"": 1, ""random_state"": 42}"
extra_trees,outer_3,1,3,1683,420,200,49,0,1.0212885785829933,1.5299705481620993,0.8635614248157297,1.1280753999999433,"{""bootstrap"": false, ""criterion"": ""squared_error"", ""max_depth"": 12, ""max_features"": 1.0, ""min_samples_leaf"": 3, ""n_estimators"": 120, ""n_jobs"": 1, ""random_state"": 42}"
extra_trees,outer_3,1,4,1683,420,199,50,0,0.8761514447605859,1.1394310889289412,0.8416406761184625,0.9545719999987341,"{""bootstrap"": false, ""criterion"": ""squared_error"", ""max_depth"": 12, ""max_features"": 1.0, ""min_samples_leaf"": 3, ""n_estimators"": 120, ""n_jobs"": 1, ""random_state"": 42}"
extra_trees,outer_3,2,0,1682,421,199,50,0,0.760694016946166,1.0556100522680658,0.7987284613789636,1.2281387000002724,"{""bootstrap"": false, ""criterion"": ""squared_error"", ""max_depth"": null, ""max_features"": 1.0, ""min_samples_leaf"": 1, ""n_estimators"": 120, ""n_jobs"": 1, ""random_state"": 42}"
extra_trees,outer_3,2,1,1682,421,199,50,0,0.741465854845004,0.9806659382010033,0.8396457194282015,1.1515192999995634,"{""bootstrap"": false, ""criterion"": ""squared_error"", ""max_depth"": null, ""max_features"": 1.0, ""min_samples_leaf"": 1, ""n_estimators"": 120, ""n_jobs"": 1, ""random_state"": 42}"
extra_trees,outer_3,2,2,1682,421,199,50,0,0.8599996418977996,1.3108614202410245,0.7163024569425258,1.2627647000008437,"{""bootstrap"": false, ""criterion"": ""squared_error"", ""max_depth"": null, ""max_features"": 1.0, ""min_samples_leaf"": 1, ""n_estimators"": 120, ""n_jobs"": 1, ""random_state"": 42}"
extra_trees,outer_3,2,3,1683,420,200,49,0,0.9366287589507791,1.3054887001970652,0.900661575432638,1.6103954999998678,"{""bootstrap"": false, ""criterion"": ""squared_error"", ""max_depth"": null, ""max_features"": 1.0, ""min_samples_leaf"": 1, ""n_estimators"": 120, ""n_jobs"": 1, ""random_state"": 42}"
extra_trees,outer_3,2,4,1683,420,199,50,0,0.943225677942484,1.2153458591471724,0.8198363049295466,1.5643282000000909,"{""bootstrap"": false, ""criterion"": ""squared_error"", ""max_depth"": null, ""max_features"": 1.0, ""min_samples_leaf"": 1, ""n_estimators"": 120, ""n_jobs"": 1, ""random_state"": 42}"
extra_trees,outer_3,3,0,1682,421,199,50,0,0.727839676732516,0.9854080850152097,0.8246088908300259,1.1677364000006492,"{""bootstrap"": false, ""criterion"": ""squared_error"", ""max_depth"": null, ""max_features"": 1.0, ""min_samples_leaf"": 3, ""n_estimators"": 120, ""n_jobs"": 1, ""random_state"": 42}"
extra_trees,outer_3,3,1,1682,421,199,50,0,0.7444441067701603,0.9605840353903482,0.8461458891935638,1.2199385999992955,"{""bootstrap"": false, ""criterion"": ""squared_error"", ""max_depth"": null, ""max_features"": 1.0, ""min_samples_leaf"": 3, ""n_estimators"": 120, ""n_jobs"": 1, ""random_state"": 42}"
extra_trees,outer_3,3,2,1682,421,199,50,0,0.8196176517850048,1.2253730915003886,0.7520987657041012,1.2434766000005766,"{""bootstrap"": false, ""criterion"": ""squared_error"", ""max_depth"": null, ""max_features"": 1.0, ""min_samples_leaf"": 3, ""n_estimators"": 120, ""n_jobs"": 1, ""random_state"": 42}"
extra_trees,outer_3,3,3,1683,420,200,49,0,1.0488925169031593,1.571065400640058,0.8561335382892135,1.369955199999822,"{""bootstrap"": false, ""criterion"": ""squared_error"", ""max_depth"": null, ""max_features"": 1.0, ""min_samples_leaf"": 3, ""n_estimators"": 120, ""n_jobs"": 1, ""random_state"": 42}"
extra_trees,outer_3,3,4,1683,420,199,50,0,0.9248800615690916,1.1780705656413375,0.8307182579841377,1.3662936000000627,"{""bootstrap"": false, ""criterion"": ""squared_error"", ""max_depth"": null, ""max_features"": 1.0, ""min_samples_leaf"": 3, ""n_estimators"": 120, ""n_jobs"": 1, ""random_state"": 42}"
extra_trees,outer_4,0,0,1682,421,199,50,0,0.8002534421274802,1.1106236288108802,0.8027360684746562,0.9432362999996258,"{""bootstrap"": false, ""criterion"": ""squared_error"", ""max_depth"": 12, ""max_features"": 1.0, ""min_samples_leaf"": 1, ""n_estimators"": 120, ""n_jobs"": 1, ""random_state"": 42}"
extra_trees,outer_4,0,1,1682,421,199,50,0,1.0579832764850832,1.6539392464271885,0.7551205376672767,0.9800111999993533,"{""bootstrap"": false, ""criterion"": ""squared_error"", ""max_depth"": 12, ""max_features"": 1.0, ""min_samples_leaf"": 1, ""n_estimators"": 120, ""n_jobs"": 1, ""random_state"": 42}"
extra_trees,outer_4,0,2,1682,421,199,50,0,0.8891371818620352,1.2329134876933705,0.819336618406329,0.9770547000007355,"{""bootstrap"": false, ""criterion"": ""squared_error"", ""max_depth"": 12, ""max_features"": 1.0, ""min_samples_leaf"": 1, ""n_estimators"": 120, ""n_jobs"": 1, ""random_state"": 42}"
extra_trees,outer_4,0,3,1683,420,200,49,0,0.8823574844245291,1.1662497585931944,0.8612988990295349,1.0359017000009771,"{""bootstrap"": false, ""criterion"": ""squared_error"", ""max_depth"": 12, ""max_features"": 1.0, ""min_samples_leaf"": 1, ""n_estimators"": 120, ""n_jobs"": 1, ""random_state"": 42}"
extra_trees,outer_4,0,4,1683,420,199,50,0,0.9070592435949694,1.156065540063749,0.8250306377620944,1.100325099998372,"{""bootstrap"": false, ""criterion"": ""squared_error"", ""max_depth"": 12, ""max_features"": 1.0, ""min_samples_leaf"": 1, ""n_estimators"": 120, ""n_jobs"": 1, ""random_state"": 42}"
extra_trees,outer_4,1,0,1682,421,199,50,0,0.8071202073514802,1.107723468756479,0.8037649499140405,0.9213059000012436,"{""bootstrap"": false, ""criterion"": ""squared_error"", ""max_depth"": 12, ""max_features"": 1.0, ""min_samples_leaf"": 3, ""n_estimators"": 120, ""n_jobs"": 1, ""random_state"": 42}"
extra_trees,outer_4,1,1,1682,421,199,50,0,1.0140988696581312,1.5395005066303038,0.7878353965679872,0.9926211000001786,"{""bootstrap"": false, ""criterion"": ""squared_error"", ""max_depth"": 12, ""max_features"": 1.0, ""min_samples_leaf"": 3, ""n_estimators"": 120, ""n_jobs"": 1, ""random_state"": 42}"
extra_trees,outer_4,1,2,1682,421,199,50,0,0.8642669625402041,1.2112835837954463,0.8256200332970999,0.9453517000001739,"{""bootstrap"": false, ""criterion"": ""squared_error"", ""max_depth"": 12, ""max_features"": 1.0, ""min_samples_leaf"": 3, ""n_estimators"": 120, ""n_jobs"": 1, ""random_state"": 42}"
extra_trees,outer_4,1,3,1683,420,200,49,0,0.8585537680622448,1.1948230578924577,0.8544192458305865,0.8223920000000362,"{""bootstrap"": false, ""criterion"": ""squared_error"", ""max_depth"": 12, ""max_features"": 1.0, ""min_samples_leaf"": 3, ""n_estimators"": 120, ""n_jobs"": 1, ""random_state"": 42}"
extra_trees,outer_4,1,4,1683,420,199,50,0,0.9010829406332861,1.141825330010951,0.8293145729528915,0.9599328999993304,"{""bootstrap"": false, ""criterion"": ""squared_error"", ""max_depth"": 12, ""max_features"": 1.0, ""min_samples_leaf"": 3, ""n_estimators"": 120, ""n_jobs"": 1, ""random_state"": 42}"
extra_trees,outer_4,2,0,1682,421,199,50,0,0.792867202164863,1.1177898425649913,0.8001821948674369,1.3025065999991057,"{""bootstrap"": false, ""criterion"": ""squared_error"", ""max_depth"": null, ""max_features"": 1.0, ""min_samples_leaf"": 1, ""n_estimators"": 120, ""n_jobs"": 1, ""random_state"": 42}"
extra_trees,outer_4,2,1,1682,421,199,50,0,1.1135035013615475,1.69064558485273,0.7441305668862472,1.2649552000002586,"{""bootstrap"": false, ""criterion"": ""squared_error"", ""max_depth"": null, ""max_features"": 1.0, ""min_samples_leaf"": 1, ""n_estimators"": 120, ""n_jobs"": 1, ""random_state"": 42}"
extra_trees,outer_4,2,2,1682,421,199,50,0,0.9030086573813958,1.2792596436262715,0.8054987813469606,1.1825650999999198,"{""bootstrap"": false, ""criterion"": ""squared_error"", ""max_depth"": null, ""max_features"": 1.0, ""min_samples_leaf"": 1, ""n_estimators"": 120, ""n_jobs"": 1, ""random_state"": 42}"
extra_trees,outer_4,2,3,1683,420,200,49,0,0.9056153550142859,1.1860877481039773,0.856540136161517,1.1716651000006095,"{""bootstrap"": false, ""criterion"": ""squared_error"", ""max_depth"": null, ""max_features"": 1.0, ""min_samples_leaf"": 1, ""n_estimators"": 120, ""n_jobs"": 1, ""random_state"": 42}"
extra_trees,outer_4,2,4,1683,420,199,50,0,0.8430304184924442,1.0955351632558596,0.8428733902071377,1.1944645999992645,"{""bootstrap"": false, ""criterion"": ""squared_error"", ""max_depth"": null, ""max_features"": 1.0, ""min_samples_leaf"": 1, ""n_estimators"": 120, ""n_jobs"": 1, ""random_state"": 42}"
extra_trees,outer_4,3,0,1682,421,199,50,0,0.7992766741993347,1.1251396214497025,0.7975458406794058,1.0907654999991792,"{""bootstrap"": false, ""criterion"": ""squared_error"", ""max_depth"": null, ""max_features"": 1.0, ""min_samples_leaf"": 3, ""n_estimators"": 120, ""n_jobs"": 1, ""random_state"": 42}"
extra_trees,outer_4,3,1,1682,421,199,50,0,1.0651311208823264,1.6040100285205043,0.7696822463728572,1.0542172999994364,"{""bootstrap"": false, ""criterion"": ""squared_error"", ""max_depth"": null, ""max_features"": 1.0, ""min_samples_leaf"": 3, ""n_estimators"": 120, ""n_jobs"": 1, ""random_state"": 42}"
extra_trees,outer_4,3,2,1682,421,199,50,0,0.871162112696066,1.238522773130977,0.8176889800927548,0.9799266999998508,"{""bootstrap"": false, ""criterion"": ""squared_error"", ""max_depth"": null, ""max_features"": 1.0, ""min_samples_leaf"": 3, ""n_estimators"": 120, ""n_jobs"": 1, ""random_state"": 42}"
extra_trees,outer_4,3,3,1683,420,200,49,0,0.8706382647449641,1.2013790532339113,0.8528172593103489,1.0190562999996473,"{""bootstrap"": false, ""criterion"": ""squared_error"", ""max_depth"": null, ""max_features"": 1.0, ""min_samples_leaf"": 3, ""n_estimators"": 120, ""n_jobs"": 1, ""random_state"": 42}"
extra_trees,outer_4,3,4,1683,420,199,50,0,0.9084299339599627,1.1810448839956498,0.8173877521965761,1.0995630999987043,"{""bootstrap"": false, ""criterion"": ""squared_error"", ""max_depth"": null, ""max_features"": 1.0, ""min_samples_leaf"": 3, ""n_estimators"": 120, ""n_jobs"": 1, ""random_state"": 42}"
extra_trees,full_train_selection,0,0,2102,526,249,62,0,0.8751228206309766,1.2012617142839868,0.7891914599626828,1.1370929000004253,"{""bootstrap"": false, ""criterion"": ""squared_error"", ""max_depth"": 12, ""max_features"": 1.0, ""min_samples_leaf"": 1, ""n_estimators"": 120, ""n_jobs"": 1, ""random_state"": 42}"
extra_trees,full_train_selection,0,1,2102,526,249,62,0,0.8271770159967792,1.236472099784996,0.8991298847360092,1.1054182999996556,"{""bootstrap"": false, ""criterion"": ""squared_error"", ""max_depth"": 12, ""max_features"": 1.0, ""min_samples_leaf"": 1, ""n_estimators"": 120, ""n_jobs"": 1, ""random_state"": 42}"
extra_trees,full_train_selection,0,2,2102,526,248,63,0,0.6706595890746886,0.9005849316988007,0.84464302454664,1.1118127000008826,"{""bootstrap"": false, ""criterion"": ""squared_error"", ""max_depth"": 12, ""max_features"": 1.0, ""min_samples_leaf"": 1, ""n_estimators"": 120, ""n_jobs"": 1, ""random_state"": 42}"
extra_trees,full_train_selection,0,3,2103,525,249,62,0,0.8174448193633995,1.1122916637500835,0.8158638148133536,1.087019100001271,"{""bootstrap"": false, ""criterion"": ""squared_error"", ""max_depth"": 12, ""max_features"": 1.0, ""min_samples_leaf"": 1, ""n_estimators"": 120, ""n_jobs"": 1, ""random_state"": 42}"
extra_trees,full_train_selection,0,4,2103,525,249,62,0,0.8058712459054681,0.9973836822254791,0.8455725417803126,1.1718383000006725,"{""bootstrap"": false, ""criterion"": ""squared_error"", ""max_depth"": 12, ""max_features"": 1.0, ""min_samples_leaf"": 1, ""n_estimators"": 120, ""n_jobs"": 1, ""random_state"": 42}"
extra_trees,full_train_selection,1,0,2102,526,249,62,0,0.8482988288701762,1.1421356024774065,0.8094327495176962,1.4088085999992472,"{""bootstrap"": false, ""criterion"": ""squared_error"", ""max_depth"": 12, ""max_features"": 1.0, ""min_samples_leaf"": 3, ""n_estimators"": 120, ""n_jobs"": 1, ""random_state"": 42}"
extra_trees,full_train_selection,1,1,2102,526,249,62,0,0.836607641393752,1.2371783774276037,0.8990146170252841,1.4115072000004147,"{""bootstrap"": false, ""criterion"": ""squared_error"", ""max_depth"": 12, ""max_features"": 1.0, ""min_samples_leaf"": 3, ""n_estimators"": 120, ""n_jobs"": 1, ""random_state"": 42}"
extra_trees,full_train_selection,1,2,2102,526,248,63,0,0.6623731029892433,0.8987105523654237,0.8452890377321931,1.4690676999998686,"{""bootstrap"": false, ""criterion"": ""squared_error"", ""max_depth"": 12, ""max_features"": 1.0, ""min_samples_leaf"": 3, ""n_estimators"": 120, ""n_jobs"": 1, ""random_state"": 42}"
extra_trees,full_train_selection,1,3,2103,525,249,62,0,0.7558035493926396,1.033160794072977,0.8411315671117117,1.461043299999801,"{""bootstrap"": false, ""criterion"": ""squared_error"", ""max_depth"": 12, ""max_features"": 1.0, ""min_samples_leaf"": 3, ""n_estimators"": 120, ""n_jobs"": 1, ""random_state"": 42}"
extra_trees,full_train_selection,1,4,2103,525,249,62,0,0.8160969060338599,1.010607923474968,0.8414503075771936,1.6446964999995544,"{""bootstrap"": false, ""criterion"": ""squared_error"", ""max_depth"": 12, ""max_features"": 1.0, ""min_samples_leaf"": 3, ""n_estimators"": 120, ""n_jobs"": 1, ""random_state"": 42}"
extra_trees,full_train_selection,2,0,2102,526,249,62,0,0.8735247186630997,1.2205776029142614,0.7823574918643236,1.9232589000002918,"{""bootstrap"": false, ""criterion"": ""squared_error"", ""max_depth"": null, ""max_features"": 1.0, ""min_samples_leaf"": 1, ""n_estimators"": 120, ""n_jobs"": 1, ""random_state"": 42}"
extra_trees,full_train_selection,2,1,2102,526,249,62,0,0.8330405650657312,1.2465672220031163,0.8974760616388064,1.7220725000006496,"{""bootstrap"": false, ""criterion"": ""squared_error"", ""max_depth"": null, ""max_features"": 1.0, ""min_samples_leaf"": 1, ""n_estimators"": 120, ""n_jobs"": 1, ""random_state"": 42}"
extra_trees,full_train_selection,2,2,2102,526,248,63,0,0.6476658080462191,0.8820966138060232,0.8509562685337402,1.552077600001212,"{""bootstrap"": false, ""criterion"": ""squared_error"", ""max_depth"": null, ""max_features"": 1.0, ""min_samples_leaf"": 1, ""n_estimators"": 120, ""n_jobs"": 1, ""random_state"": 42}"
extra_trees,full_train_selection,2,3,2103,525,249,62,0,0.8583440381021938,1.190478729595728,0.7890667436608905,1.7278020000012475,"{""bootstrap"": false, ""criterion"": ""squared_error"", ""max_depth"": null, ""max_features"": 1.0, ""min_samples_leaf"": 1, ""n_estimators"": 120, ""n_jobs"": 1, ""random_state"": 42}"
extra_trees,full_train_selection,2,4,2103,525,249,62,0,0.7307034782986188,0.9604549311029663,0.8567963830535629,1.7186418999990565,"{""bootstrap"": false, ""criterion"": ""squared_error"", ""max_depth"": null, ""max_features"": 1.0, ""min_samples_leaf"": 1, ""n_estimators"": 120, ""n_jobs"": 1, ""random_state"": 42}"
extra_trees,full_train_selection,3,0,2102,526,249,62,0,0.8329643931470118,1.1276427914464147,0.8142383649785024,1.356261099999756,"{""bootstrap"": false, ""criterion"": ""squared_error"", ""max_depth"": null, ""max_features"": 1.0, ""min_samples_leaf"": 3, ""n_estimators"": 120, ""n_jobs"": 1, ""random_state"": 42}"
extra_trees,full_train_selection,3,1,2102,526,249,62,0,0.8259462786099291,1.2411113262811881,0.8983715381465907,1.3727725999997347,"{""bootstrap"": false, ""criterion"": ""squared_error"", ""max_depth"": null, ""max_features"": 1.0, ""min_samples_leaf"": 3, ""n_estimators"": 120, ""n_jobs"": 1, ""random_state"": 42}"
extra_trees,full_train_selection,3,2,2102,526,248,63,0,0.6398992729243516,0.8699364676538786,0.8550372300757136,1.7985944000010932,"{""bootstrap"": false, ""criterion"": ""squared_error"", ""max_depth"": null, ""max_features"": 1.0, ""min_samples_leaf"": 3, ""n_estimators"": 120, ""n_jobs"": 1, ""random_state"": 42}"
extra_trees,full_train_selection,3,3,2103,525,249,62,0,0.8096871583566604,1.1141114788838697,0.8152607932316682,1.5953148000007786,"{""bootstrap"": false, ""criterion"": ""squared_error"", ""max_depth"": null, ""max_features"": 1.0, ""min_samples_leaf"": 3, ""n_estimators"": 120, ""n_jobs"": 1, ""random_state"": 42}"
extra_trees,full_train_selection,3,4,2103,525,249,62,0,0.8061575734920225,1.0201865505240275,0.8384305697239791,1.327739799999108,"{""bootstrap"": false, ""criterion"": ""squared_error"", ""max_depth"": null, ""max_features"": 1.0, ""min_samples_leaf"": 3, ""n_estimators"": 120, ""n_jobs"": 1, ""random_state"": 42}"
mlp,outer_0,0,0,1681,421,199,50,0,1.0586134355875978,1.4349847528584103,0.8854815751781586,1.4429361000002245,"{""activation"": ""relu"", ""alpha"": 0.001, ""batch_size"": 128, ""early_stopping"": false, ""hidden_layer_sizes"": [64], ""learning_rate_init"": 0.005, ""max_iter"": 300, ""n_iter_no_change"": 25, ""random_state"": 42, ""solver"": ""adam"", ""tol"": 0.0001}"
mlp,outer_0,0,1,1681,421,199,50,0,0.8444054340635326,1.2168268252900913,0.7526229490233707,1.2774000000008527,"{""activation"": ""relu"", ""alpha"": 0.001, ""batch_size"": 128, ""early_stopping"": false, ""hidden_layer_sizes"": [64], ""learning_rate_init"": 0.005, ""max_iter"": 300, ""n_iter_no_change"": 25, ""random_state"": 42, ""solver"": ""adam"", ""tol"": 0.0001}"
mlp,outer_0,0,2,1682,420,200,49,0,0.8771783357411469,1.1049338654919696,0.7093776641105674,1.0763559000006353,"{""activation"": ""relu"", ""alpha"": 0.001, ""batch_size"": 128, ""early_stopping"": false, ""hidden_layer_sizes"": [64], ""learning_rate_init"": 0.005, ""max_iter"": 300, ""n_iter_no_change"": 25, ""random_state"": 42, ""solver"": ""adam"", ""tol"": 0.0001}"
mlp,outer_0,0,3,1682,420,199,50,0,0.9305728101931428,1.2789861835268226,0.7798981795454872,1.5324593000004825,"{""activation"": ""relu"", ""alpha"": 0.001, ""batch_size"": 128, ""early_stopping"": false, ""hidden_layer_sizes"": [64], ""learning_rate_init"": 0.005, ""max_iter"": 300, ""n_iter_no_change"": 25, ""random_state"": 42, ""solver"": ""adam"", ""tol"": 0.0001}"
mlp,outer_0,0,4,1682,420,199,50,0,0.7833592833131228,1.0327142931588529,0.8412839797972683,1.4337195999996766,"{""activation"": ""relu"", ""alpha"": 0.001, ""batch_size"": 128, ""early_stopping"": false, ""hidden_layer_sizes"": [64], ""learning_rate_init"": 0.005, ""max_iter"": 300, ""n_iter_no_change"": 25, ""random_state"": 42, ""solver"": ""adam"", ""tol"": 0.0001}"
mlp,outer_0,1,0,1681,421,199,50,0,1.004919890434906,1.4480669059181224,0.8833840245949862,2.348447299998952,"{""activation"": ""relu"", ""alpha"": 0.01, ""batch_size"": 128, ""early_stopping"": false, ""hidden_layer_sizes"": [64, 32], ""learning_rate_init"": 0.005, ""max_iter"": 300, ""n_iter_no_change"": 25, ""random_state"": 42, ""solver"": ""adam"", ""tol"": 0.0001}"
mlp,outer_0,1,1,1681,421,199,50,0,0.7636899048539328,1.1213691447541994,0.7899130571378692,1.6131253000003198,"{""activation"": ""relu"", ""alpha"": 0.01, ""batch_size"": 128, ""early_stopping"": false, ""hidden_layer_sizes"": [64, 32], ""learning_rate_init"": 0.005, ""max_iter"": 300, ""n_iter_no_change"": 25, ""random_state"": 42, ""solver"": ""adam"", ""tol"": 0.0001}"
mlp,outer_0,1,2,1682,420,200,49,0,0.8362972530812388,1.1012765775113198,0.7112983772818898,2.032045600000856,"{""activation"": ""relu"", ""alpha"": 0.01, ""batch_size"": 128, ""early_stopping"": false, ""hidden_layer_sizes"": [64, 32], ""learning_rate_init"": 0.005, ""max_iter"": 300, ""n_iter_no_change"": 25, ""random_state"": 42, ""solver"": ""adam"", ""tol"": 0.0001}"
mlp,outer_0,1,3,1682,420,199,50,0,0.8221050459784914,1.1578682948736665,0.8196109161578533,1.4877011999997194,"{""activation"": ""relu"", ""alpha"": 0.01, ""batch_size"": 128, ""early_stopping"": false, ""hidden_layer_sizes"": [64, 32], ""learning_rate_init"": 0.005, ""max_iter"": 300, ""n_iter_no_change"": 25, ""random_state"": 42, ""solver"": ""adam"", ""tol"": 0.0001}"
mlp,outer_0,1,4,1682,420,199,50,0,0.7123147208431582,0.9198085898691151,0.8740914242371494,2.3923798999985593,"{""activation"": ""relu"", ""alpha"": 0.01, ""batch_size"": 128, ""early_stopping"": false, ""hidden_layer_sizes"": [64, 32], ""learning_rate_init"": 0.005, ""max_iter"": 300, ""n_iter_no_change"": 25, ""random_state"": 42, ""solver"": ""adam"", ""tol"": 0.0001}"
mlp,outer_1,0,0,1681,421,199,50,0,0.8999151317438083,1.201639383870671,0.7546896506788445,1.8752688999993552,"{""activation"": ""relu"", ""alpha"": 0.001, ""batch_size"": 128, ""early_stopping"": false, ""hidden_layer_sizes"": [64], ""learning_rate_init"": 0.005, ""max_iter"": 300, ""n_iter_no_change"": 25, ""random_state"": 42, ""solver"": ""adam"", ""tol"": 0.0001}"
mlp,outer_1,0,1,1681,421,199,50,0,0.7895250600662183,1.1017821656097218,0.8049879290682085,2.623826500001087,"{""activation"": ""relu"", ""alpha"": 0.001, ""batch_size"": 128, ""early_stopping"": false, ""hidden_layer_sizes"": [64], ""learning_rate_init"": 0.005, ""max_iter"": 300, ""n_iter_no_change"": 25, ""random_state"": 42, ""solver"": ""adam"", ""tol"": 0.0001}"
mlp,outer_1,0,2,1682,420,200,49,0,1.0640198458897372,1.3848801590748916,0.6448583458178576,3.3334902999995393,"{""activation"": ""relu"", ""alpha"": 0.001, ""batch_size"": 128, ""early_stopping"": false, ""hidden_layer_sizes"": [64], ""learning_rate_init"": 0.005, ""max_iter"": 300, ""n_iter_no_change"": 25, ""random_state"": 42, ""solver"": ""adam"", ""tol"": 0.0001}"
mlp,outer_1,0,3,1682,420,199,50,0,0.9826266796159718,1.3339481913377134,0.7676018680206965,1.846437700000024,"{""activation"": ""relu"", ""alpha"": 0.001, ""batch_size"": 128, ""early_stopping"": false, ""hidden_layer_sizes"": [64], ""learning_rate_init"": 0.005, ""max_iter"": 300, ""n_iter_no_change"": 25, ""random_state"": 42, ""solver"": ""adam"", ""tol"": 0.0001}"
mlp,outer_1,0,4,1682,420,199,50,0,0.9116531128375224,1.169537524252415,0.8217044070847895,1.5163198000009288,"{""activation"": ""relu"", ""alpha"": 0.001, ""batch_size"": 128, ""early_stopping"": false, ""hidden_layer_sizes"": [64], ""learning_rate_init"": 0.005, ""max_iter"": 300, ""n_iter_no_change"": 25, ""random_state"": 42, ""solver"": ""adam"", ""tol"": 0.0001}"
mlp,outer_1,1,0,1681,421,199,50,0,0.8021321861747761,1.0507664081208867,0.812422853967766,2.2046625000002678,"{""activation"": ""relu"", ""alpha"": 0.01, ""batch_size"": 128, ""early_stopping"": false, ""hidden_layer_sizes"": [64, 32], ""learning_rate_init"": 0.005, ""max_iter"": 300, ""n_iter_no_change"": 25, ""random_state"": 42, ""solver"": ""adam"", ""tol"": 0.0001}"
mlp,outer_1,1,1,1681,421,199,50,0,0.760642771619097,1.121373769348839,0.7979909603590354,2.3310854000010295,"{""activation"": ""relu"", ""alpha"": 0.01, ""batch_size"": 128, ""early_stopping"": false, ""hidden_layer_sizes"": [64, 32], ""learning_rate_init"": 0.005, ""max_iter"": 300, ""n_iter_no_change"": 25, ""random_state"": 42, ""solver"": ""adam"", ""tol"": 0.0001}"
mlp,outer_1,1,2,1682,420,200,49,0,0.9524000320423932,1.279889907790929,0.6966650474711702,1.909438399999999,"{""activation"": ""relu"", ""alpha"": 0.01, ""batch_size"": 128, ""early_stopping"": false, ""hidden_layer_sizes"": [64, 32], ""learning_rate_init"": 0.005, ""max_iter"": 300, ""n_iter_no_change"": 25, ""random_state"": 42, ""solver"": ""adam"", ""tol"": 0.0001}"
mlp,outer_1,1,3,1682,420,199,50,0,0.8461898451626436,1.1752005968336359,0.8196240155027327,2.2039194999997562,"{""activation"": ""relu"", ""alpha"": 0.01, ""batch_size"": 128, ""early_stopping"": false, ""hidden_layer_sizes"": [64, 32], ""learning_rate_init"": 0.005, ""max_iter"": 300, ""n_iter_no_change"": 25, ""random_state"": 42, ""solver"": ""adam"", ""tol"": 0.0001}"
mlp,outer_1,1,4,1682,420,199,50,0,0.8467511433722715,1.1497010045382638,0.8277012570413635,1.2482963999991625,"{""activation"": ""relu"", ""alpha"": 0.01, ""batch_size"": 128, ""early_stopping"": false, ""hidden_layer_sizes"": [64, 32], ""learning_rate_init"": 0.005, ""max_iter"": 300, ""n_iter_no_change"": 25, ""random_state"": 42, ""solver"": ""adam"", ""tol"": 0.0001}"
mlp,outer_2,0,0,1681,421,198,50,0,0.9387800945030751,1.1955187884610814,0.7458707985860011,1.8423194999995758,"{""activation"": ""relu"", ""alpha"": 0.001, ""batch_size"": 128, ""early_stopping"": false, ""hidden_layer_sizes"": [64], ""learning_rate_init"": 0.005, ""max_iter"": 300, ""n_iter_no_change"": 25, ""random_state"": 42, ""solver"": ""adam"", ""tol"": 0.0001}"
mlp,outer_2,0,1,1681,421,198,50,0,0.7823408986254234,1.0667853591449719,0.7930008896899747,1.361231000000771,"{""activation"": ""relu"", ""alpha"": 0.001, ""batch_size"": 128, ""early_stopping"": false, ""hidden_layer_sizes"": [64], ""learning_rate_init"": 0.005, ""max_iter"": 300, ""n_iter_no_change"": 25, ""random_state"": 42, ""solver"": ""adam"", ""tol"": 0.0001}"
mlp,outer_2,0,2,1682,420,199,49,0,1.0649863717149133,1.4700826763753208,0.688062078087015,1.0726935000002413,"{""activation"": ""relu"", ""alpha"": 0.001, ""batch_size"": 128, ""early_stopping"": false, ""hidden_layer_sizes"": [64], ""learning_rate_init"": 0.005, ""max_iter"": 300, ""n_iter_no_change"": 25, ""random_state"": 42, ""solver"": ""adam"", ""tol"": 0.0001}"
mlp,outer_2,0,3,1682,420,199,49,0,1.0020367579050862,1.4199242168575334,0.8829144681508125,1.527504300000146,"{""activation"": ""relu"", ""alpha"": 0.001, ""batch_size"": 128, ""early_stopping"": false, ""hidden_layer_sizes"": [64], ""learning_rate_init"": 0.005, ""max_iter"": 300, ""n_iter_no_change"": 25, ""random_state"": 42, ""solver"": ""adam"", ""tol"": 0.0001}"
mlp,outer_2,0,4,1682,420,198,50,0,0.9219516185451073,1.3031004503422965,0.8016374094558352,1.671358200001123,"{""activation"": ""relu"", ""alpha"": 0.001, ""batch_size"": 128, ""early_stopping"": false, ""hidden_layer_sizes"": [64], ""learning_rate_init"": 0.005, ""max_iter"": 300, ""n_iter_no_change"": 25, ""random_state"": 42, ""solver"": ""adam"", ""tol"": 0.0001}"
mlp,outer_2,1,0,1681,421,198,50,0,0.8917384553422223,1.169119095866598,0.7569703460651594,1.6619623999995383,"{""activation"": ""relu"", ""alpha"": 0.01, ""batch_size"": 128, ""early_stopping"": false, ""hidden_layer_sizes"": [64, 32], ""learning_rate_init"": 0.005, ""max_iter"": 300, ""n_iter_no_change"": 25, ""random_state"": 42, ""solver"": ""adam"", ""tol"": 0.0001}"
mlp,outer_2,1,1,1681,421,198,50,0,0.8270655334821999,1.0941700032546227,0.7822370484711973,1.5912067999997817,"{""activation"": ""relu"", ""alpha"": 0.01, ""batch_size"": 128, ""early_stopping"": false, ""hidden_layer_sizes"": [64, 32], ""learning_rate_init"": 0.005, ""max_iter"": 300, ""n_iter_no_change"": 25, ""random_state"": 42, ""solver"": ""adam"", ""tol"": 0.0001}"
mlp,outer_2,1,2,1682,420,199,49,0,1.044064622512993,1.4233329424121315,0.707586339785728,1.9914728000003379,"{""activation"": ""relu"", ""alpha"": 0.01, ""batch_size"": 128, ""early_stopping"": false, ""hidden_layer_sizes"": [64, 32], ""learning_rate_init"": 0.005, ""max_iter"": 300, ""n_iter_no_change"": 25, ""random_state"": 42, ""solver"": ""adam"", ""tol"": 0.0001}"
mlp,outer_2,1,3,1682,420,199,49,0,0.9032182651702684,1.2960108416685614,0.9024583337993183,1.219716100000369,"{""activation"": ""relu"", ""alpha"": 0.01, ""batch_size"": 128, ""early_stopping"": false, ""hidden_layer_sizes"": [64, 32], ""learning_rate_init"": 0.005, ""max_iter"": 300, ""n_iter_no_change"": 25, ""random_state"": 42, ""solver"": ""adam"", ""tol"": 0.0001}"
mlp,outer_2,1,4,1682,420,198,50,0,0.8506922928976326,1.2437643368768294,0.819290834058539,0.9267755999990186,"{""activation"": ""relu"", ""alpha"": 0.01, ""batch_size"": 128, ""early_stopping"": false, ""hidden_layer_sizes"": [64, 32], ""learning_rate_init"": 0.005, ""max_iter"": 300, ""n_iter_no_change"": 25, ""random_state"": 42, ""solver"": ""adam"", ""tol"": 0.0001}"
mlp,outer_3,0,0,1682,421,199,50,0,0.891495319360314,1.2608170407482937,0.7128694042620554,1.055255400000533,"{""activation"": ""relu"", ""alpha"": 0.001, ""batch_size"": 128, ""early_stopping"": false, ""hidden_layer_sizes"": [64], ""learning_rate_init"": 0.005, ""max_iter"": 300, ""n_iter_no_change"": 25, ""random_state"": 42, ""solver"": ""adam"", ""tol"": 0.0001}"
mlp,outer_3,0,1,1682,421,199,50,0,0.8849565810749133,1.2014372593789944,0.7593196866951698,1.2351512999994156,"{""activation"": ""relu"", ""alpha"": 0.001, ""batch_size"": 128, ""early_stopping"": false, ""hidden_layer_sizes"": [64], ""learning_rate_init"": 0.005, ""max_iter"": 300, ""n_iter_no_change"": 25, ""random_state"": 42, ""solver"": ""adam"", ""tol"": 0.0001}"
mlp,outer_3,0,2,1682,421,199,50,0,0.9238673988979886,1.3186906765560902,0.7129035106566144,0.9554226000000199,"{""activation"": ""relu"", ""alpha"": 0.001, ""batch_size"": 128, ""early_stopping"": false, ""hidden_layer_sizes"": [64], ""learning_rate_init"": 0.005, ""max_iter"": 300, ""n_iter_no_change"": 25, ""random_state"": 42, ""solver"": ""adam"", ""tol"": 0.0001}"
mlp,outer_3,0,3,1683,420,200,49,0,0.9374863594214713,1.2384139263203822,0.9106071696264836,2.231560599999284,"{""activation"": ""relu"", ""alpha"": 0.001, ""batch_size"": 128, ""early_stopping"": false, ""hidden_layer_sizes"": [64], ""learning_rate_init"": 0.005, ""max_iter"": 300, ""n_iter_no_change"": 25, ""random_state"": 42, ""solver"": ""adam"", ""tol"": 0.0001}"
mlp,outer_3,0,4,1683,420,199,50,0,1.0591530923583188,1.361122563821775,0.7740241772988374,1.2059556000003795,"{""activation"": ""relu"", ""alpha"": 0.001, ""batch_size"": 128, ""early_stopping"": false, ""hidden_layer_sizes"": [64], ""learning_rate_init"": 0.005, ""max_iter"": 300, ""n_iter_no_change"": 25, ""random_state"": 42, ""solver"": ""adam"", ""tol"": 0.0001}"
mlp,outer_3,1,0,1682,421,199,50,0,0.8006137241876807,1.1434321464279442,0.7638455532360229,1.5270891999989544,"{""activation"": ""relu"", ""alpha"": 0.01, ""batch_size"": 128, ""early_stopping"": false, ""hidden_layer_sizes"": [64, 32], ""learning_rate_init"": 0.005, ""max_iter"": 300, ""n_iter_no_change"": 25, ""random_state"": 42, ""solver"": ""adam"", ""tol"": 0.0001}"
mlp,outer_3,1,1,1682,421,199,50,0,0.7587779265772778,1.0219178879782573,0.8258712918445472,1.1791181999997207,"{""activation"": ""relu"", ""alpha"": 0.01, ""batch_size"": 128, ""early_stopping"": false, ""hidden_layer_sizes"": [64, 32], ""learning_rate_init"": 0.005, ""max_iter"": 300, ""n_iter_no_change"": 25, ""random_state"": 42, ""solver"": ""adam"", ""tol"": 0.0001}"
mlp,outer_3,1,2,1682,421,199,50,0,0.9113836092848805,1.3335056558771414,0.706416438473911,1.7470539000005374,"{""activation"": ""relu"", ""alpha"": 0.01, ""batch_size"": 128, ""early_stopping"": false, ""hidden_layer_sizes"": [64, 32], ""learning_rate_init"": 0.005, ""max_iter"": 300, ""n_iter_no_change"": 25, ""random_state"": 42, ""solver"": ""adam"", ""tol"": 0.0001}"
mlp,outer_3,1,3,1683,420,200,49,0,0.9513283573230751,1.2906250177100125,0.9029107396493731,1.8311919000007038,"{""activation"": ""relu"", ""alpha"": 0.01, ""batch_size"": 128, ""early_stopping"": false, ""hidden_layer_sizes"": [64, 32], ""learning_rate_init"": 0.005, ""max_iter"": 300, ""n_iter_no_change"": 25, ""random_state"": 42, ""solver"": ""adam"", ""tol"": 0.0001}"
mlp,outer_3,1,4,1683,420,199,50,0,0.9520932743051611,1.1896072727449813,0.8273865112158528,1.7051350000001548,"{""activation"": ""relu"", ""alpha"": 0.01, ""batch_size"": 128, ""early_stopping"": false, ""hidden_layer_sizes"": [64, 32], ""learning_rate_init"": 0.005, ""max_iter"": 300, ""n_iter_no_change"": 25, ""random_state"": 42, ""solver"": ""adam"", ""tol"": 0.0001}"
mlp,outer_4,0,0,1682,421,199,50,0,0.8746739873256064,1.2391722675092676,0.7544289102959822,2.1433025999995152,"{""activation"": ""relu"", ""alpha"": 0.001, ""batch_size"": 128, ""early_stopping"": false, ""hidden_layer_sizes"": [64], ""learning_rate_init"": 0.005, ""max_iter"": 300, ""n_iter_no_change"": 25, ""random_state"": 42, ""solver"": ""adam"", ""tol"": 0.0001}"
mlp,outer_4,0,1,1682,421,199,50,0,1.1089559837246599,1.4954789223826743,0.7997954928886205,1.3953208000002633,"{""activation"": ""relu"", ""alpha"": 0.001, ""batch_size"": 128, ""early_stopping"": false, ""hidden_layer_sizes"": [64], ""learning_rate_init"": 0.005, ""max_iter"": 300, ""n_iter_no_change"": 25, ""random_state"": 42, ""solver"": ""adam"", ""tol"": 0.0001}"
mlp,outer_4,0,2,1682,421,199,50,0,0.9815452339867762,1.4122618295708433,0.762952505110832,1.3177029999988008,"{""activation"": ""relu"", ""alpha"": 0.001, ""batch_size"": 128, ""early_stopping"": false, ""hidden_layer_sizes"": [64], ""learning_rate_init"": 0.005, ""max_iter"": 300, ""n_iter_no_change"": 25, ""random_state"": 42, ""solver"": ""adam"", ""tol"": 0.0001}"
mlp,outer_4,0,3,1683,420,200,49,0,1.2076676387498544,1.6324008385369255,0.7282619884852622,1.8299629000011919,"{""activation"": ""relu"", ""alpha"": 0.001, ""batch_size"": 128, ""early_stopping"": false, ""hidden_layer_sizes"": [64], ""learning_rate_init"": 0.005, ""max_iter"": 300, ""n_iter_no_change"": 25, ""random_state"": 42, ""solver"": ""adam"", ""tol"": 0.0001}"
mlp,outer_4,0,4,1683,420,199,50,0,1.0381341903532877,1.40986278106438,0.7397739386989617,2.194073600001502,"{""activation"": ""relu"", ""alpha"": 0.001, ""batch_size"": 128, ""early_stopping"": false, ""hidden_layer_sizes"": [64], ""learning_rate_init"": 0.005, ""max_iter"": 300, ""n_iter_no_change"": 25, ""random_state"": 42, ""solver"": ""adam"", ""tol"": 0.0001}"
mlp,outer_4,1,0,1682,421,199,50,0,0.8015567527767564,1.1281410322677874,0.7964642707653252,2.300908499999423,"{""activation"": ""relu"", ""alpha"": 0.01, ""batch_size"": 128, ""early_stopping"": false, ""hidden_layer_sizes"": [64, 32], ""learning_rate_init"": 0.005, ""max_iter"": 300, ""n_iter_no_change"": 25, ""random_state"": 42, ""solver"": ""adam"", ""tol"": 0.0001}"
mlp,outer_4,1,1,1682,421,199,50,0,0.9917493963582598,1.3872641459112558,0.8277213017283602,1.3279499000000214,"{""activation"": ""relu"", ""alpha"": 0.01, ""batch_size"": 128, ""early_stopping"": false, ""hidden_layer_sizes"": [64, 32], ""learning_rate_init"": 0.005, ""max_iter"": 300, ""n_iter_no_change"": 25, ""random_state"": 42, ""solver"": ""adam"", ""tol"": 0.0001}"
mlp,outer_4,1,2,1682,421,199,50,0,0.7431984937368794,1.1545740237994202,0.8415659616253417,2.546908700000131,"{""activation"": ""relu"", ""alpha"": 0.01, ""batch_size"": 128, ""early_stopping"": false, ""hidden_layer_sizes"": [64, 32], ""learning_rate_init"": 0.005, ""max_iter"": 300, ""n_iter_no_change"": 25, ""random_state"": 42, ""solver"": ""adam"", ""tol"": 0.0001}"
mlp,outer_4,1,3,1683,420,200,49,0,1.0884504351979858,1.469111540670879,0.7799069567871234,1.7738539000001765,"{""activation"": ""relu"", ""alpha"": 0.01, ""batch_size"": 128, ""early_stopping"": false, ""hidden_layer_sizes"": [64, 32], ""learning_rate_init"": 0.005, ""max_iter"": 300, ""n_iter_no_change"": 25, ""random_state"": 42, ""solver"": ""adam"", ""tol"": 0.0001}"
mlp,outer_4,1,4,1683,420,199,50,0,0.924844555075048,1.305060709564987,0.7770237913424114,2.9181354000011197,"{""activation"": ""relu"", ""alpha"": 0.01, ""batch_size"": 128, ""early_stopping"": false, ""hidden_layer_sizes"": [64, 32], ""learning_rate_init"": 0.005, ""max_iter"": 300, ""n_iter_no_change"": 25, ""random_state"": 42, ""solver"": ""adam"", ""tol"": 0.0001}"
mlp,full_train_selection,0,0,2102,526,249,62,0,0.9398255912217623,1.347291524060872,0.7348228588690746,1.7275164000002405,"{""activation"": ""relu"", ""alpha"": 0.001, ""batch_size"": 128, ""early_stopping"": false, ""hidden_layer_sizes"": [64], ""learning_rate_init"": 0.005, ""max_iter"": 300, ""n_iter_no_change"": 25, ""random_state"": 42, ""solver"": ""adam"", ""tol"": 0.0001}"
mlp,full_train_selection,0,1,2102,526,249,62,0,1.0168772721844364,1.405313908764079,0.8697011556536454,1.8721304000009695,"{""activation"": ""relu"", ""alpha"": 0.001, ""batch_size"": 128, ""early_stopping"": false, ""hidden_layer_sizes"": [64], ""learning_rate_init"": 0.005, ""max_iter"": 300, ""n_iter_no_change"": 25, ""random_state"": 42, ""solver"": ""adam"", ""tol"": 0.0001}"
mlp,full_train_selection,0,2,2102,526,248,63,0,0.8594379988564598,1.108544299356161,0.7646102697897806,1.4035879000002751,"{""activation"": ""relu"", ""alpha"": 0.001, ""batch_size"": 128, ""early_stopping"": false, ""hidden_layer_sizes"": [64], ""learning_rate_init"": 0.005, ""max_iter"": 300, ""n_iter_no_change"": 25, ""random_state"": 42, ""solver"": ""adam"", ""tol"": 0.0001}"
mlp,full_train_selection,0,3,2103,525,249,62,0,0.9672657749432424,1.3383537281694868,0.7334101545449281,2.2545019000008324,"{""activation"": ""relu"", ""alpha"": 0.001, ""batch_size"": 128, ""early_stopping"": false, ""hidden_layer_sizes"": [64], ""learning_rate_init"": 0.005, ""max_iter"": 300, ""n_iter_no_change"": 25, ""random_state"": 42, ""solver"": ""adam"", ""tol"": 0.0001}"
mlp,full_train_selection,0,4,2103,525,249,62,0,0.9325928056884114,1.2577287533185326,0.7544307492534097,1.7244983999989927,"{""activation"": ""relu"", ""alpha"": 0.001, ""batch_size"": 128, ""early_stopping"": false, ""hidden_layer_sizes"": [64], ""learning_rate_init"": 0.005, ""max_iter"": 300, ""n_iter_no_change"": 25, ""random_state"": 42, ""solver"": ""adam"", ""tol"": 0.0001}"
mlp,full_train_selection,1,0,2102,526,249,62,0,0.8859386297380206,1.220763733447193,0.7822911085312411,1.6618844000004174,"{""activation"": ""relu"", ""alpha"": 0.01, ""batch_size"": 128, ""early_stopping"": false, ""hidden_layer_sizes"": [64, 32], ""learning_rate_init"": 0.005, ""max_iter"": 300, ""n_iter_no_change"": 25, ""random_state"": 42, ""solver"": ""adam"", ""tol"": 0.0001}"
mlp,full_train_selection,1,1,2102,526,249,62,0,0.8349184100358922,1.1981926393018103,0.9052788048211218,1.9072907000008854,"{""activation"": ""relu"", ""alpha"": 0.01, ""batch_size"": 128, ""early_stopping"": false, ""hidden_layer_sizes"": [64, 32], ""learning_rate_init"": 0.005, ""max_iter"": 300, ""n_iter_no_change"": 25, ""random_state"": 42, ""solver"": ""adam"", ""tol"": 0.0001}"
mlp,full_train_selection,1,2,2102,526,248,63,0,0.7154206209272799,0.9518872056480401,0.8264389038948602,1.8470170000000508,"{""activation"": ""relu"", ""alpha"": 0.01, ""batch_size"": 128, ""early_stopping"": false, ""hidden_layer_sizes"": [64, 32], ""learning_rate_init"": 0.005, ""max_iter"": 300, ""n_iter_no_change"": 25, ""random_state"": 42, ""solver"": ""adam"", ""tol"": 0.0001}"
mlp,full_train_selection,1,3,2103,525,249,62,0,0.8259168607559247,1.1579736840557222,0.8004282082750733,2.3662595999994664,"{""activation"": ""relu"", ""alpha"": 0.01, ""batch_size"": 128, ""early_stopping"": false, ""hidden_layer_sizes"": [64, 32], ""learning_rate_init"": 0.005, ""max_iter"": 300, ""n_iter_no_change"": 25, ""random_state"": 42, ""solver"": ""adam"", ""tol"": 0.0001}"
mlp,full_train_selection,1,4,2103,525,249,62,0,0.7221660087585767,1.018733391082433,0.8388905227151432,2.5946268000006967,"{""activation"": ""relu"", ""alpha"": 0.01, ""batch_size"": 128, ""early_stopping"": false, ""hidden_layer_sizes"": [64, 32], ""learning_rate_init"": 0.005, ""max_iter"": 300, ""n_iter_no_change"": 25, ""random_state"": 42, ""solver"": ""adam"", ""tol"": 0.0001}"
