model,split,subgroup_field,subgroup,n,mae,rmse,median_absolute_error,bias,small_support
dummy,test,vehicle_class,Compact Cars,67,2.057715298976986,2.331851834517851,2.2910511363636346,1.853559719550884,False
dummy,test,vehicle_class,Large Cars,53,4.08303569483863,4.571455881290087,4.989400252525252,-2.185557948061744,False
dummy,test,vehicle_class,Midsize Cars,95,2.799779577286736,3.1373007367549115,3.104004765395893,-1.4580934494439637,False
dummy,test,vehicle_class,Midsize Station Wagons,11,5.596322538627382,5.826836707639641,6.109469696969699,-5.511804183135706,True
dummy,test,vehicle_class,Minicompact Cars,69,2.2284184717250763,2.3809834785897563,2.2910511363636346,1.408956756885198,False
dummy,test,vehicle_class,Small Sport Utility Vehicle 2WD,38,1.848297513388568,2.1050247646031828,1.6448572261072254,1.7652301622455586,False
dummy,test,vehicle_class,Small Sport Utility Vehicle 4WD,51,1.2761632713944109,1.5239499657766304,0.8909643308080799,0.9773449822942588,False
dummy,test,vehicle_class,Small Station Wagons,15,1.9339938733210225,2.0314521867101973,1.9799207351290669,1.9339938733210225,True
dummy,test,vehicle_class,Standard Sport Utility Vehicle 2WD,22,2.573351383985955,2.730629065854084,2.7602424366211133,-2.531092206240117,True
dummy,test,vehicle_class,Standard Sport Utility Vehicle 4WD,34,3.2843379428092696,3.520509655597285,3.144579991087344,-3.2843379428092696,False
dummy,test,vehicle_class,Subcompact Cars,82,1.8734726827380084,2.159288718592246,1.6881429425837329,0.8341953070133703,False
dummy,test,vehicle_class,Two Seaters,82,3.4844905444278806,4.423650375706854,2.3759048821548827,-2.5174700249150685,False
dummy,train_oof,vehicle_class,Compact Cars,323,2.20436248074242,2.6974981505490123,1.9799207351290669,0.9924949647389992,False
dummy,train_oof,vehicle_class,Large Cars,255,2.1662726875063445,2.783149730744601,1.6881429425837329,-1.216001861535361,False
dummy,train_oof,vehicle_class,Midsize Cars,379,1.9936842149740712,2.517834387151981,1.6448572261072254,0.7198681334413839,False
dummy,train_oof,vehicle_class,Midsize Station Wagons,19,0.8909369473895599,1.1561086709185864,0.5091224747474747,0.2835627669890629,True
dummy,train_oof,vehicle_class,Minicompact Cars,121,2.2831502061881523,2.810675027553412,1.6881429425837329,-1.9597267423806448,False
dummy,train_oof,vehicle_class,Small Sport Utility Vehicle 2WD,229,1.3449018654942078,1.5818675538875548,1.2829886363636351,1.1559147427394414,False
dummy,train_oof,vehicle_class,Small Sport Utility Vehicle 4WD,445,1.147397440073921,1.4454172624018191,1.069157196969698,0.3092429063166044,False
dummy,train_oof,vehicle_class,Small Station Wagons,93,2.068778029664778,2.356225947607051,2.2910511363636346,1.8054576959513,False
dummy,train_oof,vehicle_class,Standard Sport Utility Vehicle 2WD,89,2.142014321208383,2.597807129849427,2.1529938977879475,-2.002524214350848,False
dummy,train_oof,vehicle_class,Standard Sport Utility Vehicle 4WD,260,3.122686503266853,3.720737688846871,3.144579991087344,-3.097954048598936,False
dummy,train_oof,vehicle_class,Subcompact Cars,150,2.2417079170222483,2.830794695402114,1.6881429425837329,-0.7922472302061722,False
dummy,train_oof,vehicle_class,Two Seaters,265,4.30891819048153,5.517803134640762,3.144579991087344,-3.6805906141093456,False
knn,test,vehicle_class,Compact Cars,67,0.566442924929205,0.6856407029109255,0.5344092614286478,0.2624186459111897,False
knn,test,vehicle_class,Large Cars,53,0.373264913832297,0.5634077913086794,0.2405673397737349,0.2368400776439093,False
knn,test,vehicle_class,Midsize Cars,95,0.8094759776343216,0.9575527720025684,0.7127867545040107,0.3364092907490373,False
knn,test,vehicle_class,Midsize Station Wagons,11,0.0501158003142622,0.1460127766990913,3.552713678800501e-15,-0.0501158003142592,True
knn,test,vehicle_class,Minicompact Cars,69,0.4983800602439032,0.6221862742264085,0.4096008344829336,0.2839079308977446,False
knn,test,vehicle_class,Small Sport Utility Vehicle 2WD,38,0.9521842100431028,1.1268813113404217,0.9763941705945544,0.5094074153795536,False
knn,test,vehicle_class,Small Sport Utility Vehicle 4WD,51,0.7195248634900177,0.8408353432676257,0.7529384333874205,0.5807937915229671,False
knn,test,vehicle_class,Small Station Wagons,15,0.9377442606911768,1.1708833780733556,0.8323837006603254,-0.8666946333878914,True
knn,test,vehicle_class,Standard Sport Utility Vehicle 2WD,22,0.8243315919319116,1.050163526056456,0.7401266842747596,-0.7241364636142801,True
knn,test,vehicle_class,Standard Sport Utility Vehicle 4WD,34,1.022055493879357,1.2874917302598274,0.8868674272256811,-0.3463622670908853,False
knn,test,vehicle_class,Subcompact Cars,82,0.6120564844108275,0.7704319455853386,0.5398215855326507,0.3216709273161395,False
knn,test,vehicle_class,Two Seaters,82,0.8418675466130244,1.172576446217746,0.548877797264292,0.0233965600023461,False
knn,train_oof,vehicle_class,Compact Cars,323,0.8457311150765733,1.1030505429454205,0.6423099906702241,0.1011700435156486,False
knn,train_oof,vehicle_class,Large Cars,255,0.7588530008960893,1.0096866096342614,0.5778867209641554,0.132979112945284,False
knn,train_oof,vehicle_class,Midsize Cars,379,0.6987834261183198,1.0098891081356465,0.4870517573729209,0.0881285047346168,False
knn,train_oof,vehicle_class,Midsize Station Wagons,19,0.6804429779262846,0.9043025639427608,0.4743968734907771,-0.0410817821790119,True
knn,train_oof,vehicle_class,Minicompact Cars,121,0.8750554724965713,1.0413008784586784,0.7686751089324613,0.5643096666887654,False
knn,train_oof,vehicle_class,Small Sport Utility Vehicle 2WD,229,0.5792652627280941,0.8052661820134379,0.378806665724289,-0.1513175658544326,False
knn,train_oof,vehicle_class,Small Sport Utility Vehicle 4WD,445,0.7564303700055602,0.9973232582913224,0.5851057913089512,-0.0570474067341294,False
knn,train_oof,vehicle_class,Small Station Wagons,93,0.7762688730319445,0.954299828412772,0.6683452417747713,0.2518057561419629,False
knn,train_oof,vehicle_class,Standard Sport Utility Vehicle 2WD,89,0.793773283145329,0.9691272802888956,0.7218266698393379,-0.2414821912439193,False
knn,train_oof,vehicle_class,Standard Sport Utility Vehicle 4WD,260,1.2974888875291586,1.69728804284545,1.0644717965534918,-0.3700251700976919,False
knn,train_oof,vehicle_class,Subcompact Cars,150,0.8956629761319994,1.1139654675149464,0.7365911444825128,0.0553142582477899,False
knn,train_oof,vehicle_class,Two Seaters,265,1.7684846947518744,2.742211085679915,0.9906936551427776,-0.0718564304784526,False
linear,test,vehicle_class,Compact Cars,67,0.6366381000403649,0.7415024907927209,0.6416853601570214,0.4395214515224046,False
linear,test,vehicle_class,Large Cars,53,0.394622852744155,0.4637257151865797,0.4003112752136673,0.1859583034030278,False
linear,test,vehicle_class,Midsize Cars,95,0.72424816606627,0.8643562994871896,0.7354578504720202,0.2506397443556364,False
linear,test,vehicle_class,Midsize Station Wagons,11,0.4794004879975052,0.4843387882573184,0.4630571382030304,0.3582302613919005,True
linear,test,vehicle_class,Minicompact Cars,69,0.7614458634383087,0.9482309535773238,0.7343659630192327,-0.6241825586189488,False
linear,test,vehicle_class,Small Sport Utility Vehicle 2WD,38,0.7535281703447928,0.8995054546463453,0.7190178738733968,0.3590015852831003,False
linear,test,vehicle_class,Small Sport Utility Vehicle 4WD,51,0.6345673208237212,0.8024299455832802,0.5326483709378724,0.1735995854410947,False
linear,test,vehicle_class,Small Station Wagons,15,1.079425353750701,1.3593020779461098,0.7078973720439432,-0.9809965090427598,True
linear,test,vehicle_class,Standard Sport Utility Vehicle 2WD,22,0.6619296199150188,0.7942370615557176,0.5039975295731471,0.0390210783087118,True
linear,test,vehicle_class,Standard Sport Utility Vehicle 4WD,34,1.0304600141596272,1.2789805926258953,0.6425178040639992,-0.1971149378753422,False
linear,test,vehicle_class,Subcompact Cars,82,0.5800832615582141,0.7615643803411718,0.4360601183203698,0.2280487526169244,False
linear,test,vehicle_class,Two Seaters,82,0.9424388866524376,1.1516950279874263,0.772383165205313,-0.2142452421502673,False
linear,train_oof,vehicle_class,Compact Cars,323,0.8068170769458181,1.0623171636261726,0.6788815744048966,-0.0025050425268212,False
linear,train_oof,vehicle_class,Large Cars,255,0.5866671618316681,0.7412859120425271,0.5450053880702228,-0.0030138470191905,False
linear,train_oof,vehicle_class,Midsize Cars,379,0.561904505788145,0.7842118393734762,0.4355184735065425,0.0428096277057251,False
linear,train_oof,vehicle_class,Midsize Station Wagons,19,0.5498412583523058,0.779143458342699,0.337112177248704,0.3096972738590227,True
linear,train_oof,vehicle_class,Minicompact Cars,121,1.0908196952257037,1.313609968505181,0.886572358896732,0.1152239183302061,False
linear,train_oof,vehicle_class,Small Sport Utility Vehicle 2WD,229,0.6693956000220672,0.8402446209189033,0.589210136363663,-0.0296466466513993,False
linear,train_oof,vehicle_class,Small Sport Utility Vehicle 4WD,445,0.6920247549819039,0.8950872991072003,0.6178938637775016,0.0122431340820585,False
linear,train_oof,vehicle_class,Small Station Wagons,93,0.6598615804381383,0.8272838460695877,0.519929094266045,0.2519805924207223,False
linear,train_oof,vehicle_class,Standard Sport Utility Vehicle 2WD,89,0.7632325822183581,0.990590755019366,0.6081715459464316,0.0630140792580536,False
linear,train_oof,vehicle_class,Standard Sport Utility Vehicle 4WD,260,1.1329620041785264,1.4900007419103638,0.912865376548357,0.1089970311712462,False
linear,train_oof,vehicle_class,Subcompact Cars,150,0.7357461947041212,0.960408375022427,0.5131154542070222,-0.1084660473633515,False
linear,train_oof,vehicle_class,Two Seaters,265,1.4210786135747755,1.9353502874806012,0.9303917778456708,0.1311245775345356,False
tree,test,vehicle_class,Compact Cars,67,0.4648266467184792,0.6138766775995261,0.3807829826203619,0.3283818085174033,False
tree,test,vehicle_class,Large Cars,53,1.61845934451924,2.634409498938868,0.6559089791952442,1.3169133313808763,False
tree,test,vehicle_class,Midsize Cars,95,0.7156219540467215,0.9228914801364032,0.6669092905787473,0.0798354450731351,False
tree,test,vehicle_class,Midsize Station Wagons,11,4.663437159299801,4.820877619566207,5.049858546401516,4.518123834157501,True
tree,test,vehicle_class,Minicompact Cars,69,0.7398991914711396,0.8461892879123432,0.7097288504018344,-0.4766648213233739,False
tree,test,vehicle_class,Small Sport Utility Vehicle 2WD,38,0.8658736609428661,1.040970018624831,0.7341908078055432,0.549694935779558,False
tree,test,vehicle_class,Small Sport Utility Vehicle 4WD,51,0.509911473106569,0.7748728845762307,0.3521535208047552,0.1624978657159765,False
tree,test,vehicle_class,Small Station Wagons,15,1.3763581381724503,1.6050358313718562,1.2697635726240577,-1.2407476245392717,True
tree,test,vehicle_class,Standard Sport Utility Vehicle 2WD,22,1.081040930321558,1.3793965700797628,1.1556758392434665,-0.93917215232934,True
tree,test,vehicle_class,Standard Sport Utility Vehicle 4WD,34,1.1876443288332217,1.748204827507658,0.6533738425925923,-0.4959291408249773,False
tree,test,vehicle_class,Subcompact Cars,82,0.6410120598363865,0.8030579504696875,0.6904911536170655,0.2816374285256959,False
tree,test,vehicle_class,Two Seaters,82,1.0229738004663125,1.340019158174556,0.7943755231037564,-0.155622556314006,False
tree,train_oof,vehicle_class,Compact Cars,323,0.7498471627177068,1.018932782351812,0.6098324784298619,0.0137188717436579,False
tree,train_oof,vehicle_class,Large Cars,255,0.7756578259801278,1.051627774365261,0.602352918268501,0.0434907036776213,False
tree,train_oof,vehicle_class,Midsize Cars,379,0.6895010590976623,0.9133525882414932,0.5547385802291167,0.1536204452519175,False
tree,train_oof,vehicle_class,Midsize Station Wagons,19,0.503582459325974,0.6176943815325565,0.4670160655178659,0.1255498513263242,True
tree,train_oof,vehicle_class,Minicompact Cars,121,1.0100473748523846,1.2339004059723109,0.8063277271971891,0.2212049194300848,False
tree,train_oof,vehicle_class,Small Sport Utility Vehicle 2WD,229,0.6910651132658951,0.8738274109896028,0.5480001648869859,-0.0735192512265868,False
tree,train_oof,vehicle_class,Small Sport Utility Vehicle 4WD,445,0.7942256487205792,1.0241789264177734,0.6779077236765456,-0.1298959008732139,False
tree,train_oof,vehicle_class,Small Station Wagons,93,0.7628907531106658,0.927633019373438,0.7063047490206449,0.2798000449292236,False
tree,train_oof,vehicle_class,Standard Sport Utility Vehicle 2WD,89,0.90676432857666,1.0897047320770124,0.918206849193691,0.0284217445045625,False
tree,train_oof,vehicle_class,Standard Sport Utility Vehicle 4WD,260,1.3592831172327275,1.7630410606351872,0.9516131425147414,-0.0530745269831662,False
tree,train_oof,vehicle_class,Subcompact Cars,150,0.8718416657736843,1.127776403078368,0.769362532483612,-0.147057722842422,False
tree,train_oof,vehicle_class,Two Seaters,265,1.3765458874216652,1.9738435972795587,0.9749592330184456,-0.691540979424444,False
dummy,test,engine_size_bin,"(0,2] L",285,2.187079804224452,2.37909574010022,2.2910511363636346,2.118193919367884,False
dummy,test,engine_size_bin,"(2,3] L",63,1.1984954143628723,1.4950179792966494,1.069157196969698,0.6950298560014805,False
dummy,test,engine_size_bin,"(3,4] L",108,1.644057844244796,2.007338055836104,1.3786500697767154,-1.5680174102144766,False
dummy,test,engine_size_bin,"(4,+inf) L",163,4.4855818544006985,4.893729826458376,4.009339488636364,-4.4855818544006985,False
dummy,train_oof,engine_size_bin,"(0,2] L",881,1.8644159754822585,2.165157991765742,1.6448572261072254,1.816265044691849,False
dummy,train_oof,engine_size_bin,"(2,3] L",694,1.372181395529288,1.6931848219241183,1.2829886363636351,0.0496890461224043,False
dummy,train_oof,engine_size_bin,"(3,4] L",600,1.570242735189724,2.079458789631765,1.069157196969698,-1.3714112812340578,False
dummy,train_oof,engine_size_bin,"(4,+inf) L",453,5.006273565706389,5.654639016893205,4.989400252525252,-5.006273565706388,False
knn,test,engine_size_bin,"(0,2] L",285,0.699684456428034,0.8786576109053698,0.5707010312583822,0.3634167291486061,False
knn,test,engine_size_bin,"(2,3] L",63,0.6917371601669098,0.9531287859701324,0.5600347222222233,0.2965022940448321,False
knn,test,engine_size_bin,"(3,4] L",108,0.7982075295089247,1.0036428684953285,0.6487574637501625,-0.2436963008405575,False
knn,test,engine_size_bin,"(4,+inf) L",163,0.6100024059374163,0.869510468360557,0.4745551965377288,0.1335176560135803,False
knn,train_oof,engine_size_bin,"(0,2] L",881,0.7178097444423247,0.929984513050794,0.5893334063264923,0.2615026184103386,False
knn,train_oof,engine_size_bin,"(2,3] L",694,0.7968304265595363,1.0870498668403548,0.5612224712684064,-0.0649571099901971,False
knn,train_oof,engine_size_bin,"(3,4] L",600,0.9065909536576816,1.231763414131082,0.6936707191121885,-0.1529601731707012,False
knn,train_oof,engine_size_bin,"(4,+inf) L",453,1.4865993997017422,2.292672419822476,0.8408383239122141,-0.2011068641651436,False
linear,test,engine_size_bin,"(0,2] L",285,0.7471216093335352,0.9330411231388642,0.6527245009544469,0.0141806156736403,False
linear,test,engine_size_bin,"(2,3] L",63,0.6977860725956637,0.901224596373311,0.5849596761113993,0.1598647465929043,False
linear,test,engine_size_bin,"(3,4] L",108,0.5630628109846265,0.7271814005211934,0.4191807651629693,-0.1350054758965178,False
linear,test,engine_size_bin,"(4,+inf) L",163,0.761465258981201,0.9417414488831084,0.6897223248411102,0.1688540578352274,False
linear,train_oof,engine_size_bin,"(0,2] L",881,0.6278216112368891,0.8218131148637913,0.5341285325187961,0.028060209593406,False
linear,train_oof,engine_size_bin,"(2,3] L",694,0.8190907431759303,1.0796575206398389,0.6721230547380772,-0.0498540910264324,False
linear,train_oof,engine_size_bin,"(3,4] L",600,0.7611297666308288,1.0008046616748218,0.6062511186573536,0.1344351865621502,False
linear,train_oof,engine_size_bin,"(4,+inf) L",453,1.234917570998952,1.7137606900506857,0.8472776262032404,0.0843465979206742,False
tree,test,engine_size_bin,"(0,2] L",285,0.6983827661266201,0.9163625380642676,0.5931017655365265,0.0424667256392413,False
tree,test,engine_size_bin,"(2,3] L",63,0.7423758966879551,1.004549466002641,0.5379418234998781,0.1762006226422983,False
tree,test,engine_size_bin,"(3,4] L",108,0.8151540168209651,1.0292852425942625,0.6669092905787473,-0.3235519673334462,False
tree,test,engine_size_bin,"(4,+inf) L",163,1.4329752763367272,2.2402757909914777,0.7895277579248638,0.6828602864030455,False
tree,train_oof,engine_size_bin,"(0,2] L",881,0.6770800451248445,0.8458292731111968,0.5696846854376556,0.0810453875811557,False
tree,train_oof,engine_size_bin,"(2,3] L",694,0.8728464704645186,1.1522708965535169,0.7155571455326033,-0.0907354047728143,False
tree,train_oof,engine_size_bin,"(3,4] L",600,0.917861833097606,1.2236459312000398,0.7435742257440641,0.0394705008530803,False
tree,train_oof,engine_size_bin,"(4,+inf) L",453,1.3077874612883795,1.8399677666802607,0.9600799957347076,-0.4291903749236424,False
