run_id,model,alpha,fold,n_train,n_valid,mae,rmse,r2,fit_seconds,cv_role
final_v1,structured,0.1,0,2102,526,0.9861871126851457,1.284072844815509,0.759124708930161,0.1316499999993539,"selection CV for alpha and feature set, not an unbiased estimate of the tuning procedure"
final_v1,structured,0.1,1,2102,526,0.7889838082812431,1.246294488233194,0.897520918716513,0.07231839999985823,"selection CV for alpha and feature set, not an unbiased estimate of the tuning procedure"
final_v1,structured,0.1,2,2102,526,0.678182590045256,0.882988617768244,0.8506546806638033,0.10568710000006831,"selection CV for alpha and feature set, not an unbiased estimate of the tuning procedure"
final_v1,structured,0.1,3,2103,525,0.9002905019267844,1.2407566841350544,0.7708736568903432,0.1076082999989012,"selection CV for alpha and feature set, not an unbiased estimate of the tuning procedure"
final_v1,structured,0.1,4,2103,525,0.7016473636405518,0.8871839557282725,0.8778123353045311,0.09852329999921494,"selection CV for alpha and feature set, not an unbiased estimate of the tuning procedure"
final_v1,structured,1.0,0,2102,526,0.9622935957327352,1.2572659047169912,0.7690769922596306,0.08610939999925904,"selection CV for alpha and feature set, not an unbiased estimate of the tuning procedure"
final_v1,structured,1.0,1,2102,526,0.7873392008724764,1.2602102356484572,0.8952196414918341,0.08836920000067039,"selection CV for alpha and feature set, not an unbiased estimate of the tuning procedure"
final_v1,structured,1.0,2,2102,526,0.6788322618146512,0.8835960408504505,0.8504491355529445,0.06734959999994317,"selection CV for alpha and feature set, not an unbiased estimate of the tuning procedure"
final_v1,structured,1.0,3,2103,525,0.8985416021276281,1.233724075993941,0.7734636718781775,0.06659829999989597,"selection CV for alpha and feature set, not an unbiased estimate of the tuning procedure"
final_v1,structured,1.0,4,2103,525,0.7067352396136606,0.8941877969951018,0.875875508163863,0.055416700000932906,"selection CV for alpha and feature set, not an unbiased estimate of the tuning procedure"
final_v1,structured,10.0,0,2102,526,0.925431198706488,1.2075264006992974,0.7869869560928848,0.07376230000045325,"selection CV for alpha and feature set, not an unbiased estimate of the tuning procedure"
final_v1,structured,10.0,1,2102,526,0.801189280341103,1.3153182543978281,0.8858553477034353,0.05389840000134427,"selection CV for alpha and feature set, not an unbiased estimate of the tuning procedure"
final_v1,structured,10.0,2,2102,526,0.7007385942790593,0.9040171426263702,0.8434566090050324,0.07578319999993255,"selection CV for alpha and feature set, not an unbiased estimate of the tuning procedure"
final_v1,structured,10.0,3,2103,525,0.8432844976498625,1.1545501024644451,0.8016065429770625,0.06768620000002556,"selection CV for alpha and feature set, not an unbiased estimate of the tuning procedure"
final_v1,structured,10.0,4,2103,525,0.7233196569703871,0.9135921783335492,0.8704299126687429,0.05184249999911117,"selection CV for alpha and feature set, not an unbiased estimate of the tuning procedure"
final_v1,structured,100.0,0,2102,526,0.8934158362868581,1.174129781005,0.7986066451504401,0.04684830000041984,"selection CV for alpha and feature set, not an unbiased estimate of the tuning procedure"
final_v1,structured,100.0,1,2102,526,0.8573004592559044,1.3642301361071834,0.8772082602722855,0.04720189999898139,"selection CV for alpha and feature set, not an unbiased estimate of the tuning procedure"
final_v1,structured,100.0,2,2102,526,0.7742910553936909,0.9748670432704929,0.8179577550301629,0.04680749999897671,"selection CV for alpha and feature set, not an unbiased estimate of the tuning procedure"
final_v1,structured,100.0,3,2103,525,0.7389257255533602,0.9772060985763376,0.8578738099550927,0.04593800000111514,"selection CV for alpha and feature set, not an unbiased estimate of the tuning procedure"
final_v1,structured,100.0,4,2103,525,0.820178002330681,0.9936906986645407,0.8467140127341217,0.04473150000012538,"selection CV for alpha and feature set, not an unbiased estimate of the tuning procedure"
final_v1,structured_model,0.1,0,2102,526,0.9327578909368691,1.2506369086199507,0.7715056784025877,0.1587243000012677,"selection CV for alpha and feature set, not an unbiased estimate of the tuning procedure"
final_v1,structured_model,0.1,1,2102,526,1.0206611746610148,1.4062156306395102,0.8695338890914295,0.23051490000034391,"selection CV for alpha and feature set, not an unbiased estimate of the tuning procedure"
final_v1,structured_model,0.1,2,2102,526,0.7662339950631736,0.9998978038678396,0.8084894805490426,0.17424409999875934,"selection CV for alpha and feature set, not an unbiased estimate of the tuning procedure"
final_v1,structured_model,0.1,3,2103,525,1.002336814499567,1.286375851014941,0.7537152427631635,0.21005060000061349,"selection CV for alpha and feature set, not an unbiased estimate of the tuning procedure"
final_v1,structured_model,0.1,4,2103,525,0.7905461118329298,1.0000374073953484,0.8447496824826657,0.14506259999870963,"selection CV for alpha and feature set, not an unbiased estimate of the tuning procedure"
final_v1,structured_model,1.0,0,2102,526,0.9157358437312569,1.2152518967583288,0.7842526131757994,0.15080930000112858,"selection CV for alpha and feature set, not an unbiased estimate of the tuning procedure"
final_v1,structured_model,1.0,1,2102,526,0.9120349232362397,1.3232411663663421,0.8844760894731498,0.15360189999955765,"selection CV for alpha and feature set, not an unbiased estimate of the tuning procedure"
final_v1,structured_model,1.0,2,2102,526,0.7360682240253982,0.9661766296821805,0.8211889053131507,0.146367299999838,"selection CV for alpha and feature set, not an unbiased estimate of the tuning procedure"
final_v1,structured_model,1.0,3,2103,525,0.9629995464434294,1.258552557512052,0.7642539146558548,0.14836710000054154,"selection CV for alpha and feature set, not an unbiased estimate of the tuning procedure"
final_v1,structured_model,1.0,4,2103,525,0.7070569780303644,0.8929976090169557,0.8762057143267968,0.14818500000001222,"selection CV for alpha and feature set, not an unbiased estimate of the tuning procedure"
final_v1,structured_model,10.0,0,2102,526,0.8872555196419044,1.1759547330582518,0.7979801064982948,0.1450213000007352,"selection CV for alpha and feature set, not an unbiased estimate of the tuning procedure"
final_v1,structured_model,10.0,1,2102,526,0.8395593221832135,1.3134889081475798,0.8861726319565817,0.13485659999969357,"selection CV for alpha and feature set, not an unbiased estimate of the tuning procedure"
final_v1,structured_model,10.0,2,2102,526,0.7133514204461431,0.9245196077638521,0.8362755055967867,0.14762510000036855,"selection CV for alpha and feature set, not an unbiased estimate of the tuning procedure"
final_v1,structured_model,10.0,3,2103,525,0.8716435416644494,1.1465537387231097,0.8043451551573861,0.143307399999685,"selection CV for alpha and feature set, not an unbiased estimate of the tuning procedure"
final_v1,structured_model,10.0,4,2103,525,0.7156272540432473,0.8850718941816188,0.8783934113793654,0.14779759999873932,"selection CV for alpha and feature set, not an unbiased estimate of the tuning procedure"
final_v1,structured_model,100.0,0,2102,526,0.8875539305884097,1.1669978884300505,0.8010458193620665,0.13432909999937692,"selection CV for alpha and feature set, not an unbiased estimate of the tuning procedure"
final_v1,structured_model,100.0,1,2102,526,0.8635864954930688,1.3675975393945006,0.8766013250989485,0.1432050999992498,"selection CV for alpha and feature set, not an unbiased estimate of the tuning procedure"
final_v1,structured_model,100.0,2,2102,526,0.771195285350869,0.973951385238919,0.8182995660752104,0.14847019999979238,"selection CV for alpha and feature set, not an unbiased estimate of the tuning procedure"
final_v1,structured_model,100.0,3,2103,525,0.7351279570631513,0.9753438748469123,0.8584149825442925,0.13374640000074578,"selection CV for alpha and feature set, not an unbiased estimate of the tuning procedure"
final_v1,structured_model,100.0,4,2103,525,0.8142828120360162,0.9854200269214414,0.8492550491135143,0.13193609999871114,"selection CV for alpha and feature set, not an unbiased estimate of the tuning procedure"
final_v1,structured_engine,0.1,0,2102,526,0.9939288047610889,1.2946817423716166,0.755128085793519,0.11913900000035937,"selection CV for alpha and feature set, not an unbiased estimate of the tuning procedure"
final_v1,structured_engine,0.1,1,2102,526,0.7650955740531397,1.1951506312010578,0.9057591564122307,0.12726119999933871,"selection CV for alpha and feature set, not an unbiased estimate of the tuning procedure"
final_v1,structured_engine,0.1,2,2102,526,0.7146584023296015,0.9366553322821806,0.8319490294774081,0.1176722999989579,"selection CV for alpha and feature set, not an unbiased estimate of the tuning procedure"
final_v1,structured_engine,0.1,3,2103,525,0.8667488809171181,1.192442656334777,0.7883702185551626,0.11462290000054054,"selection CV for alpha and feature set, not an unbiased estimate of the tuning procedure"
final_v1,structured_engine,0.1,4,2103,525,0.6846704607354707,0.8669602669414828,0.8833194697236345,0.1216402999998536,"selection CV for alpha and feature set, not an unbiased estimate of the tuning procedure"
final_v1,structured_engine,1.0,0,2102,526,0.9689326263670217,1.2646982661924628,0.7663387071495156,0.1090490000005957,"selection CV for alpha and feature set, not an unbiased estimate of the tuning procedure"
final_v1,structured_engine,1.0,1,2102,526,0.7608431401795425,1.206390474271093,0.9039782374958694,0.11764620000030845,"selection CV for alpha and feature set, not an unbiased estimate of the tuning procedure"
final_v1,structured_engine,1.0,2,2102,526,0.7089289744885762,0.926931814256052,0.8354200288508034,0.12389170000096783,"selection CV for alpha and feature set, not an unbiased estimate of the tuning procedure"
final_v1,structured_engine,1.0,3,2103,525,0.8583265580404995,1.17851660106856,0.7932844316208689,0.11688250000042899,"selection CV for alpha and feature set, not an unbiased estimate of the tuning procedure"
final_v1,structured_engine,1.0,4,2103,525,0.691294537888321,0.8727406872329045,0.8817583578584238,0.11926870000024792,"selection CV for alpha and feature set, not an unbiased estimate of the tuning procedure"
final_v1,structured_engine,10.0,0,2102,526,0.936842512980962,1.2247942791686208,0.7808511342001203,0.12149519999911718,"selection CV for alpha and feature set, not an unbiased estimate of the tuning procedure"
final_v1,structured_engine,10.0,1,2102,526,0.7810720823695397,1.2761393889995578,0.89255403715176,0.11372959999971499,"selection CV for alpha and feature set, not an unbiased estimate of the tuning procedure"
final_v1,structured_engine,10.0,2,2102,526,0.6999427709896908,0.9079889282981835,0.8420780452421526,0.11130600000069535,"selection CV for alpha and feature set, not an unbiased estimate of the tuning procedure"
final_v1,structured_engine,10.0,3,2103,525,0.8124555837568191,1.109959869471398,0.8166350471376886,0.11443580000013753,"selection CV for alpha and feature set, not an unbiased estimate of the tuning procedure"
final_v1,structured_engine,10.0,4,2103,525,0.7136264305278793,0.8954529317916553,0.8755240265095944,0.1127688999986276,"selection CV for alpha and feature set, not an unbiased estimate of the tuning procedure"
final_v1,structured_engine,100.0,0,2102,526,0.8996075302656353,1.1822830781200662,0.795799934893138,0.10281670000040322,"selection CV for alpha and feature set, not an unbiased estimate of the tuning procedure"
final_v1,structured_engine,100.0,1,2102,526,0.8471551308672006,1.355651595168936,0.8787476809748517,0.10954540000057023,"selection CV for alpha and feature set, not an unbiased estimate of the tuning procedure"
final_v1,structured_engine,100.0,2,2102,526,0.759826985910065,0.9592909283965809,0.8237285080659785,0.10495420000006561,"selection CV for alpha and feature set, not an unbiased estimate of the tuning procedure"
final_v1,structured_engine,100.0,3,2103,525,0.7243132781586878,0.9644387995365823,0.8615633362803022,0.11028839999926277,"selection CV for alpha and feature set, not an unbiased estimate of the tuning procedure"
final_v1,structured_engine,100.0,4,2103,525,0.8153246215684209,0.9910684152667899,0.847521968224054,0.11199049999959243,"selection CV for alpha and feature set, not an unbiased estimate of the tuning procedure"
final_v1,structured_model_engine,0.1,0,2102,526,0.9170752401340837,1.2431493166115073,0.7742334896942377,0.21148489999904996,"selection CV for alpha and feature set, not an unbiased estimate of the tuning procedure"
final_v1,structured_model_engine,0.1,1,2102,526,1.007262454497651,1.3873200262031857,0.8730165314866211,0.21081600000070466,"selection CV for alpha and feature set, not an unbiased estimate of the tuning procedure"
final_v1,structured_model_engine,0.1,2,2102,526,0.755371493827897,0.9886025151477765,0.812791817362795,0.24482239999997546,"selection CV for alpha and feature set, not an unbiased estimate of the tuning procedure"
final_v1,structured_model_engine,0.1,3,2103,525,0.9749574320405692,1.2497935275428451,0.7675238957856418,0.21901749999960884,"selection CV for alpha and feature set, not an unbiased estimate of the tuning procedure"
final_v1,structured_model_engine,0.1,4,2103,525,0.7783890665056912,0.9785718942708883,0.8513429595599612,0.2171796999991784,"selection CV for alpha and feature set, not an unbiased estimate of the tuning procedure"
final_v1,structured_model_engine,1.0,0,2102,526,0.9056488539170736,1.2151596999709653,0.7842853478894218,0.2762105999991036,"selection CV for alpha and feature set, not an unbiased estimate of the tuning procedure"
final_v1,structured_model_engine,1.0,1,2102,526,0.8983820176268136,1.2993998334952017,0.8886014627621529,0.21804399999928137,"selection CV for alpha and feature set, not an unbiased estimate of the tuning procedure"
final_v1,structured_model_engine,1.0,2,2102,526,0.735434215716155,0.9645363902303954,0.8217955108695407,0.19566889999987325,"selection CV for alpha and feature set, not an unbiased estimate of the tuning procedure"
final_v1,structured_model_engine,1.0,3,2103,525,0.9272605144363271,1.2080025561202394,0.7828111712403378,0.22483089999877848,"selection CV for alpha and feature set, not an unbiased estimate of the tuning procedure"
final_v1,structured_model_engine,1.0,4,2103,525,0.6931686698704533,0.871978760836751,0.881964724087142,0.20753729999887582,"selection CV for alpha and feature set, not an unbiased estimate of the tuning procedure"
final_v1,structured_model_engine,10.0,0,2102,526,0.8907276879854534,1.187085892176792,0.7941375124299801,0.19467010000153095,"selection CV for alpha and feature set, not an unbiased estimate of the tuning procedure"
final_v1,structured_model_engine,10.0,1,2102,526,0.8268145067480048,1.2893042626814166,0.8903257402773166,0.18899600000077044,"selection CV for alpha and feature set, not an unbiased estimate of the tuning procedure"
final_v1,structured_model_engine,10.0,2,2102,526,0.7120292524348911,0.9205493868207207,0.8376786704311077,0.19664539999939734,"selection CV for alpha and feature set, not an unbiased estimate of the tuning procedure"
final_v1,structured_model_engine,10.0,3,2103,525,0.8420438823615426,1.104804852813439,0.8183343056222099,0.199911499999871,"selection CV for alpha and feature set, not an unbiased estimate of the tuning procedure"
final_v1,structured_model_engine,10.0,4,2103,525,0.707780946374897,0.8714528825771424,0.8821070520217678,0.2054852999990544,"selection CV for alpha and feature set, not an unbiased estimate of the tuning procedure"
final_v1,structured_model_engine,100.0,0,2102,526,0.8930768236458986,1.1746790620333851,0.7984181695213894,0.4166212000000087,"selection CV for alpha and feature set, not an unbiased estimate of the tuning procedure"
final_v1,structured_model_engine,100.0,1,2102,526,0.8549539677211747,1.3597978353764868,0.8780048499178277,0.2700387999993836,"selection CV for alpha and feature set, not an unbiased estimate of the tuning procedure"
final_v1,structured_model_engine,100.0,2,2102,526,0.7603921704186866,0.9596650564956255,0.8235909877866078,0.20198840000011842,"selection CV for alpha and feature set, not an unbiased estimate of the tuning procedure"
final_v1,structured_model_engine,100.0,3,2103,525,0.7220696438633376,0.9624323992818745,0.8621387391670841,0.18726450000031036,"selection CV for alpha and feature set, not an unbiased estimate of the tuning procedure"
final_v1,structured_model_engine,100.0,4,2103,525,0.8120486426268148,0.983775819035875,0.8497576759161867,0.18881130000045232,"selection CV for alpha and feature set, not an unbiased estimate of the tuning procedure"
