model,alpha,cv_mae_mean,cv_mae_std,cv_fit_seconds,cv_role
structured,0.1,0.8110582753157962,0.11725738984718886,0.5157870999973966,"selection CV for alpha and feature set, not an unbiased estimate of the tuning procedure"
structured,1.0,0.8067483800322304,0.10896071543622066,0.36384320000070147,"selection CV for alpha and feature set, not an unbiased estimate of the tuning procedure"
structured,10.0,0.7987926455893799,0.08164969183401645,0.3229726000008668,"selection CV for alpha and feature set, not an unbiased estimate of the tuning procedure"
structured,100.0,0.8168222157640989,0.05548530434998414,0.23152719999961846,"selection CV for alpha and feature set, not an unbiased estimate of the tuning procedure"
structured_model,0.1,0.9025071973987109,0.1057800450073591,0.9185964999996941,"selection CV for alpha and feature set, not an unbiased estimate of the tuning procedure"
structured_model,1.0,0.8467791030933377,0.10421105178485535,0.747330600001078,"selection CV for alpha and feature set, not an unbiased estimate of the tuning procedure"
structured_model,10.0,0.8054874115957915,0.07587811398641298,0.7186079999992216,"selection CV for alpha and feature set, not an unbiased estimate of the tuning procedure"
structured_model,100.0,0.814349296106303,0.05642962685914676,0.691686899997876,"selection CV for alpha and feature set, not an unbiased estimate of the tuning procedure"
structured_engine,0.1,0.8050204245592838,0.1129072016981729,0.6003356999990501,"selection CV for alpha and feature set, not an unbiased estimate of the tuning procedure"
structured_engine,1.0,0.7976651673927921,0.10349592384167423,0.5867381000025489,"selection CV for alpha and feature set, not an unbiased estimate of the tuning procedure"
structured_engine,10.0,0.7887878761249782,0.0849500617576302,0.5737354999982927,"selection CV for alpha and feature set, not an unbiased estimate of the tuning procedure"
structured_engine,100.0,0.809245509354002,0.06212095328794814,0.5395951999998942,"selection CV for alpha and feature set, not an unbiased estimate of the tuning procedure"
structured_model_engine,0.1,0.8866111374011785,0.10220149736974936,1.1033204999985173,"selection CV for alpha and feature set, not an unbiased estimate of the tuning procedure"
structured_model_engine,1.0,0.8319788543133646,0.09747243532647747,1.1222916999959125,"selection CV for alpha and feature set, not an unbiased estimate of the tuning procedure"
structured_model_engine,10.0,0.7958792551809578,0.07331646850839345,0.9857083000006241,"selection CV for alpha and feature set, not an unbiased estimate of the tuning procedure"
structured_model_engine,100.0,0.8085082496551823,0.06181969341271947,1.2647242000002734,"selection CV for alpha and feature set, not an unbiased estimate of the tuning procedure"
